INSERT IGNORE INTO `sys__languages` (`tag`, `name`) VALUES
('af', 'Afrikaans'),
('af-ZA', 'Afrikaans (South Africa)'),
('sq', 'Albanian'),
('sq-AL', 'Albanian (Albania)'),
('ar', 'Arabic'),
('ar-DZ', 'Arabic (Algeria)'),
('ar-BH', 'Arabic (Bahrain)'),
('ar-EG', 'Arabic (Egypt)'),
('ar-IQ', 'Arabic (Iraq)'),
('ar-JO', 'Arabic (Jordan)'),
('ar-KW', 'Arabic (Kuwait)'),
('ar-LB', 'Arabic (Lebanon)'),
('ar-LY', 'Arabic (Libya)'),
('ar-MA', 'Arabic (Morocco)'),
('ar-OM', 'Arabic (Oman)'),
('ar-QA', 'Arabic (Qatar)'),
('ar-SA', 'Arabic (Saudi Arabia)'),
('ar-SY', 'Arabic (Syria)'),
('ar-TN', 'Arabic (Tunisia)'),
('ar-AE', 'Arabic (U.A.E.)'),
('ar-YE', 'Arabic (Yemen)'),
('hy', 'Armenian'),
('hy-AM', 'Armenian (Armenia)'),
('az-Cyrl-AZ', 'Azeri (Cyrillic) (Azerbaijan)'),
('az', 'Azeri (Latin)'),
('az-AZ', 'Azeri (Latin) (Azerbaijan)'),
('eu', 'Basque'),
('eu-ES', 'Basque (Spain)'),
('be', 'Belarusian'),
('be-BY', 'Belarusian (Belarus)'),
('bs-BA', 'Bosnian (Bosnia and Herzegovina)'),
('bg', 'Bulgarian'),
('bg-BG', 'Bulgarian (Bulgaria)'),
('ca', 'Catalan'),
('ca-ES', 'Catalan (Spain)'),
('zh', 'Chinese'),
('zh-HK', 'Chinese (Hong Kong)'),
('zh-MO', 'Chinese (Macau)'),
('zh-CN', 'Chinese (S)'),
('zh-SG', 'Chinese (Singapore)'),
('zh-TW', 'Chinese (T)'),
('hr', 'Croatian'),
('hr-BA', 'Croatian (Bosnia and Herzegovina)'),
('hr-HR', 'Croatian (Croatia)'),
('cs', 'Czech'),
('cs-CZ', 'Czech (Czech Republic)'),
('da', 'Danish'),
('da-DK', 'Danish (Denmark)'),
('dv', 'Divehi'),
('dv-MV', 'Divehi (Maldives)'),
('nl', 'Dutch'),
('nl-BE', 'Dutch (Belgium)'),
('nl-NL', 'Dutch (Netherlands)'),
('en', 'English'),
('en-AU', 'English (Australia)'),
('en-BZ', 'English (Belize)'),
('en-CA', 'English (Canada)'),
('en-CB', 'English (Caribbean)'),
('en-IE', 'English (Ireland)'),
('en-JM', 'English (Jamaica)'),
('en-NZ', 'English (New Zealand)'),
('en-PH', 'English (Republic of the Philippines)'),
('en-ZA', 'English (South Africa)'),
('en-TT', 'English (Trinidad and Tobago)'),
('en-GB', 'English (United Kingdom)'),
('en-US', 'English (United States)'),
('en-ZW', 'English (Zimbabwe)'),
('eo', 'Esperanto'),
('et', 'Estonian'),
('et-EE', 'Estonian (Estonia)'),
('fo', 'Faroese'),
('fo-FO', 'Faroese (Faroe Islands)'),
('fa', 'Farsi'),
('fa-IR', 'Farsi (Iran)'),
('fi', 'Finnish'),
('fi-FI', 'Finnish (Finland)'),
('fr', 'French'),
('fr-BE', 'French (Belgium)'),
('fr-CA', 'French (Canada)'),
('fr-FR', 'French (France)'),
('fr-LU', 'French (Luxembourg)'),
('fr-MC', 'French (Principality of Monaco)'),
('fr-CH', 'French (Switzerland)'),
('mk', 'FYRO Macedonian'),
('mk-MK', 'FYRO Macedonian (Former Yugoslav Republic of Macedonia)'),
('gl', 'Galician'),
('gl-ES', 'Galician (Spain)'),
('ka', 'Georgian'),
('ka-GE', 'Georgian (Georgia)'),
('de', 'German'),
('de-AT', 'German (Austria)'),
('de-DE', 'German (Germany)'),
('de-LI', 'German (Liechtenstein)'),
('de-LU', 'German (Luxembourg)'),
('de-CH', 'German (Switzerland)'),
('el', 'Greek'),
('el-GR', 'Greek (Greece)'),
('gu', 'Gujarati'),
('gu-IN', 'Gujarati (India)'),
('he', 'Hebrew'),
('he-IL', 'Hebrew (Israel)'),
('hi', 'Hindi'),
('hi-IN', 'Hindi (India)'),
('hu', 'Hungarian'),
('hu-HU', 'Hungarian (Hungary)'),
('is', 'Icelandic'),
('is-IS', 'Icelandic (Iceland)'),
('id', 'Indonesian'),
('id-ID', 'Indonesian (Indonesia)'),
('it', 'Italian'),
('it-IT', 'Italian (Italy)'),
('it-CH', 'Italian (Switzerland)'),
('ja', 'Japanese'),
('ja-JP', 'Japanese (Japan)'),
('kn', 'Kannada'),
('kn-IN', 'Kannada (India)'),
('kk', 'Kazakh'),
('kk-KZ', 'Kazakh (Kazakhstan)'),
('kok', 'Konkani'),
('kok-IN', 'Konkani (India)'),
('ko', 'Korean'),
('ko-KR', 'Korean (Korea)'),
('ky', 'Kyrgyz'),
('ky-KG', 'Kyrgyz (Kyrgyzstan)'),
('lv', 'Latvian'),
('lv-LV', 'Latvian (Latvia)'),
('lt', 'Lithuanian'),
('lt-LT', 'Lithuanian (Lithuania)'),
('ms', 'Malay'),
('ms-BN', 'Malay (Brunei Darussalam)'),
('ms-MY', 'Malay (Malaysia)'),
('mt', 'Maltese'),
('mt-MT', 'Maltese (Malta)'),
('mi', 'Maori'),
('mi-NZ', 'Maori (New Zealand)'),
('mr', 'Marathi'),
('mr-IN', 'Marathi (India)'),
('mn', 'Mongolian'),
('mn-MN', 'Mongolian (Mongolia)'),
('ns', 'Northern Sotho'),
('ns-ZA', 'Northern Sotho (South Africa)'),
('nb', 'Norwegian (Bokmål)'),
('nb-NO', 'Norwegian (Bokmål) (Norway)'),
('nn-NO', 'Norwegian (Nynorsk) (Norway)'),
('ps', 'Pashto'),
('ps-AR', 'Pashto (Afghanistan)'),
('pl', 'Polish'),
('pl-PL', 'Polish (Poland)'),
('pt', 'Portuguese'),
('pt-BR', 'Portuguese (Brazil)'),
('pt-PT', 'Portuguese (Portugal)'),
('pa', 'Punjabi'),
('pa-IN', 'Punjabi (India)'),
('qu', 'Quechua'),
('qu-BO', 'Quechua (Bolivia)'),
('qu-EC', 'Quechua (Ecuador)'),
('qu-PE', 'Quechua (Peru)'),
('ro', 'Romanian'),
('ro-RO', 'Romanian (Romania)'),
('ru', 'Russian'),
('ru-RU', 'Russian (Russia)'),
('se', 'Sami'),
('se-FI', 'Sami (Finland)'),
('se-NO', 'Sami (Norway)'),
('se-SE', 'Sami (Sweden)'),
('sa', 'Sanskrit'),
('sa-IN', 'Sanskrit (India)'),
('sr-Cyrl-BA', 'Serbian (Cyrillic) (Bosnia and Herzegovina)'),
('sr-Cyrl-SP', 'Serbian (Cyrillic) (Serbia and Montenegro)'),
('sr-BA', 'Serbian (Latin) (Bosnia and Herzegovina)'),
('sr-SP', 'Serbian (Latin) (Serbia and Montenegro)'),
('sk', 'Slovak'),
('sk-SK', 'Slovak (Slovakia)'),
('sl', 'Slovenian'),
('sl-SI', 'Slovenian (Slovenia)'),
('es', 'Spanish'),
('es-AR', 'Spanish (Argentina)'),
('es-BO', 'Spanish (Bolivia)'),
('es-CL', 'Spanish (Chile)'),
('es-CO', 'Spanish (Colombia)'),
('es-CR', 'Spanish (Costa Rica)'),
('es-DO', 'Spanish (Dominican Republic)'),
('es-EC', 'Spanish (Ecuador)'),
('es-SV', 'Spanish (El Salvador)'),
('es-GT', 'Spanish (Guatemala)'),
('es-HN', 'Spanish (Honduras)'),
('es-MX', 'Spanish (Mexico)'),
('es-NI', 'Spanish (Nicaragua)'),
('es-PA', 'Spanish (Panama)'),
('es-PY', 'Spanish (Paraguay)'),
('es-PE', 'Spanish (Peru)'),
('es-PR', 'Spanish (Puerto Rico)'),
('es-ES', 'Spanish (Spain)'),
('es-UY', 'Spanish (Uruguay)'),
('es-VE', 'Spanish (Venezuela)'),
('sw', 'Swahili'),
('sw-KE', 'Swahili (Kenya)'),
('sv', 'Swedish'),
('sv-FI', 'Swedish (Finland)'),
('sv-SE', 'Swedish (Sweden)'),
('syr', 'Syriac'),
('syr-SY', 'Syriac (Syria)'),
('tl', 'Tagalog'),
('tl-PH', 'Tagalog (Philippines)'),
('ta', 'Tamil'),
('ta-IN', 'Tamil (India)'),
('tt', 'Tatar'),
('tt-RU', 'Tatar (Russia)'),
('te', 'Telugu'),
('te-IN', 'Telugu (India)'),
('th', 'Thai'),
('th-TH', 'Thai (Thailand)'),
('ts', 'Tsonga'),
('tn', 'Tswana'),
('tn-ZA', 'Tswana (South Africa)'),
('tr', 'Turkish'),
('tr-TR', 'Turkish (Turkey)'),
('uk', 'Ukrainian'),
('uk-UA', 'Ukrainian (Ukraine)'),
('ur', 'Urdu'),
('ur-PK', 'Urdu (Islamic Republic of Pakistan)'),
('uz-Cyrl-UZ', 'Uzbek (Cyrillic) (Uzbekistan)'),
('uz', 'Uzbek (Latin)'),
('uz-UZ', 'Uzbek (Latin) (Uzbekistan)'),
('vi', 'Vietnamese'),
('vi-VN', 'Vietnamese (Viet Nam)'),
('cy', 'Welsh'),
('cy-GB', 'Welsh (United Kingdom)'),
('xh', 'Xhosa'),
('xh-ZA', 'Xhosa (South Africa)'),
('zu', 'Zulu'),
('zu-ZA', 'Zulu (South Africa)');

INSERT IGNORE INTO `sys__log_types` (`typeid`, `name`) VALUES
(11, 'Avatar'),
(3, 'Ban'),
(5, 'BIC Tracker'),
(4, 'CSRF'),
(9, 'Email'),
(8, 'Failed login'),
(10, 'File upload'),
(1, 'Login'),
(2, 'Logout'),
(7, 'Password change'),
(6, 'User details change'),
(12, 'User removal');

INSERT IGNORE INTO `sys__settings` (`setting`, `value`, `description`) VALUES
('maintenance', '0', 'Sets the site under maintenance if set to 1, forcing to show appropriate error messages.'),
('ogdesc', 'Website of Simbiat Software providing services like Final Fantasy XIV Free Company Tracker and BIC Library.', 'General description of the website for meta-tags'),
('registration', '1', 'Flag determining whether registration of new users is open or not.'),
('site_name', 'Simbiat Software', 'General name of the website for \"title\" and meta-tags');

INSERT IGNORE INTO `talks__alt_link_types` (`type`, `icon`) VALUES
('Facebook', '/img/social/facebook.svg'),
('IMDB', '/img/social/imdb.svg'),
('Instagram', '/img/social/instagram.svg'),
('Kitsu', '/img/social/kitsu.svg'),
('LinkedIn', '/img/social/linkedin.svg'),
('Proza', '/img/icons/proza.svg'),
('Steam', '/img/social/steam.svg'),
('Stihi', '/img/icons/stihi.svg'),
('VK', '/img/social/VK.svg'),
('YouTube', '/img/social/youtube.svg');

INSERT IGNORE INTO `talks__types` (`typeid`, `type`, `description`, `icon`) VALUES
(1, 'Category', 'Section that is used only for grouping', '/img/talks/category.svg'),
(2, 'Blog', 'Threads created in this section will be styled as blogs', '/img/talks/blog.svg'),
(3, 'Forum', 'Threads created in this section will be styled as forum', '/img/talks/forum.svg'),
(4, 'Changelog', 'Threads created in this section will have functionality for changelog styling', '/img/talks/changelog.svg'),
(5, 'Support', 'Threads in this section are by default limited for access to creator and support group(s)', '/img/talks/support.svg'),
(6, 'Knowledgebase', 'Threads in this section are meant as knowledge-shares or FAQs', '/img/talks/knowledgebase.svg');

INSERT IGNORE INTO `uc__users` (`userid`, `username`, `phone`, `password`, `strikes`, `pw_reset`, `api_key`, `ff_token`, `registered`, `updated`, `parentid`, `birthday`, `firstname`, `lastname`, `middlename`, `fathername`, `prefix`, `suffix`, `sex`, `about`, `timezone`, `country`, `city`, `website`) VALUES
(1, 'Unknown user', NULL, 'Unknown user', 0, NULL, NULL, 'Unknown user', '2022-11-17 09:52:13', '2022-11-17 09:52:13', NULL, NULL, NULL, NULL, NULL, NULL, NULL, NULL, NULL, NULL, 'UTC', NULL, NULL, NULL),
(2, 'System user', NULL, 'System user', 0, NULL, NULL, 'System user', '2022-11-17 09:52:13', '2022-11-17 09:52:13', NULL, NULL, NULL, NULL, NULL, NULL, NULL, NULL, NULL, NULL, 'UTC', NULL, NULL, NULL),
(3, 'Deleted user', NULL, 'Deleted user', 0, NULL, NULL, 'Deleted user', '2022-11-01 16:06:40', '2022-11-17 09:53:13', NULL, NULL, NULL, NULL, NULL, NULL, NULL, NULL, NULL, NULL, 'UTC', NULL, NULL, NULL);

INSERT IGNORE INTO `talks__sections` (`sectionid`, `name`, `description`, `parentid`, `sequence`, `type`, `system`, `closed`, `private`, `created`, `createdby`, `updated`, `updatedby`, `icon`) VALUES
(1, 'Blogs', 'Default section to store all blog-like content', NULL, 5, 1, 1, NULL, 0, '2022-05-22 12:03:08', 2, '2022-05-22 12:03:08', 2, NULL),
(2, 'Forums', 'Default section to store all forum-like content', NULL, 4, 1, 1, NULL, 0, '2022-10-31 08:17:03', 2, '2022-10-31 08:17:03', 2, NULL),
(3, 'Changelogs', 'Default section to store changelogs', NULL, 3, 1, 1, NULL, 0, '2022-10-31 08:17:03', 2, '2022-10-31 08:17:03', 2, NULL),
(4, 'Knowledgebases', 'Default section to store knowledgebases and FAQs', NULL, 2, 1, 1, NULL, 0, '2022-10-31 08:17:03', 2, '2022-10-31 08:17:03', 2, NULL),
(5, 'Support', 'Default section for support tickets', NULL, 1, 1, 1, NULL, 0, '2022-10-31 08:17:03', 2, '2022-10-31 08:17:03', 2, NULL),
(6, 'Simbiat', NULL, 1, 0, 2, 1, NULL, 0, '2022-05-22 12:03:08', 2, '2022-11-19 17:11:14', 2, '/img/logo.svg'),
(7, 'simbiat.dev', 'Changelog of this very website', 3, 0, 4, 1, NULL, 0, '2022-11-04 07:36:43', 2, '2022-11-04 07:36:43', 2, '/img/logo.svg');

INSERT IGNORE INTO `sys__files` (`fileid`, `userid`, `name`, `extension`, `mime`, `size`, `added`) VALUES
('5bfa21b6a3e13858511c752ee1af7f219ca60e2d374ff859a4c835062d5ae3f28f52f2765888523273cb1ffe0f9bdee2a40b9724aed775d8304d88596849005a', 2, 'unknown.svg', 'svg', 'image/svg+xml', 6686, '2022-11-30 07:38:11'),
('6ede2e8d189ae608c2ce925f8f61f7679b1126a311cf1031ec56ed56742319dccee84b54b879b32b10ed6f73b2a5cb50c07200b00843f6ef40dd0340dce13c74', 2, 'deleted.svg', 'svg', 'image/svg+xml', 3429, '2022-11-30 07:37:56'),
('729405e93e9a0b29d0179e07912f7daba0b3bd191c1817640d9a1be4425353363778eb37f462e0d9b277d002e097e6c6937aff80dd5523722e294529d3cd338d', 2, 'robot.svg', 'svg', 'image/svg+xml', 7491, '2022-11-30 07:38:03');

INSERT IGNORE INTO `uc__avatars` (`userid`, `fileid`, `current`) VALUES
(1, '5bfa21b6a3e13858511c752ee1af7f219ca60e2d374ff859a4c835062d5ae3f28f52f2765888523273cb1ffe0f9bdee2a40b9724aed775d8304d88596849005a', 1),
(2, '729405e93e9a0b29d0179e07912f7daba0b3bd191c1817640d9a1be4425353363778eb37f462e0d9b277d002e097e6c6937aff80dd5523722e294529d3cd338d', 1),
(3, '6ede2e8d189ae608c2ce925f8f61f7679b1126a311cf1031ec56ed56742319dccee84b54b879b32b10ed6f73b2a5cb50c07200b00843f6ef40dd0340dce13c74', 1);

INSERT IGNORE INTO `uc__groups` (`groupid`, `groupname`, `description`) VALUES
(0, 'Bots', 'Group specifically for users, that were identified bots, as well internal system users'),
(1, 'Administrators ', 'Group for administrators, which provides some extra permissions'),
(2, 'Unverified', 'Group for newly registered users, before they confirm their email'),
(3, 'Users', 'Group for regular users'),
(4, 'Deleted', 'Group for \"soft deleted\" users'),
(5, 'Banned', 'Group for banned users'),
(6, 'Linked to FF', 'Group for users, who linked their profiles to any FFXIV characters');

INSERT IGNORE INTO `uc__permissions` (`permission`, `description`) VALUES
('addSections', 'Can create new sections'),
('canLike', 'Can like posts'),
('canLogin', 'Can login to the website'),
('canPost', 'Can create posts'),
('closeOthersThreads', 'Can close threads created by others'),
('closeOwnThreads', 'Can close own threads'),
('editLocked', 'Can edit locked posts'),
('editOthersPosts', 'Can edit posts created by others'),
('editOthersThreads', 'Can edit threads created by others'),
('editOwnPosts', 'Can edit own posts'),
('editOwnThreads', 'Can edit own posts'),
('editSections', 'Can edit sections'),
('linkFF', 'Can link Final Fantasy XIV characters'),
('markPrivate', 'Can (un)mark threads as private'),
('postFF', 'Can post on pages of FF entities'),
('postPrivate', 'Can create private threads (besides support)'),
('postScheduled', 'Can create scheduled threads'),
('premoderate', 'Threads created need pre-moderation'),
('refreshAllFF', 'Can force update of all FF entities'),
('refreshOwnedFF', 'Can force update of owned FF entities'),
('removePosts', 'Can remove posts'),
('removeSections', 'Can delete sections'),
('removeThreads', 'Can remove threads'),
('viewBic', 'Can view BIC tracker pages'),
('viewFF', 'Can view FF Tracker pages'),
('viewPosts', 'Can view regular posts'),
('viewPostsHistory', 'Can view historical versions of posts\' text'),
('viewPrivate', 'Can view private posts created by others'),
('viewScheduled', 'Can view scheduled posts');

INSERT IGNORE INTO `uc__group_to_permission` (`groupid`, `permission`) VALUES
(0, 'viewBic'),
(0, 'viewFF'),
(0, 'viewPosts'),
(1, 'addSections'),
(1, 'canLike'),
(1, 'canLogin'),
(1, 'canPost'),
(1, 'closeOthersThreads'),
(1, 'closeOwnThreads'),
(1, 'editLocked'),
(1, 'editOthersPosts'),
(1, 'editOthersThreads'),
(1, 'editOwnPosts'),
(1, 'editOwnThreads'),
(1, 'editSections'),
(1, 'linkFF'),
(1, 'markPrivate'),
(1, 'postFF'),
(1, 'postPrivate'),
(1, 'postScheduled'),
(1, 'refreshAllFF'),
(1, 'removePosts'),
(1, 'removeSections'),
(1, 'viewBic'),
(1, 'viewFF'),
(1, 'viewPosts'),
(1, 'viewPostsHistory'),
(1, 'viewPrivate'),
(1, 'viewScheduled'),
(2, 'canLogin'),
(2, 'viewBic'),
(2, 'viewFF'),
(2, 'viewPosts'),
(3, 'canLike'),
(3, 'canLogin'),
(3, 'canPost'),
(3, 'closeOwnThreads'),
(3, 'editOwnPosts'),
(3, 'editOwnThreads'),
(3, 'linkFF'),
(3, 'viewBic'),
(3, 'viewFF'),
(3, 'viewPosts'),
(4, 'viewBic'),
(4, 'viewFF'),
(4, 'viewPosts'),
(5, 'canLogin'),
(6, 'postFF'),
(6, 'refreshOwnedFF');

INSERT IGNORE INTO `uc__user_to_group` (`userid`, `groupid`) VALUES
(1, 0),
(2, 0),
(3, 0);

INSERT IGNORE INTO `uc__user_to_permission` (`userid`, `permission`) VALUES
(1, 'viewBic'),
(1, 'viewFF'),
(1, 'viewPosts');
