USE `simbiatr_simbiat`;
/*Initial static data for FFTracker*/
INSERT IGNORE INTO `ffxiv__city` (`city_id`, `city`, `region`) VALUES
(1, 'Garlemald', 'The Garlean Empire'),
(2, 'Gridania', 'The Black Shroud'),
(3, 'Ishgard', 'Coerthas'),
(4, 'Limsa Lominsa', 'Vylbrand'),
(5, 'Ul\'dah', 'Thanalan'),
(6, 'Ala Mhigo', 'Gyr Abania'),
(7, 'Kugane', 'Hingashi'),
(8, 'Eulmore', 'Norvrandt'),
(9, 'Doma', 'Yanxia'),
(10, 'The Crystarium', 'Norvrandt'),
(11, 'Bozja', 'Ilsabard');

INSERT IGNORE INTO `ffxiv__clan` (`clan_id`, `clan`, `race`, `race_id`) VALUES
(1, 'Midlander', 'Hyur', 1),
(2, 'Highlander', 'Hyur', 1),
(3, 'Wildwood', 'Elezen', 2),
(4, 'Duskwight', 'Elezen', 2),
(5, 'Plainsfolk', 'Lalafell', 3),
(6, 'Dunesfolk', 'Lalafell', 3),
(7, 'Seeker of the Sun', 'Miqo\'te', 4),
(8, 'Keeper of the Moon', 'Miqo\'te', 4),
(9, 'Sea Wolf', 'Roegadyn', 5),
(10, 'Hellsguard', 'Roegadyn', 5),
(11, 'Raen', 'Au Ra', 6),
(12, 'Xaela', 'Au Ra', 6),
(13, 'Helions', 'Hrothgar', 7),
(14, 'The Lost', 'Hrothgar', 7),
(15, 'Rava', 'Viera', 8),
(16, 'Veena', 'Viera', 8);

INSERT IGNORE INTO `ffxiv__count_filter` (`count_id`, `value`) VALUES
(1, '1-10'),
(2, '11-30'),
(3, '31-50'),
(4, '51-');

INSERT IGNORE INTO `ffxiv__estate` (`estate_id`, `city_id`, `area`, `ward`, `plot`, `size`) VALUES
(1, 4, 'Mist', 1, 1, 2),
(2, 4, 'Mist', 1, 2, 3),
(3, 4, 'Mist', 1, 3, 1),
(4, 4, 'Mist', 1, 4, 2),
(5, 4, 'Mist', 1, 5, 3),
(6, 4, 'Mist', 1, 6, 2),
(7, 4, 'Mist', 1, 7, 2),
(8, 4, 'Mist', 1, 8, 1),
(9, 4, 'Mist', 1, 9, 1),
(10, 4, 'Mist', 1, 10, 1),
(11, 4, 'Mist', 1, 11, 1),
(12, 4, 'Mist', 1, 12, 1),
(13, 4, 'Mist', 1, 13, 1),
(14, 4, 'Mist', 1, 14, 2),
(15, 4, 'Mist', 1, 15, 3),
(16, 4, 'Mist', 1, 16, 1),
(17, 4, 'Mist', 1, 17, 1),
(18, 4, 'Mist', 1, 18, 1),
(19, 4, 'Mist', 1, 19, 1),
(20, 4, 'Mist', 1, 20, 1),
(21, 4, 'Mist', 1, 21, 1),
(22, 4, 'Mist', 1, 22, 1),
(23, 4, 'Mist', 1, 23, 1),
(24, 4, 'Mist', 1, 24, 1),
(25, 4, 'Mist', 1, 25, 1),
(26, 4, 'Mist', 1, 26, 1),
(27, 4, 'Mist', 1, 27, 1),
(28, 4, 'Mist', 1, 28, 1),
(29, 4, 'Mist', 1, 29, 2),
(30, 4, 'Mist', 1, 30, 2),
(31, 4, 'Mist', 1, 31, 2),
(32, 4, 'Mist', 1, 32, 3),
(33, 4, 'Mist', 1, 33, 1),
(34, 4, 'Mist', 1, 34, 2),
(35, 4, 'Mist', 1, 35, 3),
(36, 4, 'Mist', 1, 36, 2),
(37, 4, 'Mist', 1, 37, 2),
(38, 4, 'Mist', 1, 38, 1),
(39, 4, 'Mist', 1, 39, 1),
(40, 4, 'Mist', 1, 40, 1),
(41, 4, 'Mist', 1, 41, 1),
(42, 4, 'Mist', 1, 42, 1),
(43, 4, 'Mist', 1, 43, 1),
(44, 4, 'Mist', 1, 44, 2),
(45, 4, 'Mist', 1, 45, 3),
(46, 4, 'Mist', 1, 46, 1),
(47, 4, 'Mist', 1, 47, 1),
(48, 4, 'Mist', 1, 48, 1),
(49, 4, 'Mist', 1, 49, 1),
(50, 4, 'Mist', 1, 50, 1),
(51, 4, 'Mist', 1, 51, 1),
(52, 4, 'Mist', 1, 52, 1),
(53, 4, 'Mist', 1, 53, 1),
(54, 4, 'Mist', 1, 54, 1),
(55, 4, 'Mist', 1, 55, 1),
(56, 4, 'Mist', 1, 56, 1),
(57, 4, 'Mist', 1, 57, 1),
(58, 4, 'Mist', 1, 58, 1),
(59, 4, 'Mist', 1, 59, 2),
(60, 4, 'Mist', 1, 60, 2),
(61, 7, 'Shirogane', 1, 1, 2),
(62, 7, 'Shirogane', 1, 2, 1),
(63, 7, 'Shirogane', 1, 3, 1),
(64, 7, 'Shirogane', 1, 4, 1),
(65, 7, 'Shirogane', 1, 5, 1),
(66, 7, 'Shirogane', 1, 6, 1),
(67, 7, 'Shirogane', 1, 7, 3),
(68, 7, 'Shirogane', 1, 8, 2),
(69, 7, 'Shirogane', 1, 9, 1),
(70, 7, 'Shirogane', 1, 10, 1),
(71, 7, 'Shirogane', 1, 11, 1),
(72, 7, 'Shirogane', 1, 12, 1),
(73, 7, 'Shirogane', 1, 13, 2),
(74, 7, 'Shirogane', 1, 14, 1),
(75, 7, 'Shirogane', 1, 15, 2),
(76, 7, 'Shirogane', 1, 16, 3),
(77, 7, 'Shirogane', 1, 17, 1),
(78, 7, 'Shirogane', 1, 18, 1),
(79, 7, 'Shirogane', 1, 19, 2),
(80, 7, 'Shirogane', 1, 20, 1),
(81, 7, 'Shirogane', 1, 21, 1),
(82, 7, 'Shirogane', 1, 22, 1),
(83, 7, 'Shirogane', 1, 23, 1),
(84, 7, 'Shirogane', 1, 24, 2),
(85, 7, 'Shirogane', 1, 25, 1),
(86, 7, 'Shirogane', 1, 26, 1),
(87, 7, 'Shirogane', 1, 27, 1),
(88, 7, 'Shirogane', 1, 28, 2),
(89, 7, 'Shirogane', 1, 29, 1),
(90, 7, 'Shirogane', 1, 30, 3),
(91, 7, 'Shirogane', 1, 31, 2),
(92, 7, 'Shirogane', 1, 32, 1),
(93, 7, 'Shirogane', 1, 33, 1),
(94, 7, 'Shirogane', 1, 34, 1),
(95, 7, 'Shirogane', 1, 35, 1),
(96, 7, 'Shirogane', 1, 36, 1),
(97, 7, 'Shirogane', 1, 37, 3),
(98, 7, 'Shirogane', 1, 38, 2),
(99, 7, 'Shirogane', 1, 39, 1),
(100, 7, 'Shirogane', 1, 40, 1),
(101, 7, 'Shirogane', 1, 41, 1),
(102, 7, 'Shirogane', 1, 42, 1),
(103, 7, 'Shirogane', 1, 43, 2),
(104, 7, 'Shirogane', 1, 44, 1),
(105, 7, 'Shirogane', 1, 45, 2),
(106, 7, 'Shirogane', 1, 46, 3),
(107, 7, 'Shirogane', 1, 47, 1),
(108, 7, 'Shirogane', 1, 48, 1),
(109, 7, 'Shirogane', 1, 49, 2),
(110, 7, 'Shirogane', 1, 50, 1),
(111, 7, 'Shirogane', 1, 51, 1),
(112, 7, 'Shirogane', 1, 52, 1),
(113, 7, 'Shirogane', 1, 53, 1),
(114, 7, 'Shirogane', 1, 54, 2),
(115, 7, 'Shirogane', 1, 55, 1),
(116, 7, 'Shirogane', 1, 56, 1),
(117, 7, 'Shirogane', 1, 57, 1),
(118, 7, 'Shirogane', 1, 58, 2),
(119, 7, 'Shirogane', 1, 59, 1),
(120, 7, 'Shirogane', 1, 60, 3),
(121, 5, 'The Goblet', 1, 1, 1),
(122, 5, 'The Goblet', 1, 2, 1),
(123, 5, 'The Goblet', 1, 3, 1),
(124, 5, 'The Goblet', 1, 4, 2),
(125, 5, 'The Goblet', 1, 5, 3),
(126, 5, 'The Goblet', 1, 6, 2),
(127, 5, 'The Goblet', 1, 7, 1),
(128, 5, 'The Goblet', 1, 8, 2),
(129, 5, 'The Goblet', 1, 9, 1),
(130, 5, 'The Goblet', 1, 10, 1),
(131, 5, 'The Goblet', 1, 11, 2),
(132, 5, 'The Goblet', 1, 12, 2),
(133, 5, 'The Goblet', 1, 13, 3),
(134, 5, 'The Goblet', 1, 14, 1),
(135, 5, 'The Goblet', 1, 15, 1),
(136, 5, 'The Goblet', 1, 16, 1),
(137, 5, 'The Goblet', 1, 17, 1),
(138, 5, 'The Goblet', 1, 18, 1),
(139, 5, 'The Goblet', 1, 19, 2),
(140, 5, 'The Goblet', 1, 20, 1),
(141, 5, 'The Goblet', 1, 21, 1),
(142, 5, 'The Goblet', 1, 22, 1),
(143, 5, 'The Goblet', 1, 23, 1),
(144, 5, 'The Goblet', 1, 24, 1),
(145, 5, 'The Goblet', 1, 25, 2),
(146, 5, 'The Goblet', 1, 26, 1),
(147, 5, 'The Goblet', 1, 27, 1),
(148, 5, 'The Goblet', 1, 28, 1),
(149, 5, 'The Goblet', 1, 29, 1),
(150, 5, 'The Goblet', 1, 30, 3),
(151, 5, 'The Goblet', 1, 31, 1),
(152, 5, 'The Goblet', 1, 32, 1),
(153, 5, 'The Goblet', 1, 33, 1),
(154, 5, 'The Goblet', 1, 34, 2),
(155, 5, 'The Goblet', 1, 35, 3),
(156, 5, 'The Goblet', 1, 36, 2),
(157, 5, 'The Goblet', 1, 37, 1),
(158, 5, 'The Goblet', 1, 38, 2),
(159, 5, 'The Goblet', 1, 39, 1),
(160, 5, 'The Goblet', 1, 40, 1),
(161, 5, 'The Goblet', 1, 41, 2),
(162, 5, 'The Goblet', 1, 42, 2),
(163, 5, 'The Goblet', 1, 43, 3),
(164, 5, 'The Goblet', 1, 44, 1),
(165, 5, 'The Goblet', 1, 45, 1),
(166, 5, 'The Goblet', 1, 46, 1),
(167, 5, 'The Goblet', 1, 47, 1),
(168, 5, 'The Goblet', 1, 48, 1),
(169, 5, 'The Goblet', 1, 49, 2),
(170, 5, 'The Goblet', 1, 50, 1),
(171, 5, 'The Goblet', 1, 51, 1),
(172, 5, 'The Goblet', 1, 52, 1),
(173, 5, 'The Goblet', 1, 53, 1),
(174, 5, 'The Goblet', 1, 54, 1),
(175, 5, 'The Goblet', 1, 55, 2),
(176, 5, 'The Goblet', 1, 56, 1),
(177, 5, 'The Goblet', 1, 57, 1),
(178, 5, 'The Goblet', 1, 58, 1),
(179, 5, 'The Goblet', 1, 59, 1),
(180, 5, 'The Goblet', 1, 60, 3),
(181, 2, 'The Lavender Beds', 1, 1, 2),
(182, 2, 'The Lavender Beds', 1, 2, 1),
(183, 2, 'The Lavender Beds', 1, 3, 3),
(184, 2, 'The Lavender Beds', 1, 4, 1),
(185, 2, 'The Lavender Beds', 1, 5, 2),
(186, 2, 'The Lavender Beds', 1, 6, 3),
(187, 2, 'The Lavender Beds', 1, 7, 1),
(188, 2, 'The Lavender Beds', 1, 8, 1),
(189, 2, 'The Lavender Beds', 1, 9, 1),
(190, 2, 'The Lavender Beds', 1, 10, 1),
(191, 2, 'The Lavender Beds', 1, 11, 2),
(192, 2, 'The Lavender Beds', 1, 12, 1),
(193, 2, 'The Lavender Beds', 1, 13, 1),
(194, 2, 'The Lavender Beds', 1, 14, 1),
(195, 2, 'The Lavender Beds', 1, 15, 1),
(196, 2, 'The Lavender Beds', 1, 16, 2),
(197, 2, 'The Lavender Beds', 1, 17, 1),
(198, 2, 'The Lavender Beds', 1, 18, 1),
(199, 2, 'The Lavender Beds', 1, 19, 1),
(200, 2, 'The Lavender Beds', 1, 20, 1),
(201, 2, 'The Lavender Beds', 1, 21, 2),
(202, 2, 'The Lavender Beds', 1, 22, 1),
(203, 2, 'The Lavender Beds', 1, 23, 1),
(204, 2, 'The Lavender Beds', 1, 24, 1),
(205, 2, 'The Lavender Beds', 1, 25, 1),
(206, 2, 'The Lavender Beds', 1, 26, 1),
(207, 2, 'The Lavender Beds', 1, 27, 2),
(208, 2, 'The Lavender Beds', 1, 28, 3),
(209, 2, 'The Lavender Beds', 1, 29, 1),
(210, 2, 'The Lavender Beds', 1, 30, 2),
(211, 2, 'The Lavender Beds', 1, 31, 2),
(212, 2, 'The Lavender Beds', 1, 32, 1),
(213, 2, 'The Lavender Beds', 1, 33, 3),
(214, 2, 'The Lavender Beds', 1, 34, 1),
(215, 2, 'The Lavender Beds', 1, 35, 2),
(216, 2, 'The Lavender Beds', 1, 36, 3),
(217, 2, 'The Lavender Beds', 1, 37, 1),
(218, 2, 'The Lavender Beds', 1, 38, 1),
(219, 2, 'The Lavender Beds', 1, 39, 1),
(220, 2, 'The Lavender Beds', 1, 40, 1),
(221, 2, 'The Lavender Beds', 1, 41, 2),
(222, 2, 'The Lavender Beds', 1, 42, 1),
(223, 2, 'The Lavender Beds', 1, 43, 1),
(224, 2, 'The Lavender Beds', 1, 44, 1),
(225, 2, 'The Lavender Beds', 1, 45, 1),
(226, 2, 'The Lavender Beds', 1, 46, 2),
(227, 2, 'The Lavender Beds', 1, 47, 1),
(228, 2, 'The Lavender Beds', 1, 48, 1),
(229, 2, 'The Lavender Beds', 1, 49, 1),
(230, 2, 'The Lavender Beds', 1, 50, 1),
(231, 2, 'The Lavender Beds', 1, 51, 2),
(232, 2, 'The Lavender Beds', 1, 52, 1),
(233, 2, 'The Lavender Beds', 1, 53, 1),
(234, 2, 'The Lavender Beds', 1, 54, 1),
(235, 2, 'The Lavender Beds', 1, 55, 1),
(236, 2, 'The Lavender Beds', 1, 56, 1),
(237, 2, 'The Lavender Beds', 1, 57, 2),
(238, 2, 'The Lavender Beds', 1, 58, 3),
(239, 2, 'The Lavender Beds', 1, 59, 1),
(240, 2, 'The Lavender Beds', 1, 60, 2),
(241, 4, 'Mist', 2, 1, 2),
(242, 4, 'Mist', 2, 2, 3),
(243, 4, 'Mist', 2, 3, 1),
(244, 4, 'Mist', 2, 4, 2),
(245, 4, 'Mist', 2, 5, 3),
(246, 4, 'Mist', 2, 6, 2),
(247, 4, 'Mist', 2, 7, 2),
(248, 4, 'Mist', 2, 8, 1),
(249, 4, 'Mist', 2, 9, 1),
(250, 4, 'Mist', 2, 10, 1),
(251, 4, 'Mist', 2, 11, 1),
(252, 4, 'Mist', 2, 12, 1),
(253, 4, 'Mist', 2, 13, 1),
(254, 4, 'Mist', 2, 14, 2),
(255, 4, 'Mist', 2, 15, 3),
(256, 4, 'Mist', 2, 16, 1),
(257, 4, 'Mist', 2, 17, 1),
(258, 4, 'Mist', 2, 18, 1),
(259, 4, 'Mist', 2, 19, 1),
(260, 4, 'Mist', 2, 20, 1),
(261, 4, 'Mist', 2, 21, 1),
(262, 4, 'Mist', 2, 22, 1),
(263, 4, 'Mist', 2, 23, 1),
(264, 4, 'Mist', 2, 24, 1),
(265, 4, 'Mist', 2, 25, 1),
(266, 4, 'Mist', 2, 26, 1),
(267, 4, 'Mist', 2, 27, 1),
(268, 4, 'Mist', 2, 28, 1),
(269, 4, 'Mist', 2, 29, 2),
(270, 4, 'Mist', 2, 30, 2),
(271, 4, 'Mist', 2, 31, 2),
(272, 4, 'Mist', 2, 32, 3),
(273, 4, 'Mist', 2, 33, 1),
(274, 4, 'Mist', 2, 34, 2),
(275, 4, 'Mist', 2, 35, 3),
(276, 4, 'Mist', 2, 36, 2),
(277, 4, 'Mist', 2, 37, 2),
(278, 4, 'Mist', 2, 38, 1),
(279, 4, 'Mist', 2, 39, 1),
(280, 4, 'Mist', 2, 40, 1),
(281, 4, 'Mist', 2, 41, 1),
(282, 4, 'Mist', 2, 42, 1),
(283, 4, 'Mist', 2, 43, 1),
(284, 4, 'Mist', 2, 44, 2),
(285, 4, 'Mist', 2, 45, 3),
(286, 4, 'Mist', 2, 46, 1),
(287, 4, 'Mist', 2, 47, 1),
(288, 4, 'Mist', 2, 48, 1),
(289, 4, 'Mist', 2, 49, 1),
(290, 4, 'Mist', 2, 50, 1),
(291, 4, 'Mist', 2, 51, 1),
(292, 4, 'Mist', 2, 52, 1),
(293, 4, 'Mist', 2, 53, 1),
(294, 4, 'Mist', 2, 54, 1),
(295, 4, 'Mist', 2, 55, 1),
(296, 4, 'Mist', 2, 56, 1),
(297, 4, 'Mist', 2, 57, 1),
(298, 4, 'Mist', 2, 58, 1),
(299, 4, 'Mist', 2, 59, 2),
(300, 4, 'Mist', 2, 60, 2),
(301, 7, 'Shirogane', 2, 1, 2),
(302, 7, 'Shirogane', 2, 2, 1),
(303, 7, 'Shirogane', 2, 3, 1),
(304, 7, 'Shirogane', 2, 4, 1),
(305, 7, 'Shirogane', 2, 5, 1),
(306, 7, 'Shirogane', 2, 6, 1),
(307, 7, 'Shirogane', 2, 7, 3),
(308, 7, 'Shirogane', 2, 8, 2),
(309, 7, 'Shirogane', 2, 9, 1),
(310, 7, 'Shirogane', 2, 10, 1),
(311, 7, 'Shirogane', 2, 11, 1),
(312, 7, 'Shirogane', 2, 12, 1),
(313, 7, 'Shirogane', 2, 13, 2),
(314, 7, 'Shirogane', 2, 14, 1),
(315, 7, 'Shirogane', 2, 15, 2),
(316, 7, 'Shirogane', 2, 16, 3),
(317, 7, 'Shirogane', 2, 17, 1),
(318, 7, 'Shirogane', 2, 18, 1),
(319, 7, 'Shirogane', 2, 19, 2),
(320, 7, 'Shirogane', 2, 20, 1),
(321, 7, 'Shirogane', 2, 21, 1),
(322, 7, 'Shirogane', 2, 22, 1),
(323, 7, 'Shirogane', 2, 23, 1),
(324, 7, 'Shirogane', 2, 24, 2),
(325, 7, 'Shirogane', 2, 25, 1),
(326, 7, 'Shirogane', 2, 26, 1),
(327, 7, 'Shirogane', 2, 27, 1),
(328, 7, 'Shirogane', 2, 28, 2),
(329, 7, 'Shirogane', 2, 29, 1),
(330, 7, 'Shirogane', 2, 30, 3),
(331, 7, 'Shirogane', 2, 31, 2),
(332, 7, 'Shirogane', 2, 32, 1),
(333, 7, 'Shirogane', 2, 33, 1),
(334, 7, 'Shirogane', 2, 34, 1),
(335, 7, 'Shirogane', 2, 35, 1),
(336, 7, 'Shirogane', 2, 36, 1),
(337, 7, 'Shirogane', 2, 37, 3),
(338, 7, 'Shirogane', 2, 38, 2),
(339, 7, 'Shirogane', 2, 39, 1),
(340, 7, 'Shirogane', 2, 40, 1),
(341, 7, 'Shirogane', 2, 41, 1),
(342, 7, 'Shirogane', 2, 42, 1),
(343, 7, 'Shirogane', 2, 43, 2),
(344, 7, 'Shirogane', 2, 44, 1),
(345, 7, 'Shirogane', 2, 45, 2),
(346, 7, 'Shirogane', 2, 46, 3),
(347, 7, 'Shirogane', 2, 47, 1),
(348, 7, 'Shirogane', 2, 48, 1),
(349, 7, 'Shirogane', 2, 49, 2),
(350, 7, 'Shirogane', 2, 50, 1),
(351, 7, 'Shirogane', 2, 51, 1),
(352, 7, 'Shirogane', 2, 52, 1),
(353, 7, 'Shirogane', 2, 53, 1),
(354, 7, 'Shirogane', 2, 54, 2),
(355, 7, 'Shirogane', 2, 55, 1),
(356, 7, 'Shirogane', 2, 56, 1),
(357, 7, 'Shirogane', 2, 57, 1),
(358, 7, 'Shirogane', 2, 58, 2),
(359, 7, 'Shirogane', 2, 59, 1),
(360, 7, 'Shirogane', 2, 60, 3),
(361, 5, 'The Goblet', 2, 1, 1),
(362, 5, 'The Goblet', 2, 2, 1),
(363, 5, 'The Goblet', 2, 3, 1),
(364, 5, 'The Goblet', 2, 4, 2),
(365, 5, 'The Goblet', 2, 5, 3),
(366, 5, 'The Goblet', 2, 6, 2),
(367, 5, 'The Goblet', 2, 7, 1),
(368, 5, 'The Goblet', 2, 8, 2),
(369, 5, 'The Goblet', 2, 9, 1),
(370, 5, 'The Goblet', 2, 10, 1),
(371, 5, 'The Goblet', 2, 11, 2),
(372, 5, 'The Goblet', 2, 12, 2),
(373, 5, 'The Goblet', 2, 13, 3),
(374, 5, 'The Goblet', 2, 14, 1),
(375, 5, 'The Goblet', 2, 15, 1),
(376, 5, 'The Goblet', 2, 16, 1),
(377, 5, 'The Goblet', 2, 17, 1),
(378, 5, 'The Goblet', 2, 18, 1),
(379, 5, 'The Goblet', 2, 19, 2),
(380, 5, 'The Goblet', 2, 20, 1),
(381, 5, 'The Goblet', 2, 21, 1),
(382, 5, 'The Goblet', 2, 22, 1),
(383, 5, 'The Goblet', 2, 23, 1),
(384, 5, 'The Goblet', 2, 24, 1),
(385, 5, 'The Goblet', 2, 25, 2),
(386, 5, 'The Goblet', 2, 26, 1),
(387, 5, 'The Goblet', 2, 27, 1),
(388, 5, 'The Goblet', 2, 28, 1),
(389, 5, 'The Goblet', 2, 29, 1),
(390, 5, 'The Goblet', 2, 30, 3),
(391, 5, 'The Goblet', 2, 31, 1),
(392, 5, 'The Goblet', 2, 32, 1),
(393, 5, 'The Goblet', 2, 33, 1),
(394, 5, 'The Goblet', 2, 34, 2),
(395, 5, 'The Goblet', 2, 35, 3),
(396, 5, 'The Goblet', 2, 36, 2),
(397, 5, 'The Goblet', 2, 37, 1),
(398, 5, 'The Goblet', 2, 38, 2),
(399, 5, 'The Goblet', 2, 39, 1),
(400, 5, 'The Goblet', 2, 40, 1),
(401, 5, 'The Goblet', 2, 41, 2),
(402, 5, 'The Goblet', 2, 42, 2),
(403, 5, 'The Goblet', 2, 43, 3),
(404, 5, 'The Goblet', 2, 44, 1),
(405, 5, 'The Goblet', 2, 45, 1),
(406, 5, 'The Goblet', 2, 46, 1),
(407, 5, 'The Goblet', 2, 47, 1),
(408, 5, 'The Goblet', 2, 48, 1),
(409, 5, 'The Goblet', 2, 49, 2),
(410, 5, 'The Goblet', 2, 50, 1),
(411, 5, 'The Goblet', 2, 51, 1),
(412, 5, 'The Goblet', 2, 52, 1),
(413, 5, 'The Goblet', 2, 53, 1),
(414, 5, 'The Goblet', 2, 54, 1),
(415, 5, 'The Goblet', 2, 55, 2),
(416, 5, 'The Goblet', 2, 56, 1),
(417, 5, 'The Goblet', 2, 57, 1),
(418, 5, 'The Goblet', 2, 58, 1),
(419, 5, 'The Goblet', 2, 59, 1),
(420, 5, 'The Goblet', 2, 60, 3),
(421, 2, 'The Lavender Beds', 2, 1, 2),
(422, 2, 'The Lavender Beds', 2, 2, 1),
(423, 2, 'The Lavender Beds', 2, 3, 3),
(424, 2, 'The Lavender Beds', 2, 4, 1),
(425, 2, 'The Lavender Beds', 2, 5, 2),
(426, 2, 'The Lavender Beds', 2, 6, 3),
(427, 2, 'The Lavender Beds', 2, 7, 1),
(428, 2, 'The Lavender Beds', 2, 8, 1),
(429, 2, 'The Lavender Beds', 2, 9, 1),
(430, 2, 'The Lavender Beds', 2, 10, 1),
(431, 2, 'The Lavender Beds', 2, 11, 2),
(432, 2, 'The Lavender Beds', 2, 12, 1),
(433, 2, 'The Lavender Beds', 2, 13, 1),
(434, 2, 'The Lavender Beds', 2, 14, 1),
(435, 2, 'The Lavender Beds', 2, 15, 1),
(436, 2, 'The Lavender Beds', 2, 16, 2),
(437, 2, 'The Lavender Beds', 2, 17, 1),
(438, 2, 'The Lavender Beds', 2, 18, 1),
(439, 2, 'The Lavender Beds', 2, 19, 1),
(440, 2, 'The Lavender Beds', 2, 20, 1),
(441, 2, 'The Lavender Beds', 2, 21, 2),
(442, 2, 'The Lavender Beds', 2, 22, 1),
(443, 2, 'The Lavender Beds', 2, 23, 1),
(444, 2, 'The Lavender Beds', 2, 24, 1),
(445, 2, 'The Lavender Beds', 2, 25, 1),
(446, 2, 'The Lavender Beds', 2, 26, 1),
(447, 2, 'The Lavender Beds', 2, 27, 2),
(448, 2, 'The Lavender Beds', 2, 28, 3),
(449, 2, 'The Lavender Beds', 2, 29, 1),
(450, 2, 'The Lavender Beds', 2, 30, 2),
(451, 2, 'The Lavender Beds', 2, 31, 2),
(452, 2, 'The Lavender Beds', 2, 32, 1),
(453, 2, 'The Lavender Beds', 2, 33, 3),
(454, 2, 'The Lavender Beds', 2, 34, 1),
(455, 2, 'The Lavender Beds', 2, 35, 2),
(456, 2, 'The Lavender Beds', 2, 36, 3),
(457, 2, 'The Lavender Beds', 2, 37, 1),
(458, 2, 'The Lavender Beds', 2, 38, 1),
(459, 2, 'The Lavender Beds', 2, 39, 1),
(460, 2, 'The Lavender Beds', 2, 40, 1),
(461, 2, 'The Lavender Beds', 2, 41, 2),
(462, 2, 'The Lavender Beds', 2, 42, 1),
(463, 2, 'The Lavender Beds', 2, 43, 1),
(464, 2, 'The Lavender Beds', 2, 44, 1),
(465, 2, 'The Lavender Beds', 2, 45, 1),
(466, 2, 'The Lavender Beds', 2, 46, 2),
(467, 2, 'The Lavender Beds', 2, 47, 1),
(468, 2, 'The Lavender Beds', 2, 48, 1),
(469, 2, 'The Lavender Beds', 2, 49, 1),
(470, 2, 'The Lavender Beds', 2, 50, 1),
(471, 2, 'The Lavender Beds', 2, 51, 2),
(472, 2, 'The Lavender Beds', 2, 52, 1),
(473, 2, 'The Lavender Beds', 2, 53, 1),
(474, 2, 'The Lavender Beds', 2, 54, 1),
(475, 2, 'The Lavender Beds', 2, 55, 1),
(476, 2, 'The Lavender Beds', 2, 56, 1),
(477, 2, 'The Lavender Beds', 2, 57, 2),
(478, 2, 'The Lavender Beds', 2, 58, 3),
(479, 2, 'The Lavender Beds', 2, 59, 1),
(480, 2, 'The Lavender Beds', 2, 60, 2),
(481, 4, 'Mist', 3, 1, 2),
(482, 4, 'Mist', 3, 2, 3),
(483, 4, 'Mist', 3, 3, 1),
(484, 4, 'Mist', 3, 4, 2),
(485, 4, 'Mist', 3, 5, 3),
(486, 4, 'Mist', 3, 6, 2),
(487, 4, 'Mist', 3, 7, 2),
(488, 4, 'Mist', 3, 8, 1),
(489, 4, 'Mist', 3, 9, 1),
(490, 4, 'Mist', 3, 10, 1),
(491, 4, 'Mist', 3, 11, 1),
(492, 4, 'Mist', 3, 12, 1),
(493, 4, 'Mist', 3, 13, 1),
(494, 4, 'Mist', 3, 14, 2),
(495, 4, 'Mist', 3, 15, 3),
(496, 4, 'Mist', 3, 16, 1),
(497, 4, 'Mist', 3, 17, 1),
(498, 4, 'Mist', 3, 18, 1),
(499, 4, 'Mist', 3, 19, 1),
(500, 4, 'Mist', 3, 20, 1),
(501, 4, 'Mist', 3, 21, 1),
(502, 4, 'Mist', 3, 22, 1),
(503, 4, 'Mist', 3, 23, 1),
(504, 4, 'Mist', 3, 24, 1),
(505, 4, 'Mist', 3, 25, 1),
(506, 4, 'Mist', 3, 26, 1),
(507, 4, 'Mist', 3, 27, 1),
(508, 4, 'Mist', 3, 28, 1),
(509, 4, 'Mist', 3, 29, 2),
(510, 4, 'Mist', 3, 30, 2),
(511, 4, 'Mist', 3, 31, 2),
(512, 4, 'Mist', 3, 32, 3),
(513, 4, 'Mist', 3, 33, 1),
(514, 4, 'Mist', 3, 34, 2),
(515, 4, 'Mist', 3, 35, 3),
(516, 4, 'Mist', 3, 36, 2),
(517, 4, 'Mist', 3, 37, 2),
(518, 4, 'Mist', 3, 38, 1),
(519, 4, 'Mist', 3, 39, 1),
(520, 4, 'Mist', 3, 40, 1),
(521, 4, 'Mist', 3, 41, 1),
(522, 4, 'Mist', 3, 42, 1),
(523, 4, 'Mist', 3, 43, 1),
(524, 4, 'Mist', 3, 44, 2),
(525, 4, 'Mist', 3, 45, 3),
(526, 4, 'Mist', 3, 46, 1),
(527, 4, 'Mist', 3, 47, 1),
(528, 4, 'Mist', 3, 48, 1),
(529, 4, 'Mist', 3, 49, 1),
(530, 4, 'Mist', 3, 50, 1),
(531, 4, 'Mist', 3, 51, 1),
(532, 4, 'Mist', 3, 52, 1),
(533, 4, 'Mist', 3, 53, 1),
(534, 4, 'Mist', 3, 54, 1),
(535, 4, 'Mist', 3, 55, 1),
(536, 4, 'Mist', 3, 56, 1),
(537, 4, 'Mist', 3, 57, 1),
(538, 4, 'Mist', 3, 58, 1),
(539, 4, 'Mist', 3, 59, 2),
(540, 4, 'Mist', 3, 60, 2),
(541, 7, 'Shirogane', 3, 1, 2),
(542, 7, 'Shirogane', 3, 2, 1),
(543, 7, 'Shirogane', 3, 3, 1),
(544, 7, 'Shirogane', 3, 4, 1),
(545, 7, 'Shirogane', 3, 5, 1),
(546, 7, 'Shirogane', 3, 6, 1),
(547, 7, 'Shirogane', 3, 7, 3),
(548, 7, 'Shirogane', 3, 8, 2),
(549, 7, 'Shirogane', 3, 9, 1),
(550, 7, 'Shirogane', 3, 10, 1),
(551, 7, 'Shirogane', 3, 11, 1),
(552, 7, 'Shirogane', 3, 12, 1),
(553, 7, 'Shirogane', 3, 13, 2),
(554, 7, 'Shirogane', 3, 14, 1),
(555, 7, 'Shirogane', 3, 15, 2),
(556, 7, 'Shirogane', 3, 16, 3),
(557, 7, 'Shirogane', 3, 17, 1),
(558, 7, 'Shirogane', 3, 18, 1),
(559, 7, 'Shirogane', 3, 19, 2),
(560, 7, 'Shirogane', 3, 20, 1),
(561, 7, 'Shirogane', 3, 21, 1),
(562, 7, 'Shirogane', 3, 22, 1),
(563, 7, 'Shirogane', 3, 23, 1),
(564, 7, 'Shirogane', 3, 24, 2),
(565, 7, 'Shirogane', 3, 25, 1),
(566, 7, 'Shirogane', 3, 26, 1),
(567, 7, 'Shirogane', 3, 27, 1),
(568, 7, 'Shirogane', 3, 28, 2),
(569, 7, 'Shirogane', 3, 29, 1),
(570, 7, 'Shirogane', 3, 30, 3),
(571, 7, 'Shirogane', 3, 31, 2),
(572, 7, 'Shirogane', 3, 32, 1),
(573, 7, 'Shirogane', 3, 33, 1),
(574, 7, 'Shirogane', 3, 34, 1),
(575, 7, 'Shirogane', 3, 35, 1),
(576, 7, 'Shirogane', 3, 36, 1),
(577, 7, 'Shirogane', 3, 37, 3),
(578, 7, 'Shirogane', 3, 38, 2),
(579, 7, 'Shirogane', 3, 39, 1),
(580, 7, 'Shirogane', 3, 40, 1),
(581, 7, 'Shirogane', 3, 41, 1),
(582, 7, 'Shirogane', 3, 42, 1),
(583, 7, 'Shirogane', 3, 43, 2),
(584, 7, 'Shirogane', 3, 44, 1),
(585, 7, 'Shirogane', 3, 45, 2),
(586, 7, 'Shirogane', 3, 46, 3),
(587, 7, 'Shirogane', 3, 47, 1),
(588, 7, 'Shirogane', 3, 48, 1),
(589, 7, 'Shirogane', 3, 49, 2),
(590, 7, 'Shirogane', 3, 50, 1),
(591, 7, 'Shirogane', 3, 51, 1),
(592, 7, 'Shirogane', 3, 52, 1),
(593, 7, 'Shirogane', 3, 53, 1),
(594, 7, 'Shirogane', 3, 54, 2),
(595, 7, 'Shirogane', 3, 55, 1),
(596, 7, 'Shirogane', 3, 56, 1),
(597, 7, 'Shirogane', 3, 57, 1),
(598, 7, 'Shirogane', 3, 58, 2),
(599, 7, 'Shirogane', 3, 59, 1),
(600, 7, 'Shirogane', 3, 60, 3),
(601, 5, 'The Goblet', 3, 1, 1),
(602, 5, 'The Goblet', 3, 2, 1),
(603, 5, 'The Goblet', 3, 3, 1),
(604, 5, 'The Goblet', 3, 4, 2),
(605, 5, 'The Goblet', 3, 5, 3),
(606, 5, 'The Goblet', 3, 6, 2),
(607, 5, 'The Goblet', 3, 7, 1),
(608, 5, 'The Goblet', 3, 8, 2),
(609, 5, 'The Goblet', 3, 9, 1),
(610, 5, 'The Goblet', 3, 10, 1),
(611, 5, 'The Goblet', 3, 11, 2),
(612, 5, 'The Goblet', 3, 12, 2),
(613, 5, 'The Goblet', 3, 13, 3),
(614, 5, 'The Goblet', 3, 14, 1),
(615, 5, 'The Goblet', 3, 15, 1),
(616, 5, 'The Goblet', 3, 16, 1),
(617, 5, 'The Goblet', 3, 17, 1),
(618, 5, 'The Goblet', 3, 18, 1),
(619, 5, 'The Goblet', 3, 19, 2),
(620, 5, 'The Goblet', 3, 20, 1),
(621, 5, 'The Goblet', 3, 21, 1),
(622, 5, 'The Goblet', 3, 22, 1),
(623, 5, 'The Goblet', 3, 23, 1),
(624, 5, 'The Goblet', 3, 24, 1),
(625, 5, 'The Goblet', 3, 25, 2),
(626, 5, 'The Goblet', 3, 26, 1),
(627, 5, 'The Goblet', 3, 27, 1),
(628, 5, 'The Goblet', 3, 28, 1),
(629, 5, 'The Goblet', 3, 29, 1),
(630, 5, 'The Goblet', 3, 30, 3),
(631, 5, 'The Goblet', 3, 31, 1),
(632, 5, 'The Goblet', 3, 32, 1),
(633, 5, 'The Goblet', 3, 33, 1),
(634, 5, 'The Goblet', 3, 34, 2),
(635, 5, 'The Goblet', 3, 35, 3),
(636, 5, 'The Goblet', 3, 36, 2),
(637, 5, 'The Goblet', 3, 37, 1),
(638, 5, 'The Goblet', 3, 38, 2),
(639, 5, 'The Goblet', 3, 39, 1),
(640, 5, 'The Goblet', 3, 40, 1),
(641, 5, 'The Goblet', 3, 41, 2),
(642, 5, 'The Goblet', 3, 42, 2),
(643, 5, 'The Goblet', 3, 43, 3),
(644, 5, 'The Goblet', 3, 44, 1),
(645, 5, 'The Goblet', 3, 45, 1),
(646, 5, 'The Goblet', 3, 46, 1),
(647, 5, 'The Goblet', 3, 47, 1),
(648, 5, 'The Goblet', 3, 48, 1),
(649, 5, 'The Goblet', 3, 49, 2),
(650, 5, 'The Goblet', 3, 50, 1),
(651, 5, 'The Goblet', 3, 51, 1),
(652, 5, 'The Goblet', 3, 52, 1),
(653, 5, 'The Goblet', 3, 53, 1),
(654, 5, 'The Goblet', 3, 54, 1),
(655, 5, 'The Goblet', 3, 55, 2),
(656, 5, 'The Goblet', 3, 56, 1),
(657, 5, 'The Goblet', 3, 57, 1),
(658, 5, 'The Goblet', 3, 58, 1),
(659, 5, 'The Goblet', 3, 59, 1),
(660, 5, 'The Goblet', 3, 60, 3),
(661, 2, 'The Lavender Beds', 3, 1, 2),
(662, 2, 'The Lavender Beds', 3, 2, 1),
(663, 2, 'The Lavender Beds', 3, 3, 3),
(664, 2, 'The Lavender Beds', 3, 4, 1),
(665, 2, 'The Lavender Beds', 3, 5, 2),
(666, 2, 'The Lavender Beds', 3, 6, 3),
(667, 2, 'The Lavender Beds', 3, 7, 1),
(668, 2, 'The Lavender Beds', 3, 8, 1),
(669, 2, 'The Lavender Beds', 3, 9, 1),
(670, 2, 'The Lavender Beds', 3, 10, 1),
(671, 2, 'The Lavender Beds', 3, 11, 2),
(672, 2, 'The Lavender Beds', 3, 12, 1),
(673, 2, 'The Lavender Beds', 3, 13, 1),
(674, 2, 'The Lavender Beds', 3, 14, 1),
(675, 2, 'The Lavender Beds', 3, 15, 1),
(676, 2, 'The Lavender Beds', 3, 16, 2),
(677, 2, 'The Lavender Beds', 3, 17, 1),
(678, 2, 'The Lavender Beds', 3, 18, 1),
(679, 2, 'The Lavender Beds', 3, 19, 1),
(680, 2, 'The Lavender Beds', 3, 20, 1),
(681, 2, 'The Lavender Beds', 3, 21, 2),
(682, 2, 'The Lavender Beds', 3, 22, 1),
(683, 2, 'The Lavender Beds', 3, 23, 1),
(684, 2, 'The Lavender Beds', 3, 24, 1),
(685, 2, 'The Lavender Beds', 3, 25, 1),
(686, 2, 'The Lavender Beds', 3, 26, 1),
(687, 2, 'The Lavender Beds', 3, 27, 2),
(688, 2, 'The Lavender Beds', 3, 28, 3),
(689, 2, 'The Lavender Beds', 3, 29, 1),
(690, 2, 'The Lavender Beds', 3, 30, 2),
(691, 2, 'The Lavender Beds', 3, 31, 2),
(692, 2, 'The Lavender Beds', 3, 32, 1),
(693, 2, 'The Lavender Beds', 3, 33, 3),
(694, 2, 'The Lavender Beds', 3, 34, 1),
(695, 2, 'The Lavender Beds', 3, 35, 2),
(696, 2, 'The Lavender Beds', 3, 36, 3),
(697, 2, 'The Lavender Beds', 3, 37, 1),
(698, 2, 'The Lavender Beds', 3, 38, 1),
(699, 2, 'The Lavender Beds', 3, 39, 1),
(700, 2, 'The Lavender Beds', 3, 40, 1),
(701, 2, 'The Lavender Beds', 3, 41, 2),
(702, 2, 'The Lavender Beds', 3, 42, 1),
(703, 2, 'The Lavender Beds', 3, 43, 1),
(704, 2, 'The Lavender Beds', 3, 44, 1),
(705, 2, 'The Lavender Beds', 3, 45, 1),
(706, 2, 'The Lavender Beds', 3, 46, 2),
(707, 2, 'The Lavender Beds', 3, 47, 1),
(708, 2, 'The Lavender Beds', 3, 48, 1),
(709, 2, 'The Lavender Beds', 3, 49, 1),
(710, 2, 'The Lavender Beds', 3, 50, 1),
(711, 2, 'The Lavender Beds', 3, 51, 2),
(712, 2, 'The Lavender Beds', 3, 52, 1),
(713, 2, 'The Lavender Beds', 3, 53, 1),
(714, 2, 'The Lavender Beds', 3, 54, 1),
(715, 2, 'The Lavender Beds', 3, 55, 1),
(716, 2, 'The Lavender Beds', 3, 56, 1),
(717, 2, 'The Lavender Beds', 3, 57, 2),
(718, 2, 'The Lavender Beds', 3, 58, 3),
(719, 2, 'The Lavender Beds', 3, 59, 1),
(720, 2, 'The Lavender Beds', 3, 60, 2),
(721, 4, 'Mist', 4, 1, 2),
(722, 4, 'Mist', 4, 2, 3),
(723, 4, 'Mist', 4, 3, 1),
(724, 4, 'Mist', 4, 4, 2),
(725, 4, 'Mist', 4, 5, 3),
(726, 4, 'Mist', 4, 6, 2),
(727, 4, 'Mist', 4, 7, 2),
(728, 4, 'Mist', 4, 8, 1),
(729, 4, 'Mist', 4, 9, 1),
(730, 4, 'Mist', 4, 10, 1),
(731, 4, 'Mist', 4, 11, 1),
(732, 4, 'Mist', 4, 12, 1),
(733, 4, 'Mist', 4, 13, 1),
(734, 4, 'Mist', 4, 14, 2),
(735, 4, 'Mist', 4, 15, 3),
(736, 4, 'Mist', 4, 16, 1),
(737, 4, 'Mist', 4, 17, 1),
(738, 4, 'Mist', 4, 18, 1),
(739, 4, 'Mist', 4, 19, 1),
(740, 4, 'Mist', 4, 20, 1),
(741, 4, 'Mist', 4, 21, 1),
(742, 4, 'Mist', 4, 22, 1),
(743, 4, 'Mist', 4, 23, 1),
(744, 4, 'Mist', 4, 24, 1),
(745, 4, 'Mist', 4, 25, 1),
(746, 4, 'Mist', 4, 26, 1),
(747, 4, 'Mist', 4, 27, 1),
(748, 4, 'Mist', 4, 28, 1),
(749, 4, 'Mist', 4, 29, 2),
(750, 4, 'Mist', 4, 30, 2),
(751, 4, 'Mist', 4, 31, 2),
(752, 4, 'Mist', 4, 32, 3),
(753, 4, 'Mist', 4, 33, 1),
(754, 4, 'Mist', 4, 34, 2),
(755, 4, 'Mist', 4, 35, 3),
(756, 4, 'Mist', 4, 36, 2),
(757, 4, 'Mist', 4, 37, 2),
(758, 4, 'Mist', 4, 38, 1),
(759, 4, 'Mist', 4, 39, 1),
(760, 4, 'Mist', 4, 40, 1),
(761, 4, 'Mist', 4, 41, 1),
(762, 4, 'Mist', 4, 42, 1),
(763, 4, 'Mist', 4, 43, 1),
(764, 4, 'Mist', 4, 44, 2),
(765, 4, 'Mist', 4, 45, 3),
(766, 4, 'Mist', 4, 46, 1),
(767, 4, 'Mist', 4, 47, 1),
(768, 4, 'Mist', 4, 48, 1),
(769, 4, 'Mist', 4, 49, 1),
(770, 4, 'Mist', 4, 50, 1),
(771, 4, 'Mist', 4, 51, 1),
(772, 4, 'Mist', 4, 52, 1),
(773, 4, 'Mist', 4, 53, 1),
(774, 4, 'Mist', 4, 54, 1),
(775, 4, 'Mist', 4, 55, 1),
(776, 4, 'Mist', 4, 56, 1),
(777, 4, 'Mist', 4, 57, 1),
(778, 4, 'Mist', 4, 58, 1),
(779, 4, 'Mist', 4, 59, 2),
(780, 4, 'Mist', 4, 60, 2),
(781, 7, 'Shirogane', 4, 1, 2),
(782, 7, 'Shirogane', 4, 2, 1),
(783, 7, 'Shirogane', 4, 3, 1),
(784, 7, 'Shirogane', 4, 4, 1),
(785, 7, 'Shirogane', 4, 5, 1),
(786, 7, 'Shirogane', 4, 6, 1),
(787, 7, 'Shirogane', 4, 7, 3),
(788, 7, 'Shirogane', 4, 8, 2),
(789, 7, 'Shirogane', 4, 9, 1),
(790, 7, 'Shirogane', 4, 10, 1),
(791, 7, 'Shirogane', 4, 11, 1),
(792, 7, 'Shirogane', 4, 12, 1),
(793, 7, 'Shirogane', 4, 13, 2),
(794, 7, 'Shirogane', 4, 14, 1),
(795, 7, 'Shirogane', 4, 15, 2),
(796, 7, 'Shirogane', 4, 16, 3),
(797, 7, 'Shirogane', 4, 17, 1),
(798, 7, 'Shirogane', 4, 18, 1),
(799, 7, 'Shirogane', 4, 19, 2),
(800, 7, 'Shirogane', 4, 20, 1),
(801, 7, 'Shirogane', 4, 21, 1),
(802, 7, 'Shirogane', 4, 22, 1),
(803, 7, 'Shirogane', 4, 23, 1),
(804, 7, 'Shirogane', 4, 24, 2),
(805, 7, 'Shirogane', 4, 25, 1),
(806, 7, 'Shirogane', 4, 26, 1),
(807, 7, 'Shirogane', 4, 27, 1),
(808, 7, 'Shirogane', 4, 28, 2),
(809, 7, 'Shirogane', 4, 29, 1),
(810, 7, 'Shirogane', 4, 30, 3),
(811, 7, 'Shirogane', 4, 31, 2),
(812, 7, 'Shirogane', 4, 32, 1),
(813, 7, 'Shirogane', 4, 33, 1),
(814, 7, 'Shirogane', 4, 34, 1),
(815, 7, 'Shirogane', 4, 35, 1),
(816, 7, 'Shirogane', 4, 36, 1),
(817, 7, 'Shirogane', 4, 37, 3),
(818, 7, 'Shirogane', 4, 38, 2),
(819, 7, 'Shirogane', 4, 39, 1),
(820, 7, 'Shirogane', 4, 40, 1),
(821, 7, 'Shirogane', 4, 41, 1),
(822, 7, 'Shirogane', 4, 42, 1),
(823, 7, 'Shirogane', 4, 43, 2),
(824, 7, 'Shirogane', 4, 44, 1),
(825, 7, 'Shirogane', 4, 45, 2),
(826, 7, 'Shirogane', 4, 46, 3),
(827, 7, 'Shirogane', 4, 47, 1),
(828, 7, 'Shirogane', 4, 48, 1),
(829, 7, 'Shirogane', 4, 49, 2),
(830, 7, 'Shirogane', 4, 50, 1),
(831, 7, 'Shirogane', 4, 51, 1),
(832, 7, 'Shirogane', 4, 52, 1),
(833, 7, 'Shirogane', 4, 53, 1),
(834, 7, 'Shirogane', 4, 54, 2),
(835, 7, 'Shirogane', 4, 55, 1),
(836, 7, 'Shirogane', 4, 56, 1),
(837, 7, 'Shirogane', 4, 57, 1),
(838, 7, 'Shirogane', 4, 58, 2),
(839, 7, 'Shirogane', 4, 59, 1),
(840, 7, 'Shirogane', 4, 60, 3),
(841, 5, 'The Goblet', 4, 1, 1),
(842, 5, 'The Goblet', 4, 2, 1),
(843, 5, 'The Goblet', 4, 3, 1),
(844, 5, 'The Goblet', 4, 4, 2),
(845, 5, 'The Goblet', 4, 5, 3),
(846, 5, 'The Goblet', 4, 6, 2),
(847, 5, 'The Goblet', 4, 7, 1),
(848, 5, 'The Goblet', 4, 8, 2),
(849, 5, 'The Goblet', 4, 9, 1),
(850, 5, 'The Goblet', 4, 10, 1),
(851, 5, 'The Goblet', 4, 11, 2),
(852, 5, 'The Goblet', 4, 12, 2),
(853, 5, 'The Goblet', 4, 13, 3),
(854, 5, 'The Goblet', 4, 14, 1),
(855, 5, 'The Goblet', 4, 15, 1),
(856, 5, 'The Goblet', 4, 16, 1),
(857, 5, 'The Goblet', 4, 17, 1),
(858, 5, 'The Goblet', 4, 18, 1),
(859, 5, 'The Goblet', 4, 19, 2),
(860, 5, 'The Goblet', 4, 20, 1),
(861, 5, 'The Goblet', 4, 21, 1),
(862, 5, 'The Goblet', 4, 22, 1),
(863, 5, 'The Goblet', 4, 23, 1),
(864, 5, 'The Goblet', 4, 24, 1),
(865, 5, 'The Goblet', 4, 25, 2),
(866, 5, 'The Goblet', 4, 26, 1),
(867, 5, 'The Goblet', 4, 27, 1),
(868, 5, 'The Goblet', 4, 28, 1),
(869, 5, 'The Goblet', 4, 29, 1),
(870, 5, 'The Goblet', 4, 30, 3),
(871, 5, 'The Goblet', 4, 31, 1),
(872, 5, 'The Goblet', 4, 32, 1),
(873, 5, 'The Goblet', 4, 33, 1),
(874, 5, 'The Goblet', 4, 34, 2),
(875, 5, 'The Goblet', 4, 35, 3),
(876, 5, 'The Goblet', 4, 36, 2),
(877, 5, 'The Goblet', 4, 37, 1),
(878, 5, 'The Goblet', 4, 38, 2),
(879, 5, 'The Goblet', 4, 39, 1),
(880, 5, 'The Goblet', 4, 40, 1),
(881, 5, 'The Goblet', 4, 41, 2),
(882, 5, 'The Goblet', 4, 42, 2),
(883, 5, 'The Goblet', 4, 43, 3),
(884, 5, 'The Goblet', 4, 44, 1),
(885, 5, 'The Goblet', 4, 45, 1),
(886, 5, 'The Goblet', 4, 46, 1),
(887, 5, 'The Goblet', 4, 47, 1),
(888, 5, 'The Goblet', 4, 48, 1),
(889, 5, 'The Goblet', 4, 49, 2),
(890, 5, 'The Goblet', 4, 50, 1),
(891, 5, 'The Goblet', 4, 51, 1),
(892, 5, 'The Goblet', 4, 52, 1),
(893, 5, 'The Goblet', 4, 53, 1),
(894, 5, 'The Goblet', 4, 54, 1),
(895, 5, 'The Goblet', 4, 55, 2),
(896, 5, 'The Goblet', 4, 56, 1),
(897, 5, 'The Goblet', 4, 57, 1),
(898, 5, 'The Goblet', 4, 58, 1),
(899, 5, 'The Goblet', 4, 59, 1),
(900, 5, 'The Goblet', 4, 60, 3),
(901, 2, 'The Lavender Beds', 4, 1, 2),
(902, 2, 'The Lavender Beds', 4, 2, 1),
(903, 2, 'The Lavender Beds', 4, 3, 3),
(904, 2, 'The Lavender Beds', 4, 4, 1),
(905, 2, 'The Lavender Beds', 4, 5, 2),
(906, 2, 'The Lavender Beds', 4, 6, 3),
(907, 2, 'The Lavender Beds', 4, 7, 1),
(908, 2, 'The Lavender Beds', 4, 8, 1),
(909, 2, 'The Lavender Beds', 4, 9, 1),
(910, 2, 'The Lavender Beds', 4, 10, 1),
(911, 2, 'The Lavender Beds', 4, 11, 2),
(912, 2, 'The Lavender Beds', 4, 12, 1),
(913, 2, 'The Lavender Beds', 4, 13, 1),
(914, 2, 'The Lavender Beds', 4, 14, 1),
(915, 2, 'The Lavender Beds', 4, 15, 1),
(916, 2, 'The Lavender Beds', 4, 16, 2),
(917, 2, 'The Lavender Beds', 4, 17, 1),
(918, 2, 'The Lavender Beds', 4, 18, 1),
(919, 2, 'The Lavender Beds', 4, 19, 1),
(920, 2, 'The Lavender Beds', 4, 20, 1),
(921, 2, 'The Lavender Beds', 4, 21, 2),
(922, 2, 'The Lavender Beds', 4, 22, 1),
(923, 2, 'The Lavender Beds', 4, 23, 1),
(924, 2, 'The Lavender Beds', 4, 24, 1),
(925, 2, 'The Lavender Beds', 4, 25, 1),
(926, 2, 'The Lavender Beds', 4, 26, 1),
(927, 2, 'The Lavender Beds', 4, 27, 2),
(928, 2, 'The Lavender Beds', 4, 28, 3),
(929, 2, 'The Lavender Beds', 4, 29, 1),
(930, 2, 'The Lavender Beds', 4, 30, 2),
(931, 2, 'The Lavender Beds', 4, 31, 2),
(932, 2, 'The Lavender Beds', 4, 32, 1),
(933, 2, 'The Lavender Beds', 4, 33, 3),
(934, 2, 'The Lavender Beds', 4, 34, 1),
(935, 2, 'The Lavender Beds', 4, 35, 2),
(936, 2, 'The Lavender Beds', 4, 36, 3),
(937, 2, 'The Lavender Beds', 4, 37, 1),
(938, 2, 'The Lavender Beds', 4, 38, 1),
(939, 2, 'The Lavender Beds', 4, 39, 1),
(940, 2, 'The Lavender Beds', 4, 40, 1),
(941, 2, 'The Lavender Beds', 4, 41, 2),
(942, 2, 'The Lavender Beds', 4, 42, 1),
(943, 2, 'The Lavender Beds', 4, 43, 1),
(944, 2, 'The Lavender Beds', 4, 44, 1),
(945, 2, 'The Lavender Beds', 4, 45, 1),
(946, 2, 'The Lavender Beds', 4, 46, 2),
(947, 2, 'The Lavender Beds', 4, 47, 1),
(948, 2, 'The Lavender Beds', 4, 48, 1),
(949, 2, 'The Lavender Beds', 4, 49, 1),
(950, 2, 'The Lavender Beds', 4, 50, 1),
(951, 2, 'The Lavender Beds', 4, 51, 2),
(952, 2, 'The Lavender Beds', 4, 52, 1),
(953, 2, 'The Lavender Beds', 4, 53, 1),
(954, 2, 'The Lavender Beds', 4, 54, 1),
(955, 2, 'The Lavender Beds', 4, 55, 1),
(956, 2, 'The Lavender Beds', 4, 56, 1),
(957, 2, 'The Lavender Beds', 4, 57, 2),
(958, 2, 'The Lavender Beds', 4, 58, 3),
(959, 2, 'The Lavender Beds', 4, 59, 1),
(960, 2, 'The Lavender Beds', 4, 60, 2),
(961, 4, 'Mist', 5, 1, 2),
(962, 4, 'Mist', 5, 2, 3),
(963, 4, 'Mist', 5, 3, 1),
(964, 4, 'Mist', 5, 4, 2),
(965, 4, 'Mist', 5, 5, 3),
(966, 4, 'Mist', 5, 6, 2),
(967, 4, 'Mist', 5, 7, 2),
(968, 4, 'Mist', 5, 8, 1),
(969, 4, 'Mist', 5, 9, 1),
(970, 4, 'Mist', 5, 10, 1),
(971, 4, 'Mist', 5, 11, 1),
(972, 4, 'Mist', 5, 12, 1),
(973, 4, 'Mist', 5, 13, 1),
(974, 4, 'Mist', 5, 14, 2),
(975, 4, 'Mist', 5, 15, 3),
(976, 4, 'Mist', 5, 16, 1),
(977, 4, 'Mist', 5, 17, 1),
(978, 4, 'Mist', 5, 18, 1),
(979, 4, 'Mist', 5, 19, 1),
(980, 4, 'Mist', 5, 20, 1),
(981, 4, 'Mist', 5, 21, 1),
(982, 4, 'Mist', 5, 22, 1),
(983, 4, 'Mist', 5, 23, 1),
(984, 4, 'Mist', 5, 24, 1),
(985, 4, 'Mist', 5, 25, 1),
(986, 4, 'Mist', 5, 26, 1),
(987, 4, 'Mist', 5, 27, 1),
(988, 4, 'Mist', 5, 28, 1),
(989, 4, 'Mist', 5, 29, 2),
(990, 4, 'Mist', 5, 30, 2),
(991, 4, 'Mist', 5, 31, 2),
(992, 4, 'Mist', 5, 32, 3),
(993, 4, 'Mist', 5, 33, 1),
(994, 4, 'Mist', 5, 34, 2),
(995, 4, 'Mist', 5, 35, 3),
(996, 4, 'Mist', 5, 36, 2),
(997, 4, 'Mist', 5, 37, 2),
(998, 4, 'Mist', 5, 38, 1),
(999, 4, 'Mist', 5, 39, 1),
(1000, 4, 'Mist', 5, 40, 1),
(1001, 4, 'Mist', 5, 41, 1),
(1002, 4, 'Mist', 5, 42, 1),
(1003, 4, 'Mist', 5, 43, 1),
(1004, 4, 'Mist', 5, 44, 2),
(1005, 4, 'Mist', 5, 45, 3),
(1006, 4, 'Mist', 5, 46, 1),
(1007, 4, 'Mist', 5, 47, 1),
(1008, 4, 'Mist', 5, 48, 1),
(1009, 4, 'Mist', 5, 49, 1),
(1010, 4, 'Mist', 5, 50, 1),
(1011, 4, 'Mist', 5, 51, 1),
(1012, 4, 'Mist', 5, 52, 1),
(1013, 4, 'Mist', 5, 53, 1),
(1014, 4, 'Mist', 5, 54, 1),
(1015, 4, 'Mist', 5, 55, 1),
(1016, 4, 'Mist', 5, 56, 1),
(1017, 4, 'Mist', 5, 57, 1),
(1018, 4, 'Mist', 5, 58, 1),
(1019, 4, 'Mist', 5, 59, 2),
(1020, 4, 'Mist', 5, 60, 2),
(1021, 7, 'Shirogane', 5, 1, 2),
(1022, 7, 'Shirogane', 5, 2, 1),
(1023, 7, 'Shirogane', 5, 3, 1),
(1024, 7, 'Shirogane', 5, 4, 1),
(1025, 7, 'Shirogane', 5, 5, 1),
(1026, 7, 'Shirogane', 5, 6, 1),
(1027, 7, 'Shirogane', 5, 7, 3),
(1028, 7, 'Shirogane', 5, 8, 2),
(1029, 7, 'Shirogane', 5, 9, 1),
(1030, 7, 'Shirogane', 5, 10, 1),
(1031, 7, 'Shirogane', 5, 11, 1),
(1032, 7, 'Shirogane', 5, 12, 1),
(1033, 7, 'Shirogane', 5, 13, 2),
(1034, 7, 'Shirogane', 5, 14, 1),
(1035, 7, 'Shirogane', 5, 15, 2),
(1036, 7, 'Shirogane', 5, 16, 3),
(1037, 7, 'Shirogane', 5, 17, 1),
(1038, 7, 'Shirogane', 5, 18, 1),
(1039, 7, 'Shirogane', 5, 19, 2),
(1040, 7, 'Shirogane', 5, 20, 1),
(1041, 7, 'Shirogane', 5, 21, 1),
(1042, 7, 'Shirogane', 5, 22, 1),
(1043, 7, 'Shirogane', 5, 23, 1),
(1044, 7, 'Shirogane', 5, 24, 2),
(1045, 7, 'Shirogane', 5, 25, 1),
(1046, 7, 'Shirogane', 5, 26, 1),
(1047, 7, 'Shirogane', 5, 27, 1),
(1048, 7, 'Shirogane', 5, 28, 2),
(1049, 7, 'Shirogane', 5, 29, 1),
(1050, 7, 'Shirogane', 5, 30, 3),
(1051, 7, 'Shirogane', 5, 31, 2),
(1052, 7, 'Shirogane', 5, 32, 1),
(1053, 7, 'Shirogane', 5, 33, 1),
(1054, 7, 'Shirogane', 5, 34, 1),
(1055, 7, 'Shirogane', 5, 35, 1),
(1056, 7, 'Shirogane', 5, 36, 1),
(1057, 7, 'Shirogane', 5, 37, 3),
(1058, 7, 'Shirogane', 5, 38, 2),
(1059, 7, 'Shirogane', 5, 39, 1),
(1060, 7, 'Shirogane', 5, 40, 1),
(1061, 7, 'Shirogane', 5, 41, 1),
(1062, 7, 'Shirogane', 5, 42, 1),
(1063, 7, 'Shirogane', 5, 43, 2),
(1064, 7, 'Shirogane', 5, 44, 1),
(1065, 7, 'Shirogane', 5, 45, 2),
(1066, 7, 'Shirogane', 5, 46, 3),
(1067, 7, 'Shirogane', 5, 47, 1),
(1068, 7, 'Shirogane', 5, 48, 1),
(1069, 7, 'Shirogane', 5, 49, 2),
(1070, 7, 'Shirogane', 5, 50, 1),
(1071, 7, 'Shirogane', 5, 51, 1),
(1072, 7, 'Shirogane', 5, 52, 1),
(1073, 7, 'Shirogane', 5, 53, 1),
(1074, 7, 'Shirogane', 5, 54, 2),
(1075, 7, 'Shirogane', 5, 55, 1),
(1076, 7, 'Shirogane', 5, 56, 1),
(1077, 7, 'Shirogane', 5, 57, 1),
(1078, 7, 'Shirogane', 5, 58, 2),
(1079, 7, 'Shirogane', 5, 59, 1),
(1080, 7, 'Shirogane', 5, 60, 3),
(1081, 5, 'The Goblet', 5, 1, 1),
(1082, 5, 'The Goblet', 5, 2, 1),
(1083, 5, 'The Goblet', 5, 3, 1),
(1084, 5, 'The Goblet', 5, 4, 2),
(1085, 5, 'The Goblet', 5, 5, 3),
(1086, 5, 'The Goblet', 5, 6, 2),
(1087, 5, 'The Goblet', 5, 7, 1),
(1088, 5, 'The Goblet', 5, 8, 2),
(1089, 5, 'The Goblet', 5, 9, 1),
(1090, 5, 'The Goblet', 5, 10, 1),
(1091, 5, 'The Goblet', 5, 11, 2),
(1092, 5, 'The Goblet', 5, 12, 2),
(1093, 5, 'The Goblet', 5, 13, 3),
(1094, 5, 'The Goblet', 5, 14, 1),
(1095, 5, 'The Goblet', 5, 15, 1),
(1096, 5, 'The Goblet', 5, 16, 1),
(1097, 5, 'The Goblet', 5, 17, 1),
(1098, 5, 'The Goblet', 5, 18, 1),
(1099, 5, 'The Goblet', 5, 19, 2),
(1100, 5, 'The Goblet', 5, 20, 1),
(1101, 5, 'The Goblet', 5, 21, 1),
(1102, 5, 'The Goblet', 5, 22, 1),
(1103, 5, 'The Goblet', 5, 23, 1),
(1104, 5, 'The Goblet', 5, 24, 1),
(1105, 5, 'The Goblet', 5, 25, 2),
(1106, 5, 'The Goblet', 5, 26, 1),
(1107, 5, 'The Goblet', 5, 27, 1),
(1108, 5, 'The Goblet', 5, 28, 1),
(1109, 5, 'The Goblet', 5, 29, 1),
(1110, 5, 'The Goblet', 5, 30, 3),
(1111, 5, 'The Goblet', 5, 31, 1),
(1112, 5, 'The Goblet', 5, 32, 1),
(1113, 5, 'The Goblet', 5, 33, 1),
(1114, 5, 'The Goblet', 5, 34, 2),
(1115, 5, 'The Goblet', 5, 35, 3),
(1116, 5, 'The Goblet', 5, 36, 2),
(1117, 5, 'The Goblet', 5, 37, 1),
(1118, 5, 'The Goblet', 5, 38, 2),
(1119, 5, 'The Goblet', 5, 39, 1),
(1120, 5, 'The Goblet', 5, 40, 1),
(1121, 5, 'The Goblet', 5, 41, 2),
(1122, 5, 'The Goblet', 5, 42, 2),
(1123, 5, 'The Goblet', 5, 43, 3),
(1124, 5, 'The Goblet', 5, 44, 1),
(1125, 5, 'The Goblet', 5, 45, 1),
(1126, 5, 'The Goblet', 5, 46, 1),
(1127, 5, 'The Goblet', 5, 47, 1),
(1128, 5, 'The Goblet', 5, 48, 1),
(1129, 5, 'The Goblet', 5, 49, 2),
(1130, 5, 'The Goblet', 5, 50, 1),
(1131, 5, 'The Goblet', 5, 51, 1),
(1132, 5, 'The Goblet', 5, 52, 1),
(1133, 5, 'The Goblet', 5, 53, 1),
(1134, 5, 'The Goblet', 5, 54, 1),
(1135, 5, 'The Goblet', 5, 55, 2),
(1136, 5, 'The Goblet', 5, 56, 1),
(1137, 5, 'The Goblet', 5, 57, 1),
(1138, 5, 'The Goblet', 5, 58, 1),
(1139, 5, 'The Goblet', 5, 59, 1),
(1140, 5, 'The Goblet', 5, 60, 3),
(1141, 2, 'The Lavender Beds', 5, 1, 2),
(1142, 2, 'The Lavender Beds', 5, 2, 1),
(1143, 2, 'The Lavender Beds', 5, 3, 3),
(1144, 2, 'The Lavender Beds', 5, 4, 1),
(1145, 2, 'The Lavender Beds', 5, 5, 2),
(1146, 2, 'The Lavender Beds', 5, 6, 3),
(1147, 2, 'The Lavender Beds', 5, 7, 1),
(1148, 2, 'The Lavender Beds', 5, 8, 1),
(1149, 2, 'The Lavender Beds', 5, 9, 1),
(1150, 2, 'The Lavender Beds', 5, 10, 1),
(1151, 2, 'The Lavender Beds', 5, 11, 2),
(1152, 2, 'The Lavender Beds', 5, 12, 1),
(1153, 2, 'The Lavender Beds', 5, 13, 1),
(1154, 2, 'The Lavender Beds', 5, 14, 1),
(1155, 2, 'The Lavender Beds', 5, 15, 1),
(1156, 2, 'The Lavender Beds', 5, 16, 2),
(1157, 2, 'The Lavender Beds', 5, 17, 1),
(1158, 2, 'The Lavender Beds', 5, 18, 1),
(1159, 2, 'The Lavender Beds', 5, 19, 1),
(1160, 2, 'The Lavender Beds', 5, 20, 1),
(1161, 2, 'The Lavender Beds', 5, 21, 2),
(1162, 2, 'The Lavender Beds', 5, 22, 1),
(1163, 2, 'The Lavender Beds', 5, 23, 1),
(1164, 2, 'The Lavender Beds', 5, 24, 1),
(1165, 2, 'The Lavender Beds', 5, 25, 1),
(1166, 2, 'The Lavender Beds', 5, 26, 1),
(1167, 2, 'The Lavender Beds', 5, 27, 2),
(1168, 2, 'The Lavender Beds', 5, 28, 3),
(1169, 2, 'The Lavender Beds', 5, 29, 1),
(1170, 2, 'The Lavender Beds', 5, 30, 2),
(1171, 2, 'The Lavender Beds', 5, 31, 2),
(1172, 2, 'The Lavender Beds', 5, 32, 1),
(1173, 2, 'The Lavender Beds', 5, 33, 3),
(1174, 2, 'The Lavender Beds', 5, 34, 1),
(1175, 2, 'The Lavender Beds', 5, 35, 2),
(1176, 2, 'The Lavender Beds', 5, 36, 3),
(1177, 2, 'The Lavender Beds', 5, 37, 1),
(1178, 2, 'The Lavender Beds', 5, 38, 1),
(1179, 2, 'The Lavender Beds', 5, 39, 1),
(1180, 2, 'The Lavender Beds', 5, 40, 1),
(1181, 2, 'The Lavender Beds', 5, 41, 2),
(1182, 2, 'The Lavender Beds', 5, 42, 1),
(1183, 2, 'The Lavender Beds', 5, 43, 1),
(1184, 2, 'The Lavender Beds', 5, 44, 1),
(1185, 2, 'The Lavender Beds', 5, 45, 1),
(1186, 2, 'The Lavender Beds', 5, 46, 2),
(1187, 2, 'The Lavender Beds', 5, 47, 1),
(1188, 2, 'The Lavender Beds', 5, 48, 1),
(1189, 2, 'The Lavender Beds', 5, 49, 1),
(1190, 2, 'The Lavender Beds', 5, 50, 1),
(1191, 2, 'The Lavender Beds', 5, 51, 2),
(1192, 2, 'The Lavender Beds', 5, 52, 1),
(1193, 2, 'The Lavender Beds', 5, 53, 1),
(1194, 2, 'The Lavender Beds', 5, 54, 1),
(1195, 2, 'The Lavender Beds', 5, 55, 1),
(1196, 2, 'The Lavender Beds', 5, 56, 1),
(1197, 2, 'The Lavender Beds', 5, 57, 2),
(1198, 2, 'The Lavender Beds', 5, 58, 3),
(1199, 2, 'The Lavender Beds', 5, 59, 1),
(1200, 2, 'The Lavender Beds', 5, 60, 2),
(1201, 4, 'Mist', 6, 1, 2),
(1202, 4, 'Mist', 6, 2, 3),
(1203, 4, 'Mist', 6, 3, 1),
(1204, 4, 'Mist', 6, 4, 2),
(1205, 4, 'Mist', 6, 5, 3),
(1206, 4, 'Mist', 6, 6, 2),
(1207, 4, 'Mist', 6, 7, 2),
(1208, 4, 'Mist', 6, 8, 1),
(1209, 4, 'Mist', 6, 9, 1),
(1210, 4, 'Mist', 6, 10, 1),
(1211, 4, 'Mist', 6, 11, 1),
(1212, 4, 'Mist', 6, 12, 1),
(1213, 4, 'Mist', 6, 13, 1),
(1214, 4, 'Mist', 6, 14, 2),
(1215, 4, 'Mist', 6, 15, 3),
(1216, 4, 'Mist', 6, 16, 1),
(1217, 4, 'Mist', 6, 17, 1),
(1218, 4, 'Mist', 6, 18, 1),
(1219, 4, 'Mist', 6, 19, 1),
(1220, 4, 'Mist', 6, 20, 1),
(1221, 4, 'Mist', 6, 21, 1),
(1222, 4, 'Mist', 6, 22, 1),
(1223, 4, 'Mist', 6, 23, 1),
(1224, 4, 'Mist', 6, 24, 1),
(1225, 4, 'Mist', 6, 25, 1),
(1226, 4, 'Mist', 6, 26, 1),
(1227, 4, 'Mist', 6, 27, 1),
(1228, 4, 'Mist', 6, 28, 1),
(1229, 4, 'Mist', 6, 29, 2),
(1230, 4, 'Mist', 6, 30, 2),
(1231, 4, 'Mist', 6, 31, 2),
(1232, 4, 'Mist', 6, 32, 3),
(1233, 4, 'Mist', 6, 33, 1),
(1234, 4, 'Mist', 6, 34, 2),
(1235, 4, 'Mist', 6, 35, 3),
(1236, 4, 'Mist', 6, 36, 2),
(1237, 4, 'Mist', 6, 37, 2),
(1238, 4, 'Mist', 6, 38, 1),
(1239, 4, 'Mist', 6, 39, 1),
(1240, 4, 'Mist', 6, 40, 1),
(1241, 4, 'Mist', 6, 41, 1),
(1242, 4, 'Mist', 6, 42, 1),
(1243, 4, 'Mist', 6, 43, 1),
(1244, 4, 'Mist', 6, 44, 2),
(1245, 4, 'Mist', 6, 45, 3),
(1246, 4, 'Mist', 6, 46, 1),
(1247, 4, 'Mist', 6, 47, 1),
(1248, 4, 'Mist', 6, 48, 1),
(1249, 4, 'Mist', 6, 49, 1),
(1250, 4, 'Mist', 6, 50, 1),
(1251, 4, 'Mist', 6, 51, 1),
(1252, 4, 'Mist', 6, 52, 1),
(1253, 4, 'Mist', 6, 53, 1),
(1254, 4, 'Mist', 6, 54, 1),
(1255, 4, 'Mist', 6, 55, 1),
(1256, 4, 'Mist', 6, 56, 1),
(1257, 4, 'Mist', 6, 57, 1),
(1258, 4, 'Mist', 6, 58, 1),
(1259, 4, 'Mist', 6, 59, 2),
(1260, 4, 'Mist', 6, 60, 2),
(1261, 7, 'Shirogane', 6, 1, 2),
(1262, 7, 'Shirogane', 6, 2, 1),
(1263, 7, 'Shirogane', 6, 3, 1),
(1264, 7, 'Shirogane', 6, 4, 1),
(1265, 7, 'Shirogane', 6, 5, 1),
(1266, 7, 'Shirogane', 6, 6, 1),
(1267, 7, 'Shirogane', 6, 7, 3),
(1268, 7, 'Shirogane', 6, 8, 2),
(1269, 7, 'Shirogane', 6, 9, 1),
(1270, 7, 'Shirogane', 6, 10, 1),
(1271, 7, 'Shirogane', 6, 11, 1),
(1272, 7, 'Shirogane', 6, 12, 1),
(1273, 7, 'Shirogane', 6, 13, 2),
(1274, 7, 'Shirogane', 6, 14, 1),
(1275, 7, 'Shirogane', 6, 15, 2),
(1276, 7, 'Shirogane', 6, 16, 3),
(1277, 7, 'Shirogane', 6, 17, 1),
(1278, 7, 'Shirogane', 6, 18, 1),
(1279, 7, 'Shirogane', 6, 19, 2),
(1280, 7, 'Shirogane', 6, 20, 1),
(1281, 7, 'Shirogane', 6, 21, 1),
(1282, 7, 'Shirogane', 6, 22, 1),
(1283, 7, 'Shirogane', 6, 23, 1),
(1284, 7, 'Shirogane', 6, 24, 2),
(1285, 7, 'Shirogane', 6, 25, 1),
(1286, 7, 'Shirogane', 6, 26, 1),
(1287, 7, 'Shirogane', 6, 27, 1),
(1288, 7, 'Shirogane', 6, 28, 2),
(1289, 7, 'Shirogane', 6, 29, 1),
(1290, 7, 'Shirogane', 6, 30, 3),
(1291, 7, 'Shirogane', 6, 31, 2),
(1292, 7, 'Shirogane', 6, 32, 1),
(1293, 7, 'Shirogane', 6, 33, 1),
(1294, 7, 'Shirogane', 6, 34, 1),
(1295, 7, 'Shirogane', 6, 35, 1),
(1296, 7, 'Shirogane', 6, 36, 1),
(1297, 7, 'Shirogane', 6, 37, 3),
(1298, 7, 'Shirogane', 6, 38, 2),
(1299, 7, 'Shirogane', 6, 39, 1),
(1300, 7, 'Shirogane', 6, 40, 1),
(1301, 7, 'Shirogane', 6, 41, 1),
(1302, 7, 'Shirogane', 6, 42, 1),
(1303, 7, 'Shirogane', 6, 43, 2),
(1304, 7, 'Shirogane', 6, 44, 1),
(1305, 7, 'Shirogane', 6, 45, 2),
(1306, 7, 'Shirogane', 6, 46, 3),
(1307, 7, 'Shirogane', 6, 47, 1),
(1308, 7, 'Shirogane', 6, 48, 1),
(1309, 7, 'Shirogane', 6, 49, 2),
(1310, 7, 'Shirogane', 6, 50, 1),
(1311, 7, 'Shirogane', 6, 51, 1),
(1312, 7, 'Shirogane', 6, 52, 1),
(1313, 7, 'Shirogane', 6, 53, 1),
(1314, 7, 'Shirogane', 6, 54, 2),
(1315, 7, 'Shirogane', 6, 55, 1),
(1316, 7, 'Shirogane', 6, 56, 1),
(1317, 7, 'Shirogane', 6, 57, 1),
(1318, 7, 'Shirogane', 6, 58, 2),
(1319, 7, 'Shirogane', 6, 59, 1),
(1320, 7, 'Shirogane', 6, 60, 3),
(1321, 5, 'The Goblet', 6, 1, 1),
(1322, 5, 'The Goblet', 6, 2, 1),
(1323, 5, 'The Goblet', 6, 3, 1),
(1324, 5, 'The Goblet', 6, 4, 2),
(1325, 5, 'The Goblet', 6, 5, 3),
(1326, 5, 'The Goblet', 6, 6, 2),
(1327, 5, 'The Goblet', 6, 7, 1),
(1328, 5, 'The Goblet', 6, 8, 2),
(1329, 5, 'The Goblet', 6, 9, 1),
(1330, 5, 'The Goblet', 6, 10, 1),
(1331, 5, 'The Goblet', 6, 11, 2),
(1332, 5, 'The Goblet', 6, 12, 2),
(1333, 5, 'The Goblet', 6, 13, 3),
(1334, 5, 'The Goblet', 6, 14, 1),
(1335, 5, 'The Goblet', 6, 15, 1),
(1336, 5, 'The Goblet', 6, 16, 1),
(1337, 5, 'The Goblet', 6, 17, 1),
(1338, 5, 'The Goblet', 6, 18, 1),
(1339, 5, 'The Goblet', 6, 19, 2),
(1340, 5, 'The Goblet', 6, 20, 1),
(1341, 5, 'The Goblet', 6, 21, 1),
(1342, 5, 'The Goblet', 6, 22, 1),
(1343, 5, 'The Goblet', 6, 23, 1),
(1344, 5, 'The Goblet', 6, 24, 1),
(1345, 5, 'The Goblet', 6, 25, 2),
(1346, 5, 'The Goblet', 6, 26, 1),
(1347, 5, 'The Goblet', 6, 27, 1),
(1348, 5, 'The Goblet', 6, 28, 1),
(1349, 5, 'The Goblet', 6, 29, 1),
(1350, 5, 'The Goblet', 6, 30, 3),
(1351, 5, 'The Goblet', 6, 31, 1),
(1352, 5, 'The Goblet', 6, 32, 1),
(1353, 5, 'The Goblet', 6, 33, 1),
(1354, 5, 'The Goblet', 6, 34, 2),
(1355, 5, 'The Goblet', 6, 35, 3),
(1356, 5, 'The Goblet', 6, 36, 2),
(1357, 5, 'The Goblet', 6, 37, 1),
(1358, 5, 'The Goblet', 6, 38, 2),
(1359, 5, 'The Goblet', 6, 39, 1),
(1360, 5, 'The Goblet', 6, 40, 1),
(1361, 5, 'The Goblet', 6, 41, 2),
(1362, 5, 'The Goblet', 6, 42, 2),
(1363, 5, 'The Goblet', 6, 43, 3),
(1364, 5, 'The Goblet', 6, 44, 1),
(1365, 5, 'The Goblet', 6, 45, 1),
(1366, 5, 'The Goblet', 6, 46, 1),
(1367, 5, 'The Goblet', 6, 47, 1),
(1368, 5, 'The Goblet', 6, 48, 1),
(1369, 5, 'The Goblet', 6, 49, 2),
(1370, 5, 'The Goblet', 6, 50, 1),
(1371, 5, 'The Goblet', 6, 51, 1),
(1372, 5, 'The Goblet', 6, 52, 1),
(1373, 5, 'The Goblet', 6, 53, 1),
(1374, 5, 'The Goblet', 6, 54, 1),
(1375, 5, 'The Goblet', 6, 55, 2),
(1376, 5, 'The Goblet', 6, 56, 1),
(1377, 5, 'The Goblet', 6, 57, 1),
(1378, 5, 'The Goblet', 6, 58, 1),
(1379, 5, 'The Goblet', 6, 59, 1),
(1380, 5, 'The Goblet', 6, 60, 3),
(1381, 2, 'The Lavender Beds', 6, 1, 2),
(1382, 2, 'The Lavender Beds', 6, 2, 1),
(1383, 2, 'The Lavender Beds', 6, 3, 3),
(1384, 2, 'The Lavender Beds', 6, 4, 1),
(1385, 2, 'The Lavender Beds', 6, 5, 2),
(1386, 2, 'The Lavender Beds', 6, 6, 3),
(1387, 2, 'The Lavender Beds', 6, 7, 1),
(1388, 2, 'The Lavender Beds', 6, 8, 1),
(1389, 2, 'The Lavender Beds', 6, 9, 1),
(1390, 2, 'The Lavender Beds', 6, 10, 1),
(1391, 2, 'The Lavender Beds', 6, 11, 2),
(1392, 2, 'The Lavender Beds', 6, 12, 1),
(1393, 2, 'The Lavender Beds', 6, 13, 1),
(1394, 2, 'The Lavender Beds', 6, 14, 1),
(1395, 2, 'The Lavender Beds', 6, 15, 1),
(1396, 2, 'The Lavender Beds', 6, 16, 2),
(1397, 2, 'The Lavender Beds', 6, 17, 1),
(1398, 2, 'The Lavender Beds', 6, 18, 1),
(1399, 2, 'The Lavender Beds', 6, 19, 1),
(1400, 2, 'The Lavender Beds', 6, 20, 1),
(1401, 2, 'The Lavender Beds', 6, 21, 2),
(1402, 2, 'The Lavender Beds', 6, 22, 1),
(1403, 2, 'The Lavender Beds', 6, 23, 1),
(1404, 2, 'The Lavender Beds', 6, 24, 1),
(1405, 2, 'The Lavender Beds', 6, 25, 1),
(1406, 2, 'The Lavender Beds', 6, 26, 1),
(1407, 2, 'The Lavender Beds', 6, 27, 2),
(1408, 2, 'The Lavender Beds', 6, 28, 3),
(1409, 2, 'The Lavender Beds', 6, 29, 1),
(1410, 2, 'The Lavender Beds', 6, 30, 2),
(1411, 2, 'The Lavender Beds', 6, 31, 2),
(1412, 2, 'The Lavender Beds', 6, 32, 1),
(1413, 2, 'The Lavender Beds', 6, 33, 3),
(1414, 2, 'The Lavender Beds', 6, 34, 1),
(1415, 2, 'The Lavender Beds', 6, 35, 2),
(1416, 2, 'The Lavender Beds', 6, 36, 3),
(1417, 2, 'The Lavender Beds', 6, 37, 1),
(1418, 2, 'The Lavender Beds', 6, 38, 1),
(1419, 2, 'The Lavender Beds', 6, 39, 1),
(1420, 2, 'The Lavender Beds', 6, 40, 1),
(1421, 2, 'The Lavender Beds', 6, 41, 2),
(1422, 2, 'The Lavender Beds', 6, 42, 1),
(1423, 2, 'The Lavender Beds', 6, 43, 1),
(1424, 2, 'The Lavender Beds', 6, 44, 1),
(1425, 2, 'The Lavender Beds', 6, 45, 1),
(1426, 2, 'The Lavender Beds', 6, 46, 2),
(1427, 2, 'The Lavender Beds', 6, 47, 1),
(1428, 2, 'The Lavender Beds', 6, 48, 1),
(1429, 2, 'The Lavender Beds', 6, 49, 1),
(1430, 2, 'The Lavender Beds', 6, 50, 1),
(1431, 2, 'The Lavender Beds', 6, 51, 2),
(1432, 2, 'The Lavender Beds', 6, 52, 1),
(1433, 2, 'The Lavender Beds', 6, 53, 1),
(1434, 2, 'The Lavender Beds', 6, 54, 1),
(1435, 2, 'The Lavender Beds', 6, 55, 1),
(1436, 2, 'The Lavender Beds', 6, 56, 1),
(1437, 2, 'The Lavender Beds', 6, 57, 2),
(1438, 2, 'The Lavender Beds', 6, 58, 3),
(1439, 2, 'The Lavender Beds', 6, 59, 1),
(1440, 2, 'The Lavender Beds', 6, 60, 2),
(1441, 4, 'Mist', 7, 1, 2),
(1442, 4, 'Mist', 7, 2, 3),
(1443, 4, 'Mist', 7, 3, 1),
(1444, 4, 'Mist', 7, 4, 2),
(1445, 4, 'Mist', 7, 5, 3),
(1446, 4, 'Mist', 7, 6, 2),
(1447, 4, 'Mist', 7, 7, 2),
(1448, 4, 'Mist', 7, 8, 1),
(1449, 4, 'Mist', 7, 9, 1),
(1450, 4, 'Mist', 7, 10, 1),
(1451, 4, 'Mist', 7, 11, 1),
(1452, 4, 'Mist', 7, 12, 1),
(1453, 4, 'Mist', 7, 13, 1),
(1454, 4, 'Mist', 7, 14, 2),
(1455, 4, 'Mist', 7, 15, 3),
(1456, 4, 'Mist', 7, 16, 1),
(1457, 4, 'Mist', 7, 17, 1),
(1458, 4, 'Mist', 7, 18, 1),
(1459, 4, 'Mist', 7, 19, 1),
(1460, 4, 'Mist', 7, 20, 1),
(1461, 4, 'Mist', 7, 21, 1),
(1462, 4, 'Mist', 7, 22, 1),
(1463, 4, 'Mist', 7, 23, 1),
(1464, 4, 'Mist', 7, 24, 1),
(1465, 4, 'Mist', 7, 25, 1),
(1466, 4, 'Mist', 7, 26, 1),
(1467, 4, 'Mist', 7, 27, 1),
(1468, 4, 'Mist', 7, 28, 1),
(1469, 4, 'Mist', 7, 29, 2),
(1470, 4, 'Mist', 7, 30, 2),
(1471, 4, 'Mist', 7, 31, 2),
(1472, 4, 'Mist', 7, 32, 3),
(1473, 4, 'Mist', 7, 33, 1),
(1474, 4, 'Mist', 7, 34, 2),
(1475, 4, 'Mist', 7, 35, 3),
(1476, 4, 'Mist', 7, 36, 2),
(1477, 4, 'Mist', 7, 37, 2),
(1478, 4, 'Mist', 7, 38, 1),
(1479, 4, 'Mist', 7, 39, 1),
(1480, 4, 'Mist', 7, 40, 1),
(1481, 4, 'Mist', 7, 41, 1),
(1482, 4, 'Mist', 7, 42, 1),
(1483, 4, 'Mist', 7, 43, 1),
(1484, 4, 'Mist', 7, 44, 2),
(1485, 4, 'Mist', 7, 45, 3),
(1486, 4, 'Mist', 7, 46, 1),
(1487, 4, 'Mist', 7, 47, 1),
(1488, 4, 'Mist', 7, 48, 1),
(1489, 4, 'Mist', 7, 49, 1),
(1490, 4, 'Mist', 7, 50, 1),
(1491, 4, 'Mist', 7, 51, 1),
(1492, 4, 'Mist', 7, 52, 1),
(1493, 4, 'Mist', 7, 53, 1),
(1494, 4, 'Mist', 7, 54, 1),
(1495, 4, 'Mist', 7, 55, 1),
(1496, 4, 'Mist', 7, 56, 1),
(1497, 4, 'Mist', 7, 57, 1),
(1498, 4, 'Mist', 7, 58, 1),
(1499, 4, 'Mist', 7, 59, 2),
(1500, 4, 'Mist', 7, 60, 2),
(1501, 7, 'Shirogane', 7, 1, 2),
(1502, 7, 'Shirogane', 7, 2, 1),
(1503, 7, 'Shirogane', 7, 3, 1),
(1504, 7, 'Shirogane', 7, 4, 1),
(1505, 7, 'Shirogane', 7, 5, 1),
(1506, 7, 'Shirogane', 7, 6, 1),
(1507, 7, 'Shirogane', 7, 7, 3),
(1508, 7, 'Shirogane', 7, 8, 2),
(1509, 7, 'Shirogane', 7, 9, 1),
(1510, 7, 'Shirogane', 7, 10, 1),
(1511, 7, 'Shirogane', 7, 11, 1),
(1512, 7, 'Shirogane', 7, 12, 1),
(1513, 7, 'Shirogane', 7, 13, 2),
(1514, 7, 'Shirogane', 7, 14, 1),
(1515, 7, 'Shirogane', 7, 15, 2),
(1516, 7, 'Shirogane', 7, 16, 3),
(1517, 7, 'Shirogane', 7, 17, 1),
(1518, 7, 'Shirogane', 7, 18, 1),
(1519, 7, 'Shirogane', 7, 19, 2),
(1520, 7, 'Shirogane', 7, 20, 1),
(1521, 7, 'Shirogane', 7, 21, 1),
(1522, 7, 'Shirogane', 7, 22, 1),
(1523, 7, 'Shirogane', 7, 23, 1),
(1524, 7, 'Shirogane', 7, 24, 2),
(1525, 7, 'Shirogane', 7, 25, 1),
(1526, 7, 'Shirogane', 7, 26, 1),
(1527, 7, 'Shirogane', 7, 27, 1),
(1528, 7, 'Shirogane', 7, 28, 2),
(1529, 7, 'Shirogane', 7, 29, 1),
(1530, 7, 'Shirogane', 7, 30, 3),
(1531, 7, 'Shirogane', 7, 31, 2),
(1532, 7, 'Shirogane', 7, 32, 1),
(1533, 7, 'Shirogane', 7, 33, 1),
(1534, 7, 'Shirogane', 7, 34, 1),
(1535, 7, 'Shirogane', 7, 35, 1),
(1536, 7, 'Shirogane', 7, 36, 1),
(1537, 7, 'Shirogane', 7, 37, 3),
(1538, 7, 'Shirogane', 7, 38, 2),
(1539, 7, 'Shirogane', 7, 39, 1),
(1540, 7, 'Shirogane', 7, 40, 1),
(1541, 7, 'Shirogane', 7, 41, 1),
(1542, 7, 'Shirogane', 7, 42, 1),
(1543, 7, 'Shirogane', 7, 43, 2),
(1544, 7, 'Shirogane', 7, 44, 1),
(1545, 7, 'Shirogane', 7, 45, 2),
(1546, 7, 'Shirogane', 7, 46, 3),
(1547, 7, 'Shirogane', 7, 47, 1),
(1548, 7, 'Shirogane', 7, 48, 1),
(1549, 7, 'Shirogane', 7, 49, 2),
(1550, 7, 'Shirogane', 7, 50, 1),
(1551, 7, 'Shirogane', 7, 51, 1),
(1552, 7, 'Shirogane', 7, 52, 1),
(1553, 7, 'Shirogane', 7, 53, 1),
(1554, 7, 'Shirogane', 7, 54, 2),
(1555, 7, 'Shirogane', 7, 55, 1),
(1556, 7, 'Shirogane', 7, 56, 1),
(1557, 7, 'Shirogane', 7, 57, 1),
(1558, 7, 'Shirogane', 7, 58, 2),
(1559, 7, 'Shirogane', 7, 59, 1),
(1560, 7, 'Shirogane', 7, 60, 3),
(1561, 5, 'The Goblet', 7, 1, 1),
(1562, 5, 'The Goblet', 7, 2, 1),
(1563, 5, 'The Goblet', 7, 3, 1),
(1564, 5, 'The Goblet', 7, 4, 2),
(1565, 5, 'The Goblet', 7, 5, 3);

INSERT IGNORE INTO `ffxiv__estate` (`estate_id`, `city_id`, `area`, `ward`, `plot`, `size`) VALUES
(1566, 5, 'The Goblet', 7, 6, 2),
(1567, 5, 'The Goblet', 7, 7, 1),
(1568, 5, 'The Goblet', 7, 8, 2),
(1569, 5, 'The Goblet', 7, 9, 1),
(1570, 5, 'The Goblet', 7, 10, 1),
(1571, 5, 'The Goblet', 7, 11, 2),
(1572, 5, 'The Goblet', 7, 12, 2),
(1573, 5, 'The Goblet', 7, 13, 3),
(1574, 5, 'The Goblet', 7, 14, 1),
(1575, 5, 'The Goblet', 7, 15, 1),
(1576, 5, 'The Goblet', 7, 16, 1),
(1577, 5, 'The Goblet', 7, 17, 1),
(1578, 5, 'The Goblet', 7, 18, 1),
(1579, 5, 'The Goblet', 7, 19, 2),
(1580, 5, 'The Goblet', 7, 20, 1),
(1581, 5, 'The Goblet', 7, 21, 1),
(1582, 5, 'The Goblet', 7, 22, 1),
(1583, 5, 'The Goblet', 7, 23, 1),
(1584, 5, 'The Goblet', 7, 24, 1),
(1585, 5, 'The Goblet', 7, 25, 2),
(1586, 5, 'The Goblet', 7, 26, 1),
(1587, 5, 'The Goblet', 7, 27, 1),
(1588, 5, 'The Goblet', 7, 28, 1),
(1589, 5, 'The Goblet', 7, 29, 1),
(1590, 5, 'The Goblet', 7, 30, 3),
(1591, 5, 'The Goblet', 7, 31, 1),
(1592, 5, 'The Goblet', 7, 32, 1),
(1593, 5, 'The Goblet', 7, 33, 1),
(1594, 5, 'The Goblet', 7, 34, 2),
(1595, 5, 'The Goblet', 7, 35, 3),
(1596, 5, 'The Goblet', 7, 36, 2),
(1597, 5, 'The Goblet', 7, 37, 1),
(1598, 5, 'The Goblet', 7, 38, 2),
(1599, 5, 'The Goblet', 7, 39, 1),
(1600, 5, 'The Goblet', 7, 40, 1),
(1601, 5, 'The Goblet', 7, 41, 2),
(1602, 5, 'The Goblet', 7, 42, 2),
(1603, 5, 'The Goblet', 7, 43, 3),
(1604, 5, 'The Goblet', 7, 44, 1),
(1605, 5, 'The Goblet', 7, 45, 1),
(1606, 5, 'The Goblet', 7, 46, 1),
(1607, 5, 'The Goblet', 7, 47, 1),
(1608, 5, 'The Goblet', 7, 48, 1),
(1609, 5, 'The Goblet', 7, 49, 2),
(1610, 5, 'The Goblet', 7, 50, 1),
(1611, 5, 'The Goblet', 7, 51, 1),
(1612, 5, 'The Goblet', 7, 52, 1),
(1613, 5, 'The Goblet', 7, 53, 1),
(1614, 5, 'The Goblet', 7, 54, 1),
(1615, 5, 'The Goblet', 7, 55, 2),
(1616, 5, 'The Goblet', 7, 56, 1),
(1617, 5, 'The Goblet', 7, 57, 1),
(1618, 5, 'The Goblet', 7, 58, 1),
(1619, 5, 'The Goblet', 7, 59, 1),
(1620, 5, 'The Goblet', 7, 60, 3),
(1621, 2, 'The Lavender Beds', 7, 1, 2),
(1622, 2, 'The Lavender Beds', 7, 2, 1),
(1623, 2, 'The Lavender Beds', 7, 3, 3),
(1624, 2, 'The Lavender Beds', 7, 4, 1),
(1625, 2, 'The Lavender Beds', 7, 5, 2),
(1626, 2, 'The Lavender Beds', 7, 6, 3),
(1627, 2, 'The Lavender Beds', 7, 7, 1),
(1628, 2, 'The Lavender Beds', 7, 8, 1),
(1629, 2, 'The Lavender Beds', 7, 9, 1),
(1630, 2, 'The Lavender Beds', 7, 10, 1),
(1631, 2, 'The Lavender Beds', 7, 11, 2),
(1632, 2, 'The Lavender Beds', 7, 12, 1),
(1633, 2, 'The Lavender Beds', 7, 13, 1),
(1634, 2, 'The Lavender Beds', 7, 14, 1),
(1635, 2, 'The Lavender Beds', 7, 15, 1),
(1636, 2, 'The Lavender Beds', 7, 16, 2),
(1637, 2, 'The Lavender Beds', 7, 17, 1),
(1638, 2, 'The Lavender Beds', 7, 18, 1),
(1639, 2, 'The Lavender Beds', 7, 19, 1),
(1640, 2, 'The Lavender Beds', 7, 20, 1),
(1641, 2, 'The Lavender Beds', 7, 21, 2),
(1642, 2, 'The Lavender Beds', 7, 22, 1),
(1643, 2, 'The Lavender Beds', 7, 23, 1),
(1644, 2, 'The Lavender Beds', 7, 24, 1),
(1645, 2, 'The Lavender Beds', 7, 25, 1),
(1646, 2, 'The Lavender Beds', 7, 26, 1),
(1647, 2, 'The Lavender Beds', 7, 27, 2),
(1648, 2, 'The Lavender Beds', 7, 28, 3),
(1649, 2, 'The Lavender Beds', 7, 29, 1),
(1650, 2, 'The Lavender Beds', 7, 30, 2),
(1651, 2, 'The Lavender Beds', 7, 31, 2),
(1652, 2, 'The Lavender Beds', 7, 32, 1),
(1653, 2, 'The Lavender Beds', 7, 33, 3),
(1654, 2, 'The Lavender Beds', 7, 34, 1),
(1655, 2, 'The Lavender Beds', 7, 35, 2),
(1656, 2, 'The Lavender Beds', 7, 36, 3),
(1657, 2, 'The Lavender Beds', 7, 37, 1),
(1658, 2, 'The Lavender Beds', 7, 38, 1),
(1659, 2, 'The Lavender Beds', 7, 39, 1),
(1660, 2, 'The Lavender Beds', 7, 40, 1),
(1661, 2, 'The Lavender Beds', 7, 41, 2),
(1662, 2, 'The Lavender Beds', 7, 42, 1),
(1663, 2, 'The Lavender Beds', 7, 43, 1),
(1664, 2, 'The Lavender Beds', 7, 44, 1),
(1665, 2, 'The Lavender Beds', 7, 45, 1),
(1666, 2, 'The Lavender Beds', 7, 46, 2),
(1667, 2, 'The Lavender Beds', 7, 47, 1),
(1668, 2, 'The Lavender Beds', 7, 48, 1),
(1669, 2, 'The Lavender Beds', 7, 49, 1),
(1670, 2, 'The Lavender Beds', 7, 50, 1),
(1671, 2, 'The Lavender Beds', 7, 51, 2),
(1672, 2, 'The Lavender Beds', 7, 52, 1),
(1673, 2, 'The Lavender Beds', 7, 53, 1),
(1674, 2, 'The Lavender Beds', 7, 54, 1),
(1675, 2, 'The Lavender Beds', 7, 55, 1),
(1676, 2, 'The Lavender Beds', 7, 56, 1),
(1677, 2, 'The Lavender Beds', 7, 57, 2),
(1678, 2, 'The Lavender Beds', 7, 58, 3),
(1679, 2, 'The Lavender Beds', 7, 59, 1),
(1680, 2, 'The Lavender Beds', 7, 60, 2),
(1681, 4, 'Mist', 8, 1, 2),
(1682, 4, 'Mist', 8, 2, 3),
(1683, 4, 'Mist', 8, 3, 1),
(1684, 4, 'Mist', 8, 4, 2),
(1685, 4, 'Mist', 8, 5, 3),
(1686, 4, 'Mist', 8, 6, 2),
(1687, 4, 'Mist', 8, 7, 2),
(1688, 4, 'Mist', 8, 8, 1),
(1689, 4, 'Mist', 8, 9, 1),
(1690, 4, 'Mist', 8, 10, 1),
(1691, 4, 'Mist', 8, 11, 1),
(1692, 4, 'Mist', 8, 12, 1),
(1693, 4, 'Mist', 8, 13, 1),
(1694, 4, 'Mist', 8, 14, 2),
(1695, 4, 'Mist', 8, 15, 3),
(1696, 4, 'Mist', 8, 16, 1),
(1697, 4, 'Mist', 8, 17, 1),
(1698, 4, 'Mist', 8, 18, 1),
(1699, 4, 'Mist', 8, 19, 1),
(1700, 4, 'Mist', 8, 20, 1),
(1701, 4, 'Mist', 8, 21, 1),
(1702, 4, 'Mist', 8, 22, 1),
(1703, 4, 'Mist', 8, 23, 1),
(1704, 4, 'Mist', 8, 24, 1),
(1705, 4, 'Mist', 8, 25, 1),
(1706, 4, 'Mist', 8, 26, 1),
(1707, 4, 'Mist', 8, 27, 1),
(1708, 4, 'Mist', 8, 28, 1),
(1709, 4, 'Mist', 8, 29, 2),
(1710, 4, 'Mist', 8, 30, 2),
(1711, 4, 'Mist', 8, 31, 2),
(1712, 4, 'Mist', 8, 32, 3),
(1713, 4, 'Mist', 8, 33, 1),
(1714, 4, 'Mist', 8, 34, 2),
(1715, 4, 'Mist', 8, 35, 3),
(1716, 4, 'Mist', 8, 36, 2),
(1717, 4, 'Mist', 8, 37, 2),
(1718, 4, 'Mist', 8, 38, 1),
(1719, 4, 'Mist', 8, 39, 1),
(1720, 4, 'Mist', 8, 40, 1),
(1721, 4, 'Mist', 8, 41, 1),
(1722, 4, 'Mist', 8, 42, 1),
(1723, 4, 'Mist', 8, 43, 1),
(1724, 4, 'Mist', 8, 44, 2),
(1725, 4, 'Mist', 8, 45, 3),
(1726, 4, 'Mist', 8, 46, 1),
(1727, 4, 'Mist', 8, 47, 1),
(1728, 4, 'Mist', 8, 48, 1),
(1729, 4, 'Mist', 8, 49, 1),
(1730, 4, 'Mist', 8, 50, 1),
(1731, 4, 'Mist', 8, 51, 1),
(1732, 4, 'Mist', 8, 52, 1),
(1733, 4, 'Mist', 8, 53, 1),
(1734, 4, 'Mist', 8, 54, 1),
(1735, 4, 'Mist', 8, 55, 1),
(1736, 4, 'Mist', 8, 56, 1),
(1737, 4, 'Mist', 8, 57, 1),
(1738, 4, 'Mist', 8, 58, 1),
(1739, 4, 'Mist', 8, 59, 2),
(1740, 4, 'Mist', 8, 60, 2),
(1741, 7, 'Shirogane', 8, 1, 2),
(1742, 7, 'Shirogane', 8, 2, 1),
(1743, 7, 'Shirogane', 8, 3, 1),
(1744, 7, 'Shirogane', 8, 4, 1),
(1745, 7, 'Shirogane', 8, 5, 1),
(1746, 7, 'Shirogane', 8, 6, 1),
(1747, 7, 'Shirogane', 8, 7, 3),
(1748, 7, 'Shirogane', 8, 8, 2),
(1749, 7, 'Shirogane', 8, 9, 1),
(1750, 7, 'Shirogane', 8, 10, 1),
(1751, 7, 'Shirogane', 8, 11, 1),
(1752, 7, 'Shirogane', 8, 12, 1),
(1753, 7, 'Shirogane', 8, 13, 2),
(1754, 7, 'Shirogane', 8, 14, 1),
(1755, 7, 'Shirogane', 8, 15, 2),
(1756, 7, 'Shirogane', 8, 16, 3),
(1757, 7, 'Shirogane', 8, 17, 1),
(1758, 7, 'Shirogane', 8, 18, 1),
(1759, 7, 'Shirogane', 8, 19, 2),
(1760, 7, 'Shirogane', 8, 20, 1),
(1761, 7, 'Shirogane', 8, 21, 1),
(1762, 7, 'Shirogane', 8, 22, 1),
(1763, 7, 'Shirogane', 8, 23, 1),
(1764, 7, 'Shirogane', 8, 24, 2),
(1765, 7, 'Shirogane', 8, 25, 1),
(1766, 7, 'Shirogane', 8, 26, 1),
(1767, 7, 'Shirogane', 8, 27, 1),
(1768, 7, 'Shirogane', 8, 28, 2),
(1769, 7, 'Shirogane', 8, 29, 1),
(1770, 7, 'Shirogane', 8, 30, 3),
(1771, 7, 'Shirogane', 8, 31, 2),
(1772, 7, 'Shirogane', 8, 32, 1),
(1773, 7, 'Shirogane', 8, 33, 1),
(1774, 7, 'Shirogane', 8, 34, 1),
(1775, 7, 'Shirogane', 8, 35, 1),
(1776, 7, 'Shirogane', 8, 36, 1),
(1777, 7, 'Shirogane', 8, 37, 3),
(1778, 7, 'Shirogane', 8, 38, 2),
(1779, 7, 'Shirogane', 8, 39, 1),
(1780, 7, 'Shirogane', 8, 40, 1),
(1781, 7, 'Shirogane', 8, 41, 1),
(1782, 7, 'Shirogane', 8, 42, 1),
(1783, 7, 'Shirogane', 8, 43, 2),
(1784, 7, 'Shirogane', 8, 44, 1),
(1785, 7, 'Shirogane', 8, 45, 2),
(1786, 7, 'Shirogane', 8, 46, 3),
(1787, 7, 'Shirogane', 8, 47, 1),
(1788, 7, 'Shirogane', 8, 48, 1),
(1789, 7, 'Shirogane', 8, 49, 2),
(1790, 7, 'Shirogane', 8, 50, 1),
(1791, 7, 'Shirogane', 8, 51, 1),
(1792, 7, 'Shirogane', 8, 52, 1),
(1793, 7, 'Shirogane', 8, 53, 1),
(1794, 7, 'Shirogane', 8, 54, 2),
(1795, 7, 'Shirogane', 8, 55, 1),
(1796, 7, 'Shirogane', 8, 56, 1),
(1797, 7, 'Shirogane', 8, 57, 1),
(1798, 7, 'Shirogane', 8, 58, 2),
(1799, 7, 'Shirogane', 8, 59, 1),
(1800, 7, 'Shirogane', 8, 60, 3),
(1801, 5, 'The Goblet', 8, 1, 1),
(1802, 5, 'The Goblet', 8, 2, 1),
(1803, 5, 'The Goblet', 8, 3, 1),
(1804, 5, 'The Goblet', 8, 4, 2),
(1805, 5, 'The Goblet', 8, 5, 3),
(1806, 5, 'The Goblet', 8, 6, 2),
(1807, 5, 'The Goblet', 8, 7, 1),
(1808, 5, 'The Goblet', 8, 8, 2),
(1809, 5, 'The Goblet', 8, 9, 1),
(1810, 5, 'The Goblet', 8, 10, 1),
(1811, 5, 'The Goblet', 8, 11, 2),
(1812, 5, 'The Goblet', 8, 12, 2),
(1813, 5, 'The Goblet', 8, 13, 3),
(1814, 5, 'The Goblet', 8, 14, 1),
(1815, 5, 'The Goblet', 8, 15, 1),
(1816, 5, 'The Goblet', 8, 16, 1),
(1817, 5, 'The Goblet', 8, 17, 1),
(1818, 5, 'The Goblet', 8, 18, 1),
(1819, 5, 'The Goblet', 8, 19, 2),
(1820, 5, 'The Goblet', 8, 20, 1),
(1821, 5, 'The Goblet', 8, 21, 1),
(1822, 5, 'The Goblet', 8, 22, 1),
(1823, 5, 'The Goblet', 8, 23, 1),
(1824, 5, 'The Goblet', 8, 24, 1),
(1825, 5, 'The Goblet', 8, 25, 2),
(1826, 5, 'The Goblet', 8, 26, 1),
(1827, 5, 'The Goblet', 8, 27, 1),
(1828, 5, 'The Goblet', 8, 28, 1),
(1829, 5, 'The Goblet', 8, 29, 1),
(1830, 5, 'The Goblet', 8, 30, 3),
(1831, 5, 'The Goblet', 8, 31, 1),
(1832, 5, 'The Goblet', 8, 32, 1),
(1833, 5, 'The Goblet', 8, 33, 1),
(1834, 5, 'The Goblet', 8, 34, 2),
(1835, 5, 'The Goblet', 8, 35, 3),
(1836, 5, 'The Goblet', 8, 36, 2),
(1837, 5, 'The Goblet', 8, 37, 1),
(1838, 5, 'The Goblet', 8, 38, 2),
(1839, 5, 'The Goblet', 8, 39, 1),
(1840, 5, 'The Goblet', 8, 40, 1),
(1841, 5, 'The Goblet', 8, 41, 2),
(1842, 5, 'The Goblet', 8, 42, 2),
(1843, 5, 'The Goblet', 8, 43, 3),
(1844, 5, 'The Goblet', 8, 44, 1),
(1845, 5, 'The Goblet', 8, 45, 1),
(1846, 5, 'The Goblet', 8, 46, 1),
(1847, 5, 'The Goblet', 8, 47, 1),
(1848, 5, 'The Goblet', 8, 48, 1),
(1849, 5, 'The Goblet', 8, 49, 2),
(1850, 5, 'The Goblet', 8, 50, 1),
(1851, 5, 'The Goblet', 8, 51, 1),
(1852, 5, 'The Goblet', 8, 52, 1),
(1853, 5, 'The Goblet', 8, 53, 1),
(1854, 5, 'The Goblet', 8, 54, 1),
(1855, 5, 'The Goblet', 8, 55, 2),
(1856, 5, 'The Goblet', 8, 56, 1),
(1857, 5, 'The Goblet', 8, 57, 1),
(1858, 5, 'The Goblet', 8, 58, 1),
(1859, 5, 'The Goblet', 8, 59, 1),
(1860, 5, 'The Goblet', 8, 60, 3),
(1861, 2, 'The Lavender Beds', 8, 1, 2),
(1862, 2, 'The Lavender Beds', 8, 2, 1),
(1863, 2, 'The Lavender Beds', 8, 3, 3),
(1864, 2, 'The Lavender Beds', 8, 4, 1),
(1865, 2, 'The Lavender Beds', 8, 5, 2),
(1866, 2, 'The Lavender Beds', 8, 6, 3),
(1867, 2, 'The Lavender Beds', 8, 7, 1),
(1868, 2, 'The Lavender Beds', 8, 8, 1),
(1869, 2, 'The Lavender Beds', 8, 9, 1),
(1870, 2, 'The Lavender Beds', 8, 10, 1),
(1871, 2, 'The Lavender Beds', 8, 11, 2),
(1872, 2, 'The Lavender Beds', 8, 12, 1),
(1873, 2, 'The Lavender Beds', 8, 13, 1),
(1874, 2, 'The Lavender Beds', 8, 14, 1),
(1875, 2, 'The Lavender Beds', 8, 15, 1),
(1876, 2, 'The Lavender Beds', 8, 16, 2),
(1877, 2, 'The Lavender Beds', 8, 17, 1),
(1878, 2, 'The Lavender Beds', 8, 18, 1),
(1879, 2, 'The Lavender Beds', 8, 19, 1),
(1880, 2, 'The Lavender Beds', 8, 20, 1),
(1881, 2, 'The Lavender Beds', 8, 21, 2),
(1882, 2, 'The Lavender Beds', 8, 22, 1),
(1883, 2, 'The Lavender Beds', 8, 23, 1),
(1884, 2, 'The Lavender Beds', 8, 24, 1),
(1885, 2, 'The Lavender Beds', 8, 25, 1),
(1886, 2, 'The Lavender Beds', 8, 26, 1),
(1887, 2, 'The Lavender Beds', 8, 27, 2),
(1888, 2, 'The Lavender Beds', 8, 28, 3),
(1889, 2, 'The Lavender Beds', 8, 29, 1),
(1890, 2, 'The Lavender Beds', 8, 30, 2),
(1891, 2, 'The Lavender Beds', 8, 31, 2),
(1892, 2, 'The Lavender Beds', 8, 32, 1),
(1893, 2, 'The Lavender Beds', 8, 33, 3),
(1894, 2, 'The Lavender Beds', 8, 34, 1),
(1895, 2, 'The Lavender Beds', 8, 35, 2),
(1896, 2, 'The Lavender Beds', 8, 36, 3),
(1897, 2, 'The Lavender Beds', 8, 37, 1),
(1898, 2, 'The Lavender Beds', 8, 38, 1),
(1899, 2, 'The Lavender Beds', 8, 39, 1),
(1900, 2, 'The Lavender Beds', 8, 40, 1),
(1901, 2, 'The Lavender Beds', 8, 41, 2),
(1902, 2, 'The Lavender Beds', 8, 42, 1),
(1903, 2, 'The Lavender Beds', 8, 43, 1),
(1904, 2, 'The Lavender Beds', 8, 44, 1),
(1905, 2, 'The Lavender Beds', 8, 45, 1),
(1906, 2, 'The Lavender Beds', 8, 46, 2),
(1907, 2, 'The Lavender Beds', 8, 47, 1),
(1908, 2, 'The Lavender Beds', 8, 48, 1),
(1909, 2, 'The Lavender Beds', 8, 49, 1),
(1910, 2, 'The Lavender Beds', 8, 50, 1),
(1911, 2, 'The Lavender Beds', 8, 51, 2),
(1912, 2, 'The Lavender Beds', 8, 52, 1),
(1913, 2, 'The Lavender Beds', 8, 53, 1),
(1914, 2, 'The Lavender Beds', 8, 54, 1),
(1915, 2, 'The Lavender Beds', 8, 55, 1),
(1916, 2, 'The Lavender Beds', 8, 56, 1),
(1917, 2, 'The Lavender Beds', 8, 57, 2),
(1918, 2, 'The Lavender Beds', 8, 58, 3),
(1919, 2, 'The Lavender Beds', 8, 59, 1),
(1920, 2, 'The Lavender Beds', 8, 60, 2),
(1921, 4, 'Mist', 9, 1, 2),
(1922, 4, 'Mist', 9, 2, 3),
(1923, 4, 'Mist', 9, 3, 1),
(1924, 4, 'Mist', 9, 4, 2),
(1925, 4, 'Mist', 9, 5, 3),
(1926, 4, 'Mist', 9, 6, 2),
(1927, 4, 'Mist', 9, 7, 2),
(1928, 4, 'Mist', 9, 8, 1),
(1929, 4, 'Mist', 9, 9, 1),
(1930, 4, 'Mist', 9, 10, 1),
(1931, 4, 'Mist', 9, 11, 1),
(1932, 4, 'Mist', 9, 12, 1),
(1933, 4, 'Mist', 9, 13, 1),
(1934, 4, 'Mist', 9, 14, 2),
(1935, 4, 'Mist', 9, 15, 3),
(1936, 4, 'Mist', 9, 16, 1),
(1937, 4, 'Mist', 9, 17, 1),
(1938, 4, 'Mist', 9, 18, 1),
(1939, 4, 'Mist', 9, 19, 1),
(1940, 4, 'Mist', 9, 20, 1),
(1941, 4, 'Mist', 9, 21, 1),
(1942, 4, 'Mist', 9, 22, 1),
(1943, 4, 'Mist', 9, 23, 1),
(1944, 4, 'Mist', 9, 24, 1),
(1945, 4, 'Mist', 9, 25, 1),
(1946, 4, 'Mist', 9, 26, 1),
(1947, 4, 'Mist', 9, 27, 1),
(1948, 4, 'Mist', 9, 28, 1),
(1949, 4, 'Mist', 9, 29, 2),
(1950, 4, 'Mist', 9, 30, 2),
(1951, 4, 'Mist', 9, 31, 2),
(1952, 4, 'Mist', 9, 32, 3),
(1953, 4, 'Mist', 9, 33, 1),
(1954, 4, 'Mist', 9, 34, 2),
(1955, 4, 'Mist', 9, 35, 3),
(1956, 4, 'Mist', 9, 36, 2),
(1957, 4, 'Mist', 9, 37, 2),
(1958, 4, 'Mist', 9, 38, 1),
(1959, 4, 'Mist', 9, 39, 1),
(1960, 4, 'Mist', 9, 40, 1),
(1961, 4, 'Mist', 9, 41, 1),
(1962, 4, 'Mist', 9, 42, 1),
(1963, 4, 'Mist', 9, 43, 1),
(1964, 4, 'Mist', 9, 44, 2),
(1965, 4, 'Mist', 9, 45, 3),
(1966, 4, 'Mist', 9, 46, 1),
(1967, 4, 'Mist', 9, 47, 1),
(1968, 4, 'Mist', 9, 48, 1),
(1969, 4, 'Mist', 9, 49, 1),
(1970, 4, 'Mist', 9, 50, 1),
(1971, 4, 'Mist', 9, 51, 1),
(1972, 4, 'Mist', 9, 52, 1),
(1973, 4, 'Mist', 9, 53, 1),
(1974, 4, 'Mist', 9, 54, 1),
(1975, 4, 'Mist', 9, 55, 1),
(1976, 4, 'Mist', 9, 56, 1),
(1977, 4, 'Mist', 9, 57, 1),
(1978, 4, 'Mist', 9, 58, 1),
(1979, 4, 'Mist', 9, 59, 2),
(1980, 4, 'Mist', 9, 60, 2),
(1981, 7, 'Shirogane', 9, 1, 2),
(1982, 7, 'Shirogane', 9, 2, 1),
(1983, 7, 'Shirogane', 9, 3, 1),
(1984, 7, 'Shirogane', 9, 4, 1),
(1985, 7, 'Shirogane', 9, 5, 1),
(1986, 7, 'Shirogane', 9, 6, 1),
(1987, 7, 'Shirogane', 9, 7, 3),
(1988, 7, 'Shirogane', 9, 8, 2),
(1989, 7, 'Shirogane', 9, 9, 1),
(1990, 7, 'Shirogane', 9, 10, 1),
(1991, 7, 'Shirogane', 9, 11, 1),
(1992, 7, 'Shirogane', 9, 12, 1),
(1993, 7, 'Shirogane', 9, 13, 2),
(1994, 7, 'Shirogane', 9, 14, 1),
(1995, 7, 'Shirogane', 9, 15, 2),
(1996, 7, 'Shirogane', 9, 16, 3),
(1997, 7, 'Shirogane', 9, 17, 1),
(1998, 7, 'Shirogane', 9, 18, 1),
(1999, 7, 'Shirogane', 9, 19, 2),
(2000, 7, 'Shirogane', 9, 20, 1),
(2001, 7, 'Shirogane', 9, 21, 1),
(2002, 7, 'Shirogane', 9, 22, 1),
(2003, 7, 'Shirogane', 9, 23, 1),
(2004, 7, 'Shirogane', 9, 24, 2),
(2005, 7, 'Shirogane', 9, 25, 1),
(2006, 7, 'Shirogane', 9, 26, 1),
(2007, 7, 'Shirogane', 9, 27, 1),
(2008, 7, 'Shirogane', 9, 28, 2),
(2009, 7, 'Shirogane', 9, 29, 1),
(2010, 7, 'Shirogane', 9, 30, 3),
(2011, 7, 'Shirogane', 9, 31, 2),
(2012, 7, 'Shirogane', 9, 32, 1),
(2013, 7, 'Shirogane', 9, 33, 1),
(2014, 7, 'Shirogane', 9, 34, 1),
(2015, 7, 'Shirogane', 9, 35, 1),
(2016, 7, 'Shirogane', 9, 36, 1),
(2017, 7, 'Shirogane', 9, 37, 3),
(2018, 7, 'Shirogane', 9, 38, 2),
(2019, 7, 'Shirogane', 9, 39, 1),
(2020, 7, 'Shirogane', 9, 40, 1),
(2021, 7, 'Shirogane', 9, 41, 1),
(2022, 7, 'Shirogane', 9, 42, 1),
(2023, 7, 'Shirogane', 9, 43, 2),
(2024, 7, 'Shirogane', 9, 44, 1),
(2025, 7, 'Shirogane', 9, 45, 2),
(2026, 7, 'Shirogane', 9, 46, 3),
(2027, 7, 'Shirogane', 9, 47, 1),
(2028, 7, 'Shirogane', 9, 48, 1),
(2029, 7, 'Shirogane', 9, 49, 2),
(2030, 7, 'Shirogane', 9, 50, 1),
(2031, 7, 'Shirogane', 9, 51, 1),
(2032, 7, 'Shirogane', 9, 52, 1),
(2033, 7, 'Shirogane', 9, 53, 1),
(2034, 7, 'Shirogane', 9, 54, 2),
(2035, 7, 'Shirogane', 9, 55, 1),
(2036, 7, 'Shirogane', 9, 56, 1),
(2037, 7, 'Shirogane', 9, 57, 1),
(2038, 7, 'Shirogane', 9, 58, 2),
(2039, 7, 'Shirogane', 9, 59, 1),
(2040, 7, 'Shirogane', 9, 60, 3),
(2041, 5, 'The Goblet', 9, 1, 1),
(2042, 5, 'The Goblet', 9, 2, 1),
(2043, 5, 'The Goblet', 9, 3, 1),
(2044, 5, 'The Goblet', 9, 4, 2),
(2045, 5, 'The Goblet', 9, 5, 3),
(2046, 5, 'The Goblet', 9, 6, 2),
(2047, 5, 'The Goblet', 9, 7, 1),
(2048, 5, 'The Goblet', 9, 8, 2),
(2049, 5, 'The Goblet', 9, 9, 1),
(2050, 5, 'The Goblet', 9, 10, 1),
(2051, 5, 'The Goblet', 9, 11, 2),
(2052, 5, 'The Goblet', 9, 12, 2),
(2053, 5, 'The Goblet', 9, 13, 3),
(2054, 5, 'The Goblet', 9, 14, 1),
(2055, 5, 'The Goblet', 9, 15, 1),
(2056, 5, 'The Goblet', 9, 16, 1),
(2057, 5, 'The Goblet', 9, 17, 1),
(2058, 5, 'The Goblet', 9, 18, 1),
(2059, 5, 'The Goblet', 9, 19, 2),
(2060, 5, 'The Goblet', 9, 20, 1),
(2061, 5, 'The Goblet', 9, 21, 1),
(2062, 5, 'The Goblet', 9, 22, 1),
(2063, 5, 'The Goblet', 9, 23, 1),
(2064, 5, 'The Goblet', 9, 24, 1),
(2065, 5, 'The Goblet', 9, 25, 2),
(2066, 5, 'The Goblet', 9, 26, 1),
(2067, 5, 'The Goblet', 9, 27, 1),
(2068, 5, 'The Goblet', 9, 28, 1),
(2069, 5, 'The Goblet', 9, 29, 1),
(2070, 5, 'The Goblet', 9, 30, 3),
(2071, 5, 'The Goblet', 9, 31, 1),
(2072, 5, 'The Goblet', 9, 32, 1),
(2073, 5, 'The Goblet', 9, 33, 1),
(2074, 5, 'The Goblet', 9, 34, 2),
(2075, 5, 'The Goblet', 9, 35, 3),
(2076, 5, 'The Goblet', 9, 36, 2),
(2077, 5, 'The Goblet', 9, 37, 1),
(2078, 5, 'The Goblet', 9, 38, 2),
(2079, 5, 'The Goblet', 9, 39, 1),
(2080, 5, 'The Goblet', 9, 40, 1),
(2081, 5, 'The Goblet', 9, 41, 2),
(2082, 5, 'The Goblet', 9, 42, 2),
(2083, 5, 'The Goblet', 9, 43, 3),
(2084, 5, 'The Goblet', 9, 44, 1),
(2085, 5, 'The Goblet', 9, 45, 1),
(2086, 5, 'The Goblet', 9, 46, 1),
(2087, 5, 'The Goblet', 9, 47, 1),
(2088, 5, 'The Goblet', 9, 48, 1),
(2089, 5, 'The Goblet', 9, 49, 2),
(2090, 5, 'The Goblet', 9, 50, 1),
(2091, 5, 'The Goblet', 9, 51, 1),
(2092, 5, 'The Goblet', 9, 52, 1),
(2093, 5, 'The Goblet', 9, 53, 1),
(2094, 5, 'The Goblet', 9, 54, 1),
(2095, 5, 'The Goblet', 9, 55, 2),
(2096, 5, 'The Goblet', 9, 56, 1),
(2097, 5, 'The Goblet', 9, 57, 1),
(2098, 5, 'The Goblet', 9, 58, 1),
(2099, 5, 'The Goblet', 9, 59, 1),
(2100, 5, 'The Goblet', 9, 60, 3),
(2101, 2, 'The Lavender Beds', 9, 1, 2),
(2102, 2, 'The Lavender Beds', 9, 2, 1),
(2103, 2, 'The Lavender Beds', 9, 3, 3),
(2104, 2, 'The Lavender Beds', 9, 4, 1),
(2105, 2, 'The Lavender Beds', 9, 5, 2),
(2106, 2, 'The Lavender Beds', 9, 6, 3),
(2107, 2, 'The Lavender Beds', 9, 7, 1),
(2108, 2, 'The Lavender Beds', 9, 8, 1),
(2109, 2, 'The Lavender Beds', 9, 9, 1),
(2110, 2, 'The Lavender Beds', 9, 10, 1),
(2111, 2, 'The Lavender Beds', 9, 11, 2),
(2112, 2, 'The Lavender Beds', 9, 12, 1),
(2113, 2, 'The Lavender Beds', 9, 13, 1),
(2114, 2, 'The Lavender Beds', 9, 14, 1),
(2115, 2, 'The Lavender Beds', 9, 15, 1),
(2116, 2, 'The Lavender Beds', 9, 16, 2),
(2117, 2, 'The Lavender Beds', 9, 17, 1),
(2118, 2, 'The Lavender Beds', 9, 18, 1),
(2119, 2, 'The Lavender Beds', 9, 19, 1),
(2120, 2, 'The Lavender Beds', 9, 20, 1),
(2121, 2, 'The Lavender Beds', 9, 21, 2),
(2122, 2, 'The Lavender Beds', 9, 22, 1),
(2123, 2, 'The Lavender Beds', 9, 23, 1),
(2124, 2, 'The Lavender Beds', 9, 24, 1),
(2125, 2, 'The Lavender Beds', 9, 25, 1),
(2126, 2, 'The Lavender Beds', 9, 26, 1),
(2127, 2, 'The Lavender Beds', 9, 27, 2),
(2128, 2, 'The Lavender Beds', 9, 28, 3),
(2129, 2, 'The Lavender Beds', 9, 29, 1),
(2130, 2, 'The Lavender Beds', 9, 30, 2),
(2131, 2, 'The Lavender Beds', 9, 31, 2),
(2132, 2, 'The Lavender Beds', 9, 32, 1),
(2133, 2, 'The Lavender Beds', 9, 33, 3),
(2134, 2, 'The Lavender Beds', 9, 34, 1),
(2135, 2, 'The Lavender Beds', 9, 35, 2),
(2136, 2, 'The Lavender Beds', 9, 36, 3),
(2137, 2, 'The Lavender Beds', 9, 37, 1),
(2138, 2, 'The Lavender Beds', 9, 38, 1),
(2139, 2, 'The Lavender Beds', 9, 39, 1),
(2140, 2, 'The Lavender Beds', 9, 40, 1),
(2141, 2, 'The Lavender Beds', 9, 41, 2),
(2142, 2, 'The Lavender Beds', 9, 42, 1),
(2143, 2, 'The Lavender Beds', 9, 43, 1),
(2144, 2, 'The Lavender Beds', 9, 44, 1),
(2145, 2, 'The Lavender Beds', 9, 45, 1),
(2146, 2, 'The Lavender Beds', 9, 46, 2),
(2147, 2, 'The Lavender Beds', 9, 47, 1),
(2148, 2, 'The Lavender Beds', 9, 48, 1),
(2149, 2, 'The Lavender Beds', 9, 49, 1),
(2150, 2, 'The Lavender Beds', 9, 50, 1),
(2151, 2, 'The Lavender Beds', 9, 51, 2),
(2152, 2, 'The Lavender Beds', 9, 52, 1),
(2153, 2, 'The Lavender Beds', 9, 53, 1),
(2154, 2, 'The Lavender Beds', 9, 54, 1),
(2155, 2, 'The Lavender Beds', 9, 55, 1),
(2156, 2, 'The Lavender Beds', 9, 56, 1),
(2157, 2, 'The Lavender Beds', 9, 57, 2),
(2158, 2, 'The Lavender Beds', 9, 58, 3),
(2159, 2, 'The Lavender Beds', 9, 59, 1),
(2160, 2, 'The Lavender Beds', 9, 60, 2),
(2161, 4, 'Mist', 10, 1, 2),
(2162, 4, 'Mist', 10, 2, 3),
(2163, 4, 'Mist', 10, 3, 1),
(2164, 4, 'Mist', 10, 4, 2),
(2165, 4, 'Mist', 10, 5, 3),
(2166, 4, 'Mist', 10, 6, 2),
(2167, 4, 'Mist', 10, 7, 2),
(2168, 4, 'Mist', 10, 8, 1),
(2169, 4, 'Mist', 10, 9, 1),
(2170, 4, 'Mist', 10, 10, 1),
(2171, 4, 'Mist', 10, 11, 1),
(2172, 4, 'Mist', 10, 12, 1),
(2173, 4, 'Mist', 10, 13, 1),
(2174, 4, 'Mist', 10, 14, 2),
(2175, 4, 'Mist', 10, 15, 3),
(2176, 4, 'Mist', 10, 16, 1),
(2177, 4, 'Mist', 10, 17, 1),
(2178, 4, 'Mist', 10, 18, 1),
(2179, 4, 'Mist', 10, 19, 1),
(2180, 4, 'Mist', 10, 20, 1),
(2181, 4, 'Mist', 10, 21, 1),
(2182, 4, 'Mist', 10, 22, 1),
(2183, 4, 'Mist', 10, 23, 1),
(2184, 4, 'Mist', 10, 24, 1),
(2185, 4, 'Mist', 10, 25, 1),
(2186, 4, 'Mist', 10, 26, 1),
(2187, 4, 'Mist', 10, 27, 1),
(2188, 4, 'Mist', 10, 28, 1),
(2189, 4, 'Mist', 10, 29, 2),
(2190, 4, 'Mist', 10, 30, 2),
(2191, 4, 'Mist', 10, 31, 2),
(2192, 4, 'Mist', 10, 32, 3),
(2193, 4, 'Mist', 10, 33, 1),
(2194, 4, 'Mist', 10, 34, 2),
(2195, 4, 'Mist', 10, 35, 3),
(2196, 4, 'Mist', 10, 36, 2),
(2197, 4, 'Mist', 10, 37, 2),
(2198, 4, 'Mist', 10, 38, 1),
(2199, 4, 'Mist', 10, 39, 1),
(2200, 4, 'Mist', 10, 40, 1),
(2201, 4, 'Mist', 10, 41, 1),
(2202, 4, 'Mist', 10, 42, 1),
(2203, 4, 'Mist', 10, 43, 1),
(2204, 4, 'Mist', 10, 44, 2),
(2205, 4, 'Mist', 10, 45, 3),
(2206, 4, 'Mist', 10, 46, 1),
(2207, 4, 'Mist', 10, 47, 1),
(2208, 4, 'Mist', 10, 48, 1),
(2209, 4, 'Mist', 10, 49, 1),
(2210, 4, 'Mist', 10, 50, 1),
(2211, 4, 'Mist', 10, 51, 1),
(2212, 4, 'Mist', 10, 52, 1),
(2213, 4, 'Mist', 10, 53, 1),
(2214, 4, 'Mist', 10, 54, 1),
(2215, 4, 'Mist', 10, 55, 1),
(2216, 4, 'Mist', 10, 56, 1),
(2217, 4, 'Mist', 10, 57, 1),
(2218, 4, 'Mist', 10, 58, 1),
(2219, 4, 'Mist', 10, 59, 2),
(2220, 4, 'Mist', 10, 60, 2),
(2221, 7, 'Shirogane', 10, 1, 2),
(2222, 7, 'Shirogane', 10, 2, 1),
(2223, 7, 'Shirogane', 10, 3, 1),
(2224, 7, 'Shirogane', 10, 4, 1),
(2225, 7, 'Shirogane', 10, 5, 1),
(2226, 7, 'Shirogane', 10, 6, 1),
(2227, 7, 'Shirogane', 10, 7, 3),
(2228, 7, 'Shirogane', 10, 8, 2),
(2229, 7, 'Shirogane', 10, 9, 1),
(2230, 7, 'Shirogane', 10, 10, 1),
(2231, 7, 'Shirogane', 10, 11, 1),
(2232, 7, 'Shirogane', 10, 12, 1),
(2233, 7, 'Shirogane', 10, 13, 2),
(2234, 7, 'Shirogane', 10, 14, 1),
(2235, 7, 'Shirogane', 10, 15, 2),
(2236, 7, 'Shirogane', 10, 16, 3),
(2237, 7, 'Shirogane', 10, 17, 1),
(2238, 7, 'Shirogane', 10, 18, 1),
(2239, 7, 'Shirogane', 10, 19, 2),
(2240, 7, 'Shirogane', 10, 20, 1),
(2241, 7, 'Shirogane', 10, 21, 1),
(2242, 7, 'Shirogane', 10, 22, 1),
(2243, 7, 'Shirogane', 10, 23, 1),
(2244, 7, 'Shirogane', 10, 24, 2),
(2245, 7, 'Shirogane', 10, 25, 1),
(2246, 7, 'Shirogane', 10, 26, 1),
(2247, 7, 'Shirogane', 10, 27, 1),
(2248, 7, 'Shirogane', 10, 28, 2),
(2249, 7, 'Shirogane', 10, 29, 1),
(2250, 7, 'Shirogane', 10, 30, 3),
(2251, 7, 'Shirogane', 10, 31, 2),
(2252, 7, 'Shirogane', 10, 32, 1),
(2253, 7, 'Shirogane', 10, 33, 1),
(2254, 7, 'Shirogane', 10, 34, 1),
(2255, 7, 'Shirogane', 10, 35, 1),
(2256, 7, 'Shirogane', 10, 36, 1),
(2257, 7, 'Shirogane', 10, 37, 3),
(2258, 7, 'Shirogane', 10, 38, 2),
(2259, 7, 'Shirogane', 10, 39, 1),
(2260, 7, 'Shirogane', 10, 40, 1),
(2261, 7, 'Shirogane', 10, 41, 1),
(2262, 7, 'Shirogane', 10, 42, 1),
(2263, 7, 'Shirogane', 10, 43, 2),
(2264, 7, 'Shirogane', 10, 44, 1),
(2265, 7, 'Shirogane', 10, 45, 2),
(2266, 7, 'Shirogane', 10, 46, 3),
(2267, 7, 'Shirogane', 10, 47, 1),
(2268, 7, 'Shirogane', 10, 48, 1),
(2269, 7, 'Shirogane', 10, 49, 2),
(2270, 7, 'Shirogane', 10, 50, 1),
(2271, 7, 'Shirogane', 10, 51, 1),
(2272, 7, 'Shirogane', 10, 52, 1),
(2273, 7, 'Shirogane', 10, 53, 1),
(2274, 7, 'Shirogane', 10, 54, 2),
(2275, 7, 'Shirogane', 10, 55, 1),
(2276, 7, 'Shirogane', 10, 56, 1),
(2277, 7, 'Shirogane', 10, 57, 1),
(2278, 7, 'Shirogane', 10, 58, 2),
(2279, 7, 'Shirogane', 10, 59, 1),
(2280, 7, 'Shirogane', 10, 60, 3),
(2281, 5, 'The Goblet', 10, 1, 1),
(2282, 5, 'The Goblet', 10, 2, 1),
(2283, 5, 'The Goblet', 10, 3, 1),
(2284, 5, 'The Goblet', 10, 4, 2),
(2285, 5, 'The Goblet', 10, 5, 3),
(2286, 5, 'The Goblet', 10, 6, 2),
(2287, 5, 'The Goblet', 10, 7, 1),
(2288, 5, 'The Goblet', 10, 8, 2),
(2289, 5, 'The Goblet', 10, 9, 1),
(2290, 5, 'The Goblet', 10, 10, 1),
(2291, 5, 'The Goblet', 10, 11, 2),
(2292, 5, 'The Goblet', 10, 12, 2),
(2293, 5, 'The Goblet', 10, 13, 3),
(2294, 5, 'The Goblet', 10, 14, 1),
(2295, 5, 'The Goblet', 10, 15, 1),
(2296, 5, 'The Goblet', 10, 16, 1),
(2297, 5, 'The Goblet', 10, 17, 1),
(2298, 5, 'The Goblet', 10, 18, 1),
(2299, 5, 'The Goblet', 10, 19, 2),
(2300, 5, 'The Goblet', 10, 20, 1),
(2301, 5, 'The Goblet', 10, 21, 1),
(2302, 5, 'The Goblet', 10, 22, 1),
(2303, 5, 'The Goblet', 10, 23, 1),
(2304, 5, 'The Goblet', 10, 24, 1),
(2305, 5, 'The Goblet', 10, 25, 2),
(2306, 5, 'The Goblet', 10, 26, 1),
(2307, 5, 'The Goblet', 10, 27, 1),
(2308, 5, 'The Goblet', 10, 28, 1),
(2309, 5, 'The Goblet', 10, 29, 1),
(2310, 5, 'The Goblet', 10, 30, 3),
(2311, 5, 'The Goblet', 10, 31, 1),
(2312, 5, 'The Goblet', 10, 32, 1),
(2313, 5, 'The Goblet', 10, 33, 1),
(2314, 5, 'The Goblet', 10, 34, 2),
(2315, 5, 'The Goblet', 10, 35, 3),
(2316, 5, 'The Goblet', 10, 36, 2),
(2317, 5, 'The Goblet', 10, 37, 1),
(2318, 5, 'The Goblet', 10, 38, 2),
(2319, 5, 'The Goblet', 10, 39, 1),
(2320, 5, 'The Goblet', 10, 40, 1),
(2321, 5, 'The Goblet', 10, 41, 2),
(2322, 5, 'The Goblet', 10, 42, 2),
(2323, 5, 'The Goblet', 10, 43, 3),
(2324, 5, 'The Goblet', 10, 44, 1),
(2325, 5, 'The Goblet', 10, 45, 1),
(2326, 5, 'The Goblet', 10, 46, 1),
(2327, 5, 'The Goblet', 10, 47, 1),
(2328, 5, 'The Goblet', 10, 48, 1),
(2329, 5, 'The Goblet', 10, 49, 2),
(2330, 5, 'The Goblet', 10, 50, 1),
(2331, 5, 'The Goblet', 10, 51, 1),
(2332, 5, 'The Goblet', 10, 52, 1),
(2333, 5, 'The Goblet', 10, 53, 1),
(2334, 5, 'The Goblet', 10, 54, 1),
(2335, 5, 'The Goblet', 10, 55, 2),
(2336, 5, 'The Goblet', 10, 56, 1),
(2337, 5, 'The Goblet', 10, 57, 1),
(2338, 5, 'The Goblet', 10, 58, 1),
(2339, 5, 'The Goblet', 10, 59, 1),
(2340, 5, 'The Goblet', 10, 60, 3),
(2341, 2, 'The Lavender Beds', 10, 1, 2),
(2342, 2, 'The Lavender Beds', 10, 2, 1),
(2343, 2, 'The Lavender Beds', 10, 3, 3),
(2344, 2, 'The Lavender Beds', 10, 4, 1),
(2345, 2, 'The Lavender Beds', 10, 5, 2),
(2346, 2, 'The Lavender Beds', 10, 6, 3),
(2347, 2, 'The Lavender Beds', 10, 7, 1),
(2348, 2, 'The Lavender Beds', 10, 8, 1),
(2349, 2, 'The Lavender Beds', 10, 9, 1),
(2350, 2, 'The Lavender Beds', 10, 10, 1),
(2351, 2, 'The Lavender Beds', 10, 11, 2),
(2352, 2, 'The Lavender Beds', 10, 12, 1),
(2353, 2, 'The Lavender Beds', 10, 13, 1),
(2354, 2, 'The Lavender Beds', 10, 14, 1),
(2355, 2, 'The Lavender Beds', 10, 15, 1),
(2356, 2, 'The Lavender Beds', 10, 16, 2),
(2357, 2, 'The Lavender Beds', 10, 17, 1),
(2358, 2, 'The Lavender Beds', 10, 18, 1),
(2359, 2, 'The Lavender Beds', 10, 19, 1),
(2360, 2, 'The Lavender Beds', 10, 20, 1),
(2361, 2, 'The Lavender Beds', 10, 21, 2),
(2362, 2, 'The Lavender Beds', 10, 22, 1),
(2363, 2, 'The Lavender Beds', 10, 23, 1),
(2364, 2, 'The Lavender Beds', 10, 24, 1),
(2365, 2, 'The Lavender Beds', 10, 25, 1),
(2366, 2, 'The Lavender Beds', 10, 26, 1),
(2367, 2, 'The Lavender Beds', 10, 27, 2),
(2368, 2, 'The Lavender Beds', 10, 28, 3),
(2369, 2, 'The Lavender Beds', 10, 29, 1),
(2370, 2, 'The Lavender Beds', 10, 30, 2),
(2371, 2, 'The Lavender Beds', 10, 31, 2),
(2372, 2, 'The Lavender Beds', 10, 32, 1),
(2373, 2, 'The Lavender Beds', 10, 33, 3),
(2374, 2, 'The Lavender Beds', 10, 34, 1),
(2375, 2, 'The Lavender Beds', 10, 35, 2),
(2376, 2, 'The Lavender Beds', 10, 36, 3),
(2377, 2, 'The Lavender Beds', 10, 37, 1),
(2378, 2, 'The Lavender Beds', 10, 38, 1),
(2379, 2, 'The Lavender Beds', 10, 39, 1),
(2380, 2, 'The Lavender Beds', 10, 40, 1),
(2381, 2, 'The Lavender Beds', 10, 41, 2),
(2382, 2, 'The Lavender Beds', 10, 42, 1),
(2383, 2, 'The Lavender Beds', 10, 43, 1),
(2384, 2, 'The Lavender Beds', 10, 44, 1),
(2385, 2, 'The Lavender Beds', 10, 45, 1),
(2386, 2, 'The Lavender Beds', 10, 46, 2),
(2387, 2, 'The Lavender Beds', 10, 47, 1),
(2388, 2, 'The Lavender Beds', 10, 48, 1),
(2389, 2, 'The Lavender Beds', 10, 49, 1),
(2390, 2, 'The Lavender Beds', 10, 50, 1),
(2391, 2, 'The Lavender Beds', 10, 51, 2),
(2392, 2, 'The Lavender Beds', 10, 52, 1),
(2393, 2, 'The Lavender Beds', 10, 53, 1),
(2394, 2, 'The Lavender Beds', 10, 54, 1),
(2395, 2, 'The Lavender Beds', 10, 55, 1),
(2396, 2, 'The Lavender Beds', 10, 56, 1),
(2397, 2, 'The Lavender Beds', 10, 57, 2),
(2398, 2, 'The Lavender Beds', 10, 58, 3),
(2399, 2, 'The Lavender Beds', 10, 59, 1),
(2400, 2, 'The Lavender Beds', 10, 60, 2),
(2401, 4, 'Mist', 11, 1, 2),
(2402, 4, 'Mist', 11, 2, 3),
(2403, 4, 'Mist', 11, 3, 1),
(2404, 4, 'Mist', 11, 4, 2),
(2405, 4, 'Mist', 11, 5, 3),
(2406, 4, 'Mist', 11, 6, 2),
(2407, 4, 'Mist', 11, 7, 2),
(2408, 4, 'Mist', 11, 8, 1),
(2409, 4, 'Mist', 11, 9, 1),
(2410, 4, 'Mist', 11, 10, 1),
(2411, 4, 'Mist', 11, 11, 1),
(2412, 4, 'Mist', 11, 12, 1),
(2413, 4, 'Mist', 11, 13, 1),
(2414, 4, 'Mist', 11, 14, 2),
(2415, 4, 'Mist', 11, 15, 3),
(2416, 4, 'Mist', 11, 16, 1),
(2417, 4, 'Mist', 11, 17, 1),
(2418, 4, 'Mist', 11, 18, 1),
(2419, 4, 'Mist', 11, 19, 1),
(2420, 4, 'Mist', 11, 20, 1),
(2421, 4, 'Mist', 11, 21, 1),
(2422, 4, 'Mist', 11, 22, 1),
(2423, 4, 'Mist', 11, 23, 1),
(2424, 4, 'Mist', 11, 24, 1),
(2425, 4, 'Mist', 11, 25, 1),
(2426, 4, 'Mist', 11, 26, 1),
(2427, 4, 'Mist', 11, 27, 1),
(2428, 4, 'Mist', 11, 28, 1),
(2429, 4, 'Mist', 11, 29, 2),
(2430, 4, 'Mist', 11, 30, 2),
(2431, 4, 'Mist', 11, 31, 2),
(2432, 4, 'Mist', 11, 32, 3),
(2433, 4, 'Mist', 11, 33, 1),
(2434, 4, 'Mist', 11, 34, 2),
(2435, 4, 'Mist', 11, 35, 3),
(2436, 4, 'Mist', 11, 36, 2),
(2437, 4, 'Mist', 11, 37, 2),
(2438, 4, 'Mist', 11, 38, 1),
(2439, 4, 'Mist', 11, 39, 1),
(2440, 4, 'Mist', 11, 40, 1),
(2441, 4, 'Mist', 11, 41, 1),
(2442, 4, 'Mist', 11, 42, 1),
(2443, 4, 'Mist', 11, 43, 1),
(2444, 4, 'Mist', 11, 44, 2),
(2445, 4, 'Mist', 11, 45, 3),
(2446, 4, 'Mist', 11, 46, 1),
(2447, 4, 'Mist', 11, 47, 1),
(2448, 4, 'Mist', 11, 48, 1),
(2449, 4, 'Mist', 11, 49, 1),
(2450, 4, 'Mist', 11, 50, 1),
(2451, 4, 'Mist', 11, 51, 1),
(2452, 4, 'Mist', 11, 52, 1),
(2453, 4, 'Mist', 11, 53, 1),
(2454, 4, 'Mist', 11, 54, 1),
(2455, 4, 'Mist', 11, 55, 1),
(2456, 4, 'Mist', 11, 56, 1),
(2457, 4, 'Mist', 11, 57, 1),
(2458, 4, 'Mist', 11, 58, 1),
(2459, 4, 'Mist', 11, 59, 2),
(2460, 4, 'Mist', 11, 60, 2),
(2461, 7, 'Shirogane', 11, 1, 2),
(2462, 7, 'Shirogane', 11, 2, 1),
(2463, 7, 'Shirogane', 11, 3, 1),
(2464, 7, 'Shirogane', 11, 4, 1),
(2465, 7, 'Shirogane', 11, 5, 1),
(2466, 7, 'Shirogane', 11, 6, 1),
(2467, 7, 'Shirogane', 11, 7, 3),
(2468, 7, 'Shirogane', 11, 8, 2),
(2469, 7, 'Shirogane', 11, 9, 1),
(2470, 7, 'Shirogane', 11, 10, 1),
(2471, 7, 'Shirogane', 11, 11, 1),
(2472, 7, 'Shirogane', 11, 12, 1),
(2473, 7, 'Shirogane', 11, 13, 2),
(2474, 7, 'Shirogane', 11, 14, 1),
(2475, 7, 'Shirogane', 11, 15, 2),
(2476, 7, 'Shirogane', 11, 16, 3),
(2477, 7, 'Shirogane', 11, 17, 1),
(2478, 7, 'Shirogane', 11, 18, 1),
(2479, 7, 'Shirogane', 11, 19, 2),
(2480, 7, 'Shirogane', 11, 20, 1),
(2481, 7, 'Shirogane', 11, 21, 1),
(2482, 7, 'Shirogane', 11, 22, 1),
(2483, 7, 'Shirogane', 11, 23, 1),
(2484, 7, 'Shirogane', 11, 24, 2),
(2485, 7, 'Shirogane', 11, 25, 1),
(2486, 7, 'Shirogane', 11, 26, 1),
(2487, 7, 'Shirogane', 11, 27, 1),
(2488, 7, 'Shirogane', 11, 28, 2),
(2489, 7, 'Shirogane', 11, 29, 1),
(2490, 7, 'Shirogane', 11, 30, 3),
(2491, 7, 'Shirogane', 11, 31, 2),
(2492, 7, 'Shirogane', 11, 32, 1),
(2493, 7, 'Shirogane', 11, 33, 1),
(2494, 7, 'Shirogane', 11, 34, 1),
(2495, 7, 'Shirogane', 11, 35, 1),
(2496, 7, 'Shirogane', 11, 36, 1),
(2497, 7, 'Shirogane', 11, 37, 3),
(2498, 7, 'Shirogane', 11, 38, 2),
(2499, 7, 'Shirogane', 11, 39, 1),
(2500, 7, 'Shirogane', 11, 40, 1),
(2501, 7, 'Shirogane', 11, 41, 1),
(2502, 7, 'Shirogane', 11, 42, 1),
(2503, 7, 'Shirogane', 11, 43, 2),
(2504, 7, 'Shirogane', 11, 44, 1),
(2505, 7, 'Shirogane', 11, 45, 2),
(2506, 7, 'Shirogane', 11, 46, 3),
(2507, 7, 'Shirogane', 11, 47, 1),
(2508, 7, 'Shirogane', 11, 48, 1),
(2509, 7, 'Shirogane', 11, 49, 2),
(2510, 7, 'Shirogane', 11, 50, 1),
(2511, 7, 'Shirogane', 11, 51, 1),
(2512, 7, 'Shirogane', 11, 52, 1),
(2513, 7, 'Shirogane', 11, 53, 1),
(2514, 7, 'Shirogane', 11, 54, 2),
(2515, 7, 'Shirogane', 11, 55, 1),
(2516, 7, 'Shirogane', 11, 56, 1),
(2517, 7, 'Shirogane', 11, 57, 1),
(2518, 7, 'Shirogane', 11, 58, 2),
(2519, 7, 'Shirogane', 11, 59, 1),
(2520, 7, 'Shirogane', 11, 60, 3),
(2521, 5, 'The Goblet', 11, 1, 1),
(2522, 5, 'The Goblet', 11, 2, 1),
(2523, 5, 'The Goblet', 11, 3, 1),
(2524, 5, 'The Goblet', 11, 4, 2),
(2525, 5, 'The Goblet', 11, 5, 3),
(2526, 5, 'The Goblet', 11, 6, 2),
(2527, 5, 'The Goblet', 11, 7, 1),
(2528, 5, 'The Goblet', 11, 8, 2),
(2529, 5, 'The Goblet', 11, 9, 1),
(2530, 5, 'The Goblet', 11, 10, 1),
(2531, 5, 'The Goblet', 11, 11, 2),
(2532, 5, 'The Goblet', 11, 12, 2),
(2533, 5, 'The Goblet', 11, 13, 3),
(2534, 5, 'The Goblet', 11, 14, 1),
(2535, 5, 'The Goblet', 11, 15, 1),
(2536, 5, 'The Goblet', 11, 16, 1),
(2537, 5, 'The Goblet', 11, 17, 1),
(2538, 5, 'The Goblet', 11, 18, 1),
(2539, 5, 'The Goblet', 11, 19, 2),
(2540, 5, 'The Goblet', 11, 20, 1),
(2541, 5, 'The Goblet', 11, 21, 1),
(2542, 5, 'The Goblet', 11, 22, 1),
(2543, 5, 'The Goblet', 11, 23, 1),
(2544, 5, 'The Goblet', 11, 24, 1),
(2545, 5, 'The Goblet', 11, 25, 2),
(2546, 5, 'The Goblet', 11, 26, 1),
(2547, 5, 'The Goblet', 11, 27, 1),
(2548, 5, 'The Goblet', 11, 28, 1),
(2549, 5, 'The Goblet', 11, 29, 1),
(2550, 5, 'The Goblet', 11, 30, 3),
(2551, 5, 'The Goblet', 11, 31, 1),
(2552, 5, 'The Goblet', 11, 32, 1),
(2553, 5, 'The Goblet', 11, 33, 1),
(2554, 5, 'The Goblet', 11, 34, 2),
(2555, 5, 'The Goblet', 11, 35, 3),
(2556, 5, 'The Goblet', 11, 36, 2),
(2557, 5, 'The Goblet', 11, 37, 1),
(2558, 5, 'The Goblet', 11, 38, 2),
(2559, 5, 'The Goblet', 11, 39, 1),
(2560, 5, 'The Goblet', 11, 40, 1),
(2561, 5, 'The Goblet', 11, 41, 2),
(2562, 5, 'The Goblet', 11, 42, 2),
(2563, 5, 'The Goblet', 11, 43, 3),
(2564, 5, 'The Goblet', 11, 44, 1),
(2565, 5, 'The Goblet', 11, 45, 1),
(2566, 5, 'The Goblet', 11, 46, 1),
(2567, 5, 'The Goblet', 11, 47, 1),
(2568, 5, 'The Goblet', 11, 48, 1),
(2569, 5, 'The Goblet', 11, 49, 2),
(2570, 5, 'The Goblet', 11, 50, 1),
(2571, 5, 'The Goblet', 11, 51, 1),
(2572, 5, 'The Goblet', 11, 52, 1),
(2573, 5, 'The Goblet', 11, 53, 1),
(2574, 5, 'The Goblet', 11, 54, 1),
(2575, 5, 'The Goblet', 11, 55, 2),
(2576, 5, 'The Goblet', 11, 56, 1),
(2577, 5, 'The Goblet', 11, 57, 1),
(2578, 5, 'The Goblet', 11, 58, 1),
(2579, 5, 'The Goblet', 11, 59, 1),
(2580, 5, 'The Goblet', 11, 60, 3),
(2581, 2, 'The Lavender Beds', 11, 1, 2),
(2582, 2, 'The Lavender Beds', 11, 2, 1),
(2583, 2, 'The Lavender Beds', 11, 3, 3),
(2584, 2, 'The Lavender Beds', 11, 4, 1),
(2585, 2, 'The Lavender Beds', 11, 5, 2),
(2586, 2, 'The Lavender Beds', 11, 6, 3),
(2587, 2, 'The Lavender Beds', 11, 7, 1),
(2588, 2, 'The Lavender Beds', 11, 8, 1),
(2589, 2, 'The Lavender Beds', 11, 9, 1),
(2590, 2, 'The Lavender Beds', 11, 10, 1),
(2591, 2, 'The Lavender Beds', 11, 11, 2),
(2592, 2, 'The Lavender Beds', 11, 12, 1),
(2593, 2, 'The Lavender Beds', 11, 13, 1),
(2594, 2, 'The Lavender Beds', 11, 14, 1),
(2595, 2, 'The Lavender Beds', 11, 15, 1),
(2596, 2, 'The Lavender Beds', 11, 16, 2),
(2597, 2, 'The Lavender Beds', 11, 17, 1),
(2598, 2, 'The Lavender Beds', 11, 18, 1),
(2599, 2, 'The Lavender Beds', 11, 19, 1),
(2600, 2, 'The Lavender Beds', 11, 20, 1),
(2601, 2, 'The Lavender Beds', 11, 21, 2),
(2602, 2, 'The Lavender Beds', 11, 22, 1),
(2603, 2, 'The Lavender Beds', 11, 23, 1),
(2604, 2, 'The Lavender Beds', 11, 24, 1),
(2605, 2, 'The Lavender Beds', 11, 25, 1),
(2606, 2, 'The Lavender Beds', 11, 26, 1),
(2607, 2, 'The Lavender Beds', 11, 27, 2),
(2608, 2, 'The Lavender Beds', 11, 28, 3),
(2609, 2, 'The Lavender Beds', 11, 29, 1),
(2610, 2, 'The Lavender Beds', 11, 30, 2),
(2611, 2, 'The Lavender Beds', 11, 31, 2),
(2612, 2, 'The Lavender Beds', 11, 32, 1),
(2613, 2, 'The Lavender Beds', 11, 33, 3),
(2614, 2, 'The Lavender Beds', 11, 34, 1),
(2615, 2, 'The Lavender Beds', 11, 35, 2),
(2616, 2, 'The Lavender Beds', 11, 36, 3),
(2617, 2, 'The Lavender Beds', 11, 37, 1),
(2618, 2, 'The Lavender Beds', 11, 38, 1),
(2619, 2, 'The Lavender Beds', 11, 39, 1),
(2620, 2, 'The Lavender Beds', 11, 40, 1),
(2621, 2, 'The Lavender Beds', 11, 41, 2),
(2622, 2, 'The Lavender Beds', 11, 42, 1),
(2623, 2, 'The Lavender Beds', 11, 43, 1),
(2624, 2, 'The Lavender Beds', 11, 44, 1),
(2625, 2, 'The Lavender Beds', 11, 45, 1),
(2626, 2, 'The Lavender Beds', 11, 46, 2),
(2627, 2, 'The Lavender Beds', 11, 47, 1),
(2628, 2, 'The Lavender Beds', 11, 48, 1),
(2629, 2, 'The Lavender Beds', 11, 49, 1),
(2630, 2, 'The Lavender Beds', 11, 50, 1),
(2631, 2, 'The Lavender Beds', 11, 51, 2),
(2632, 2, 'The Lavender Beds', 11, 52, 1),
(2633, 2, 'The Lavender Beds', 11, 53, 1),
(2634, 2, 'The Lavender Beds', 11, 54, 1),
(2635, 2, 'The Lavender Beds', 11, 55, 1),
(2636, 2, 'The Lavender Beds', 11, 56, 1),
(2637, 2, 'The Lavender Beds', 11, 57, 2),
(2638, 2, 'The Lavender Beds', 11, 58, 3),
(2639, 2, 'The Lavender Beds', 11, 59, 1),
(2640, 2, 'The Lavender Beds', 11, 60, 2),
(2641, 4, 'Mist', 12, 1, 2),
(2642, 4, 'Mist', 12, 2, 3),
(2643, 4, 'Mist', 12, 3, 1),
(2644, 4, 'Mist', 12, 4, 2),
(2645, 4, 'Mist', 12, 5, 3),
(2646, 4, 'Mist', 12, 6, 2),
(2647, 4, 'Mist', 12, 7, 2),
(2648, 4, 'Mist', 12, 8, 1),
(2649, 4, 'Mist', 12, 9, 1),
(2650, 4, 'Mist', 12, 10, 1),
(2651, 4, 'Mist', 12, 11, 1),
(2652, 4, 'Mist', 12, 12, 1),
(2653, 4, 'Mist', 12, 13, 1),
(2654, 4, 'Mist', 12, 14, 2),
(2655, 4, 'Mist', 12, 15, 3),
(2656, 4, 'Mist', 12, 16, 1),
(2657, 4, 'Mist', 12, 17, 1),
(2658, 4, 'Mist', 12, 18, 1),
(2659, 4, 'Mist', 12, 19, 1),
(2660, 4, 'Mist', 12, 20, 1),
(2661, 4, 'Mist', 12, 21, 1),
(2662, 4, 'Mist', 12, 22, 1),
(2663, 4, 'Mist', 12, 23, 1),
(2664, 4, 'Mist', 12, 24, 1),
(2665, 4, 'Mist', 12, 25, 1),
(2666, 4, 'Mist', 12, 26, 1),
(2667, 4, 'Mist', 12, 27, 1),
(2668, 4, 'Mist', 12, 28, 1),
(2669, 4, 'Mist', 12, 29, 2),
(2670, 4, 'Mist', 12, 30, 2),
(2671, 4, 'Mist', 12, 31, 2),
(2672, 4, 'Mist', 12, 32, 3),
(2673, 4, 'Mist', 12, 33, 1),
(2674, 4, 'Mist', 12, 34, 2),
(2675, 4, 'Mist', 12, 35, 3),
(2676, 4, 'Mist', 12, 36, 2),
(2677, 4, 'Mist', 12, 37, 2),
(2678, 4, 'Mist', 12, 38, 1),
(2679, 4, 'Mist', 12, 39, 1),
(2680, 4, 'Mist', 12, 40, 1),
(2681, 4, 'Mist', 12, 41, 1),
(2682, 4, 'Mist', 12, 42, 1),
(2683, 4, 'Mist', 12, 43, 1),
(2684, 4, 'Mist', 12, 44, 2),
(2685, 4, 'Mist', 12, 45, 3),
(2686, 4, 'Mist', 12, 46, 1),
(2687, 4, 'Mist', 12, 47, 1),
(2688, 4, 'Mist', 12, 48, 1),
(2689, 4, 'Mist', 12, 49, 1),
(2690, 4, 'Mist', 12, 50, 1),
(2691, 4, 'Mist', 12, 51, 1),
(2692, 4, 'Mist', 12, 52, 1),
(2693, 4, 'Mist', 12, 53, 1),
(2694, 4, 'Mist', 12, 54, 1),
(2695, 4, 'Mist', 12, 55, 1),
(2696, 4, 'Mist', 12, 56, 1),
(2697, 4, 'Mist', 12, 57, 1),
(2698, 4, 'Mist', 12, 58, 1),
(2699, 4, 'Mist', 12, 59, 2),
(2700, 4, 'Mist', 12, 60, 2),
(2701, 7, 'Shirogane', 12, 1, 2),
(2702, 7, 'Shirogane', 12, 2, 1),
(2703, 7, 'Shirogane', 12, 3, 1),
(2704, 7, 'Shirogane', 12, 4, 1),
(2705, 7, 'Shirogane', 12, 5, 1),
(2706, 7, 'Shirogane', 12, 6, 1),
(2707, 7, 'Shirogane', 12, 7, 3),
(2708, 7, 'Shirogane', 12, 8, 2),
(2709, 7, 'Shirogane', 12, 9, 1),
(2710, 7, 'Shirogane', 12, 10, 1),
(2711, 7, 'Shirogane', 12, 11, 1),
(2712, 7, 'Shirogane', 12, 12, 1),
(2713, 7, 'Shirogane', 12, 13, 2),
(2714, 7, 'Shirogane', 12, 14, 1),
(2715, 7, 'Shirogane', 12, 15, 2),
(2716, 7, 'Shirogane', 12, 16, 3),
(2717, 7, 'Shirogane', 12, 17, 1),
(2718, 7, 'Shirogane', 12, 18, 1),
(2719, 7, 'Shirogane', 12, 19, 2),
(2720, 7, 'Shirogane', 12, 20, 1),
(2721, 7, 'Shirogane', 12, 21, 1),
(2722, 7, 'Shirogane', 12, 22, 1),
(2723, 7, 'Shirogane', 12, 23, 1),
(2724, 7, 'Shirogane', 12, 24, 2),
(2725, 7, 'Shirogane', 12, 25, 1),
(2726, 7, 'Shirogane', 12, 26, 1),
(2727, 7, 'Shirogane', 12, 27, 1),
(2728, 7, 'Shirogane', 12, 28, 2),
(2729, 7, 'Shirogane', 12, 29, 1),
(2730, 7, 'Shirogane', 12, 30, 3),
(2731, 7, 'Shirogane', 12, 31, 2),
(2732, 7, 'Shirogane', 12, 32, 1),
(2733, 7, 'Shirogane', 12, 33, 1),
(2734, 7, 'Shirogane', 12, 34, 1),
(2735, 7, 'Shirogane', 12, 35, 1),
(2736, 7, 'Shirogane', 12, 36, 1),
(2737, 7, 'Shirogane', 12, 37, 3),
(2738, 7, 'Shirogane', 12, 38, 2),
(2739, 7, 'Shirogane', 12, 39, 1),
(2740, 7, 'Shirogane', 12, 40, 1),
(2741, 7, 'Shirogane', 12, 41, 1),
(2742, 7, 'Shirogane', 12, 42, 1),
(2743, 7, 'Shirogane', 12, 43, 2),
(2744, 7, 'Shirogane', 12, 44, 1),
(2745, 7, 'Shirogane', 12, 45, 2),
(2746, 7, 'Shirogane', 12, 46, 3),
(2747, 7, 'Shirogane', 12, 47, 1),
(2748, 7, 'Shirogane', 12, 48, 1),
(2749, 7, 'Shirogane', 12, 49, 2),
(2750, 7, 'Shirogane', 12, 50, 1),
(2751, 7, 'Shirogane', 12, 51, 1),
(2752, 7, 'Shirogane', 12, 52, 1),
(2753, 7, 'Shirogane', 12, 53, 1),
(2754, 7, 'Shirogane', 12, 54, 2),
(2755, 7, 'Shirogane', 12, 55, 1),
(2756, 7, 'Shirogane', 12, 56, 1),
(2757, 7, 'Shirogane', 12, 57, 1),
(2758, 7, 'Shirogane', 12, 58, 2),
(2759, 7, 'Shirogane', 12, 59, 1),
(2760, 7, 'Shirogane', 12, 60, 3),
(2761, 5, 'The Goblet', 12, 1, 1),
(2762, 5, 'The Goblet', 12, 2, 1),
(2763, 5, 'The Goblet', 12, 3, 1),
(2764, 5, 'The Goblet', 12, 4, 2),
(2765, 5, 'The Goblet', 12, 5, 3),
(2766, 5, 'The Goblet', 12, 6, 2),
(2767, 5, 'The Goblet', 12, 7, 1),
(2768, 5, 'The Goblet', 12, 8, 2),
(2769, 5, 'The Goblet', 12, 9, 1),
(2770, 5, 'The Goblet', 12, 10, 1),
(2771, 5, 'The Goblet', 12, 11, 2),
(2772, 5, 'The Goblet', 12, 12, 2),
(2773, 5, 'The Goblet', 12, 13, 3),
(2774, 5, 'The Goblet', 12, 14, 1),
(2775, 5, 'The Goblet', 12, 15, 1),
(2776, 5, 'The Goblet', 12, 16, 1),
(2777, 5, 'The Goblet', 12, 17, 1),
(2778, 5, 'The Goblet', 12, 18, 1),
(2779, 5, 'The Goblet', 12, 19, 2),
(2780, 5, 'The Goblet', 12, 20, 1),
(2781, 5, 'The Goblet', 12, 21, 1),
(2782, 5, 'The Goblet', 12, 22, 1),
(2783, 5, 'The Goblet', 12, 23, 1),
(2784, 5, 'The Goblet', 12, 24, 1),
(2785, 5, 'The Goblet', 12, 25, 2),
(2786, 5, 'The Goblet', 12, 26, 1),
(2787, 5, 'The Goblet', 12, 27, 1),
(2788, 5, 'The Goblet', 12, 28, 1),
(2789, 5, 'The Goblet', 12, 29, 1),
(2790, 5, 'The Goblet', 12, 30, 3),
(2791, 5, 'The Goblet', 12, 31, 1),
(2792, 5, 'The Goblet', 12, 32, 1),
(2793, 5, 'The Goblet', 12, 33, 1),
(2794, 5, 'The Goblet', 12, 34, 2),
(2795, 5, 'The Goblet', 12, 35, 3),
(2796, 5, 'The Goblet', 12, 36, 2),
(2797, 5, 'The Goblet', 12, 37, 1),
(2798, 5, 'The Goblet', 12, 38, 2),
(2799, 5, 'The Goblet', 12, 39, 1),
(2800, 5, 'The Goblet', 12, 40, 1),
(2801, 5, 'The Goblet', 12, 41, 2),
(2802, 5, 'The Goblet', 12, 42, 2),
(2803, 5, 'The Goblet', 12, 43, 3),
(2804, 5, 'The Goblet', 12, 44, 1),
(2805, 5, 'The Goblet', 12, 45, 1),
(2806, 5, 'The Goblet', 12, 46, 1),
(2807, 5, 'The Goblet', 12, 47, 1),
(2808, 5, 'The Goblet', 12, 48, 1),
(2809, 5, 'The Goblet', 12, 49, 2),
(2810, 5, 'The Goblet', 12, 50, 1),
(2811, 5, 'The Goblet', 12, 51, 1),
(2812, 5, 'The Goblet', 12, 52, 1),
(2813, 5, 'The Goblet', 12, 53, 1),
(2814, 5, 'The Goblet', 12, 54, 1),
(2815, 5, 'The Goblet', 12, 55, 2),
(2816, 5, 'The Goblet', 12, 56, 1),
(2817, 5, 'The Goblet', 12, 57, 1),
(2818, 5, 'The Goblet', 12, 58, 1),
(2819, 5, 'The Goblet', 12, 59, 1),
(2820, 5, 'The Goblet', 12, 60, 3),
(2821, 2, 'The Lavender Beds', 12, 1, 2),
(2822, 2, 'The Lavender Beds', 12, 2, 1),
(2823, 2, 'The Lavender Beds', 12, 3, 3),
(2824, 2, 'The Lavender Beds', 12, 4, 1),
(2825, 2, 'The Lavender Beds', 12, 5, 2),
(2826, 2, 'The Lavender Beds', 12, 6, 3),
(2827, 2, 'The Lavender Beds', 12, 7, 1),
(2828, 2, 'The Lavender Beds', 12, 8, 1),
(2829, 2, 'The Lavender Beds', 12, 9, 1),
(2830, 2, 'The Lavender Beds', 12, 10, 1),
(2831, 2, 'The Lavender Beds', 12, 11, 2),
(2832, 2, 'The Lavender Beds', 12, 12, 1),
(2833, 2, 'The Lavender Beds', 12, 13, 1),
(2834, 2, 'The Lavender Beds', 12, 14, 1),
(2835, 2, 'The Lavender Beds', 12, 15, 1),
(2836, 2, 'The Lavender Beds', 12, 16, 2),
(2837, 2, 'The Lavender Beds', 12, 17, 1),
(2838, 2, 'The Lavender Beds', 12, 18, 1),
(2839, 2, 'The Lavender Beds', 12, 19, 1),
(2840, 2, 'The Lavender Beds', 12, 20, 1),
(2841, 2, 'The Lavender Beds', 12, 21, 2),
(2842, 2, 'The Lavender Beds', 12, 22, 1),
(2843, 2, 'The Lavender Beds', 12, 23, 1),
(2844, 2, 'The Lavender Beds', 12, 24, 1),
(2845, 2, 'The Lavender Beds', 12, 25, 1),
(2846, 2, 'The Lavender Beds', 12, 26, 1),
(2847, 2, 'The Lavender Beds', 12, 27, 2),
(2848, 2, 'The Lavender Beds', 12, 28, 3),
(2849, 2, 'The Lavender Beds', 12, 29, 1),
(2850, 2, 'The Lavender Beds', 12, 30, 2),
(2851, 2, 'The Lavender Beds', 12, 31, 2),
(2852, 2, 'The Lavender Beds', 12, 32, 1),
(2853, 2, 'The Lavender Beds', 12, 33, 3),
(2854, 2, 'The Lavender Beds', 12, 34, 1),
(2855, 2, 'The Lavender Beds', 12, 35, 2),
(2856, 2, 'The Lavender Beds', 12, 36, 3),
(2857, 2, 'The Lavender Beds', 12, 37, 1),
(2858, 2, 'The Lavender Beds', 12, 38, 1),
(2859, 2, 'The Lavender Beds', 12, 39, 1),
(2860, 2, 'The Lavender Beds', 12, 40, 1),
(2861, 2, 'The Lavender Beds', 12, 41, 2),
(2862, 2, 'The Lavender Beds', 12, 42, 1),
(2863, 2, 'The Lavender Beds', 12, 43, 1),
(2864, 2, 'The Lavender Beds', 12, 44, 1),
(2865, 2, 'The Lavender Beds', 12, 45, 1),
(2866, 2, 'The Lavender Beds', 12, 46, 2),
(2867, 2, 'The Lavender Beds', 12, 47, 1),
(2868, 2, 'The Lavender Beds', 12, 48, 1),
(2869, 2, 'The Lavender Beds', 12, 49, 1),
(2870, 2, 'The Lavender Beds', 12, 50, 1),
(2871, 2, 'The Lavender Beds', 12, 51, 2),
(2872, 2, 'The Lavender Beds', 12, 52, 1),
(2873, 2, 'The Lavender Beds', 12, 53, 1),
(2874, 2, 'The Lavender Beds', 12, 54, 1),
(2875, 2, 'The Lavender Beds', 12, 55, 1),
(2876, 2, 'The Lavender Beds', 12, 56, 1),
(2877, 2, 'The Lavender Beds', 12, 57, 2),
(2878, 2, 'The Lavender Beds', 12, 58, 3),
(2879, 2, 'The Lavender Beds', 12, 59, 1),
(2880, 2, 'The Lavender Beds', 12, 60, 2),
(2881, 4, 'Mist', 13, 1, 2),
(2882, 4, 'Mist', 13, 2, 3),
(2883, 4, 'Mist', 13, 3, 1),
(2884, 4, 'Mist', 13, 4, 2),
(2885, 4, 'Mist', 13, 5, 3),
(2886, 4, 'Mist', 13, 6, 2),
(2887, 4, 'Mist', 13, 7, 2),
(2888, 4, 'Mist', 13, 8, 1),
(2889, 4, 'Mist', 13, 9, 1),
(2890, 4, 'Mist', 13, 10, 1),
(2891, 4, 'Mist', 13, 11, 1),
(2892, 4, 'Mist', 13, 12, 1),
(2893, 4, 'Mist', 13, 13, 1),
(2894, 4, 'Mist', 13, 14, 2),
(2895, 4, 'Mist', 13, 15, 3),
(2896, 4, 'Mist', 13, 16, 1),
(2897, 4, 'Mist', 13, 17, 1),
(2898, 4, 'Mist', 13, 18, 1),
(2899, 4, 'Mist', 13, 19, 1),
(2900, 4, 'Mist', 13, 20, 1),
(2901, 4, 'Mist', 13, 21, 1),
(2902, 4, 'Mist', 13, 22, 1),
(2903, 4, 'Mist', 13, 23, 1),
(2904, 4, 'Mist', 13, 24, 1),
(2905, 4, 'Mist', 13, 25, 1),
(2906, 4, 'Mist', 13, 26, 1),
(2907, 4, 'Mist', 13, 27, 1),
(2908, 4, 'Mist', 13, 28, 1),
(2909, 4, 'Mist', 13, 29, 2),
(2910, 4, 'Mist', 13, 30, 2),
(2911, 4, 'Mist', 13, 31, 2),
(2912, 4, 'Mist', 13, 32, 3),
(2913, 4, 'Mist', 13, 33, 1),
(2914, 4, 'Mist', 13, 34, 2),
(2915, 4, 'Mist', 13, 35, 3),
(2916, 4, 'Mist', 13, 36, 2),
(2917, 4, 'Mist', 13, 37, 2),
(2918, 4, 'Mist', 13, 38, 1),
(2919, 4, 'Mist', 13, 39, 1),
(2920, 4, 'Mist', 13, 40, 1),
(2921, 4, 'Mist', 13, 41, 1),
(2922, 4, 'Mist', 13, 42, 1),
(2923, 4, 'Mist', 13, 43, 1),
(2924, 4, 'Mist', 13, 44, 2),
(2925, 4, 'Mist', 13, 45, 3),
(2926, 4, 'Mist', 13, 46, 1),
(2927, 4, 'Mist', 13, 47, 1),
(2928, 4, 'Mist', 13, 48, 1),
(2929, 4, 'Mist', 13, 49, 1),
(2930, 4, 'Mist', 13, 50, 1),
(2931, 4, 'Mist', 13, 51, 1),
(2932, 4, 'Mist', 13, 52, 1),
(2933, 4, 'Mist', 13, 53, 1),
(2934, 4, 'Mist', 13, 54, 1),
(2935, 4, 'Mist', 13, 55, 1),
(2936, 4, 'Mist', 13, 56, 1),
(2937, 4, 'Mist', 13, 57, 1),
(2938, 4, 'Mist', 13, 58, 1),
(2939, 4, 'Mist', 13, 59, 2),
(2940, 4, 'Mist', 13, 60, 2),
(2941, 7, 'Shirogane', 13, 1, 2),
(2942, 7, 'Shirogane', 13, 2, 1),
(2943, 7, 'Shirogane', 13, 3, 1),
(2944, 7, 'Shirogane', 13, 4, 1),
(2945, 7, 'Shirogane', 13, 5, 1),
(2946, 7, 'Shirogane', 13, 6, 1),
(2947, 7, 'Shirogane', 13, 7, 3),
(2948, 7, 'Shirogane', 13, 8, 2),
(2949, 7, 'Shirogane', 13, 9, 1),
(2950, 7, 'Shirogane', 13, 10, 1),
(2951, 7, 'Shirogane', 13, 11, 1),
(2952, 7, 'Shirogane', 13, 12, 1),
(2953, 7, 'Shirogane', 13, 13, 2),
(2954, 7, 'Shirogane', 13, 14, 1),
(2955, 7, 'Shirogane', 13, 15, 2),
(2956, 7, 'Shirogane', 13, 16, 3),
(2957, 7, 'Shirogane', 13, 17, 1),
(2958, 7, 'Shirogane', 13, 18, 1),
(2959, 7, 'Shirogane', 13, 19, 2),
(2960, 7, 'Shirogane', 13, 20, 1),
(2961, 7, 'Shirogane', 13, 21, 1),
(2962, 7, 'Shirogane', 13, 22, 1),
(2963, 7, 'Shirogane', 13, 23, 1),
(2964, 7, 'Shirogane', 13, 24, 2),
(2965, 7, 'Shirogane', 13, 25, 1),
(2966, 7, 'Shirogane', 13, 26, 1),
(2967, 7, 'Shirogane', 13, 27, 1),
(2968, 7, 'Shirogane', 13, 28, 2),
(2969, 7, 'Shirogane', 13, 29, 1),
(2970, 7, 'Shirogane', 13, 30, 3),
(2971, 7, 'Shirogane', 13, 31, 2),
(2972, 7, 'Shirogane', 13, 32, 1),
(2973, 7, 'Shirogane', 13, 33, 1),
(2974, 7, 'Shirogane', 13, 34, 1),
(2975, 7, 'Shirogane', 13, 35, 1),
(2976, 7, 'Shirogane', 13, 36, 1),
(2977, 7, 'Shirogane', 13, 37, 3),
(2978, 7, 'Shirogane', 13, 38, 2),
(2979, 7, 'Shirogane', 13, 39, 1),
(2980, 7, 'Shirogane', 13, 40, 1),
(2981, 7, 'Shirogane', 13, 41, 1),
(2982, 7, 'Shirogane', 13, 42, 1),
(2983, 7, 'Shirogane', 13, 43, 2),
(2984, 7, 'Shirogane', 13, 44, 1),
(2985, 7, 'Shirogane', 13, 45, 2),
(2986, 7, 'Shirogane', 13, 46, 3),
(2987, 7, 'Shirogane', 13, 47, 1),
(2988, 7, 'Shirogane', 13, 48, 1),
(2989, 7, 'Shirogane', 13, 49, 2),
(2990, 7, 'Shirogane', 13, 50, 1),
(2991, 7, 'Shirogane', 13, 51, 1),
(2992, 7, 'Shirogane', 13, 52, 1),
(2993, 7, 'Shirogane', 13, 53, 1),
(2994, 7, 'Shirogane', 13, 54, 2),
(2995, 7, 'Shirogane', 13, 55, 1),
(2996, 7, 'Shirogane', 13, 56, 1),
(2997, 7, 'Shirogane', 13, 57, 1),
(2998, 7, 'Shirogane', 13, 58, 2),
(2999, 7, 'Shirogane', 13, 59, 1),
(3000, 7, 'Shirogane', 13, 60, 3),
(3001, 5, 'The Goblet', 13, 1, 1),
(3002, 5, 'The Goblet', 13, 2, 1),
(3003, 5, 'The Goblet', 13, 3, 1),
(3004, 5, 'The Goblet', 13, 4, 2),
(3005, 5, 'The Goblet', 13, 5, 3),
(3006, 5, 'The Goblet', 13, 6, 2),
(3007, 5, 'The Goblet', 13, 7, 1),
(3008, 5, 'The Goblet', 13, 8, 2),
(3009, 5, 'The Goblet', 13, 9, 1),
(3010, 5, 'The Goblet', 13, 10, 1),
(3011, 5, 'The Goblet', 13, 11, 2),
(3012, 5, 'The Goblet', 13, 12, 2),
(3013, 5, 'The Goblet', 13, 13, 3),
(3014, 5, 'The Goblet', 13, 14, 1),
(3015, 5, 'The Goblet', 13, 15, 1),
(3016, 5, 'The Goblet', 13, 16, 1),
(3017, 5, 'The Goblet', 13, 17, 1),
(3018, 5, 'The Goblet', 13, 18, 1),
(3019, 5, 'The Goblet', 13, 19, 2),
(3020, 5, 'The Goblet', 13, 20, 1),
(3021, 5, 'The Goblet', 13, 21, 1),
(3022, 5, 'The Goblet', 13, 22, 1),
(3023, 5, 'The Goblet', 13, 23, 1),
(3024, 5, 'The Goblet', 13, 24, 1),
(3025, 5, 'The Goblet', 13, 25, 2),
(3026, 5, 'The Goblet', 13, 26, 1),
(3027, 5, 'The Goblet', 13, 27, 1),
(3028, 5, 'The Goblet', 13, 28, 1),
(3029, 5, 'The Goblet', 13, 29, 1),
(3030, 5, 'The Goblet', 13, 30, 3),
(3031, 5, 'The Goblet', 13, 31, 1),
(3032, 5, 'The Goblet', 13, 32, 1),
(3033, 5, 'The Goblet', 13, 33, 1),
(3034, 5, 'The Goblet', 13, 34, 2),
(3035, 5, 'The Goblet', 13, 35, 3),
(3036, 5, 'The Goblet', 13, 36, 2),
(3037, 5, 'The Goblet', 13, 37, 1),
(3038, 5, 'The Goblet', 13, 38, 2),
(3039, 5, 'The Goblet', 13, 39, 1),
(3040, 5, 'The Goblet', 13, 40, 1),
(3041, 5, 'The Goblet', 13, 41, 2),
(3042, 5, 'The Goblet', 13, 42, 2),
(3043, 5, 'The Goblet', 13, 43, 3),
(3044, 5, 'The Goblet', 13, 44, 1),
(3045, 5, 'The Goblet', 13, 45, 1),
(3046, 5, 'The Goblet', 13, 46, 1),
(3047, 5, 'The Goblet', 13, 47, 1),
(3048, 5, 'The Goblet', 13, 48, 1),
(3049, 5, 'The Goblet', 13, 49, 2),
(3050, 5, 'The Goblet', 13, 50, 1),
(3051, 5, 'The Goblet', 13, 51, 1),
(3052, 5, 'The Goblet', 13, 52, 1),
(3053, 5, 'The Goblet', 13, 53, 1),
(3054, 5, 'The Goblet', 13, 54, 1),
(3055, 5, 'The Goblet', 13, 55, 2),
(3056, 5, 'The Goblet', 13, 56, 1);

INSERT IGNORE INTO `ffxiv__estate` (`estate_id`, `city_id`, `area`, `ward`, `plot`, `size`) VALUES
(3057, 5, 'The Goblet', 13, 57, 1),
(3058, 5, 'The Goblet', 13, 58, 1),
(3059, 5, 'The Goblet', 13, 59, 1),
(3060, 5, 'The Goblet', 13, 60, 3),
(3061, 2, 'The Lavender Beds', 13, 1, 2),
(3062, 2, 'The Lavender Beds', 13, 2, 1),
(3063, 2, 'The Lavender Beds', 13, 3, 3),
(3064, 2, 'The Lavender Beds', 13, 4, 1),
(3065, 2, 'The Lavender Beds', 13, 5, 2),
(3066, 2, 'The Lavender Beds', 13, 6, 3),
(3067, 2, 'The Lavender Beds', 13, 7, 1),
(3068, 2, 'The Lavender Beds', 13, 8, 1),
(3069, 2, 'The Lavender Beds', 13, 9, 1),
(3070, 2, 'The Lavender Beds', 13, 10, 1),
(3071, 2, 'The Lavender Beds', 13, 11, 2),
(3072, 2, 'The Lavender Beds', 13, 12, 1),
(3073, 2, 'The Lavender Beds', 13, 13, 1),
(3074, 2, 'The Lavender Beds', 13, 14, 1),
(3075, 2, 'The Lavender Beds', 13, 15, 1),
(3076, 2, 'The Lavender Beds', 13, 16, 2),
(3077, 2, 'The Lavender Beds', 13, 17, 1),
(3078, 2, 'The Lavender Beds', 13, 18, 1),
(3079, 2, 'The Lavender Beds', 13, 19, 1),
(3080, 2, 'The Lavender Beds', 13, 20, 1),
(3081, 2, 'The Lavender Beds', 13, 21, 2),
(3082, 2, 'The Lavender Beds', 13, 22, 1),
(3083, 2, 'The Lavender Beds', 13, 23, 1),
(3084, 2, 'The Lavender Beds', 13, 24, 1),
(3085, 2, 'The Lavender Beds', 13, 25, 1),
(3086, 2, 'The Lavender Beds', 13, 26, 1),
(3087, 2, 'The Lavender Beds', 13, 27, 2),
(3088, 2, 'The Lavender Beds', 13, 28, 3),
(3089, 2, 'The Lavender Beds', 13, 29, 1),
(3090, 2, 'The Lavender Beds', 13, 30, 2),
(3091, 2, 'The Lavender Beds', 13, 31, 2),
(3092, 2, 'The Lavender Beds', 13, 32, 1),
(3093, 2, 'The Lavender Beds', 13, 33, 3),
(3094, 2, 'The Lavender Beds', 13, 34, 1),
(3095, 2, 'The Lavender Beds', 13, 35, 2),
(3096, 2, 'The Lavender Beds', 13, 36, 3),
(3097, 2, 'The Lavender Beds', 13, 37, 1),
(3098, 2, 'The Lavender Beds', 13, 38, 1),
(3099, 2, 'The Lavender Beds', 13, 39, 1),
(3100, 2, 'The Lavender Beds', 13, 40, 1),
(3101, 2, 'The Lavender Beds', 13, 41, 2),
(3102, 2, 'The Lavender Beds', 13, 42, 1),
(3103, 2, 'The Lavender Beds', 13, 43, 1),
(3104, 2, 'The Lavender Beds', 13, 44, 1),
(3105, 2, 'The Lavender Beds', 13, 45, 1),
(3106, 2, 'The Lavender Beds', 13, 46, 2),
(3107, 2, 'The Lavender Beds', 13, 47, 1),
(3108, 2, 'The Lavender Beds', 13, 48, 1),
(3109, 2, 'The Lavender Beds', 13, 49, 1),
(3110, 2, 'The Lavender Beds', 13, 50, 1),
(3111, 2, 'The Lavender Beds', 13, 51, 2),
(3112, 2, 'The Lavender Beds', 13, 52, 1),
(3113, 2, 'The Lavender Beds', 13, 53, 1),
(3114, 2, 'The Lavender Beds', 13, 54, 1),
(3115, 2, 'The Lavender Beds', 13, 55, 1),
(3116, 2, 'The Lavender Beds', 13, 56, 1),
(3117, 2, 'The Lavender Beds', 13, 57, 2),
(3118, 2, 'The Lavender Beds', 13, 58, 3),
(3119, 2, 'The Lavender Beds', 13, 59, 1),
(3120, 2, 'The Lavender Beds', 13, 60, 2),
(3121, 4, 'Mist', 14, 1, 2),
(3122, 4, 'Mist', 14, 2, 3),
(3123, 4, 'Mist', 14, 3, 1),
(3124, 4, 'Mist', 14, 4, 2),
(3125, 4, 'Mist', 14, 5, 3),
(3126, 4, 'Mist', 14, 6, 2),
(3127, 4, 'Mist', 14, 7, 2),
(3128, 4, 'Mist', 14, 8, 1),
(3129, 4, 'Mist', 14, 9, 1),
(3130, 4, 'Mist', 14, 10, 1),
(3131, 4, 'Mist', 14, 11, 1),
(3132, 4, 'Mist', 14, 12, 1),
(3133, 4, 'Mist', 14, 13, 1),
(3134, 4, 'Mist', 14, 14, 2),
(3135, 4, 'Mist', 14, 15, 3),
(3136, 4, 'Mist', 14, 16, 1),
(3137, 4, 'Mist', 14, 17, 1),
(3138, 4, 'Mist', 14, 18, 1),
(3139, 4, 'Mist', 14, 19, 1),
(3140, 4, 'Mist', 14, 20, 1),
(3141, 4, 'Mist', 14, 21, 1),
(3142, 4, 'Mist', 14, 22, 1),
(3143, 4, 'Mist', 14, 23, 1),
(3144, 4, 'Mist', 14, 24, 1),
(3145, 4, 'Mist', 14, 25, 1),
(3146, 4, 'Mist', 14, 26, 1),
(3147, 4, 'Mist', 14, 27, 1),
(3148, 4, 'Mist', 14, 28, 1),
(3149, 4, 'Mist', 14, 29, 2),
(3150, 4, 'Mist', 14, 30, 2),
(3151, 4, 'Mist', 14, 31, 2),
(3152, 4, 'Mist', 14, 32, 3),
(3153, 4, 'Mist', 14, 33, 1),
(3154, 4, 'Mist', 14, 34, 2),
(3155, 4, 'Mist', 14, 35, 3),
(3156, 4, 'Mist', 14, 36, 2),
(3157, 4, 'Mist', 14, 37, 2),
(3158, 4, 'Mist', 14, 38, 1),
(3159, 4, 'Mist', 14, 39, 1),
(3160, 4, 'Mist', 14, 40, 1),
(3161, 4, 'Mist', 14, 41, 1),
(3162, 4, 'Mist', 14, 42, 1),
(3163, 4, 'Mist', 14, 43, 1),
(3164, 4, 'Mist', 14, 44, 2),
(3165, 4, 'Mist', 14, 45, 3),
(3166, 4, 'Mist', 14, 46, 1),
(3167, 4, 'Mist', 14, 47, 1),
(3168, 4, 'Mist', 14, 48, 1),
(3169, 4, 'Mist', 14, 49, 1),
(3170, 4, 'Mist', 14, 50, 1),
(3171, 4, 'Mist', 14, 51, 1),
(3172, 4, 'Mist', 14, 52, 1),
(3173, 4, 'Mist', 14, 53, 1),
(3174, 4, 'Mist', 14, 54, 1),
(3175, 4, 'Mist', 14, 55, 1),
(3176, 4, 'Mist', 14, 56, 1),
(3177, 4, 'Mist', 14, 57, 1),
(3178, 4, 'Mist', 14, 58, 1),
(3179, 4, 'Mist', 14, 59, 2),
(3180, 4, 'Mist', 14, 60, 2),
(3181, 7, 'Shirogane', 14, 1, 2),
(3182, 7, 'Shirogane', 14, 2, 1),
(3183, 7, 'Shirogane', 14, 3, 1),
(3184, 7, 'Shirogane', 14, 4, 1),
(3185, 7, 'Shirogane', 14, 5, 1),
(3186, 7, 'Shirogane', 14, 6, 1),
(3187, 7, 'Shirogane', 14, 7, 3),
(3188, 7, 'Shirogane', 14, 8, 2),
(3189, 7, 'Shirogane', 14, 9, 1),
(3190, 7, 'Shirogane', 14, 10, 1),
(3191, 7, 'Shirogane', 14, 11, 1),
(3192, 7, 'Shirogane', 14, 12, 1),
(3193, 7, 'Shirogane', 14, 13, 2),
(3194, 7, 'Shirogane', 14, 14, 1),
(3195, 7, 'Shirogane', 14, 15, 2),
(3196, 7, 'Shirogane', 14, 16, 3),
(3197, 7, 'Shirogane', 14, 17, 1),
(3198, 7, 'Shirogane', 14, 18, 1),
(3199, 7, 'Shirogane', 14, 19, 2),
(3200, 7, 'Shirogane', 14, 20, 1),
(3201, 7, 'Shirogane', 14, 21, 1),
(3202, 7, 'Shirogane', 14, 22, 1),
(3203, 7, 'Shirogane', 14, 23, 1),
(3204, 7, 'Shirogane', 14, 24, 2),
(3205, 7, 'Shirogane', 14, 25, 1),
(3206, 7, 'Shirogane', 14, 26, 1),
(3207, 7, 'Shirogane', 14, 27, 1),
(3208, 7, 'Shirogane', 14, 28, 2),
(3209, 7, 'Shirogane', 14, 29, 1),
(3210, 7, 'Shirogane', 14, 30, 3),
(3211, 7, 'Shirogane', 14, 31, 2),
(3212, 7, 'Shirogane', 14, 32, 1),
(3213, 7, 'Shirogane', 14, 33, 1),
(3214, 7, 'Shirogane', 14, 34, 1),
(3215, 7, 'Shirogane', 14, 35, 1),
(3216, 7, 'Shirogane', 14, 36, 1),
(3217, 7, 'Shirogane', 14, 37, 3),
(3218, 7, 'Shirogane', 14, 38, 2),
(3219, 7, 'Shirogane', 14, 39, 1),
(3220, 7, 'Shirogane', 14, 40, 1),
(3221, 7, 'Shirogane', 14, 41, 1),
(3222, 7, 'Shirogane', 14, 42, 1),
(3223, 7, 'Shirogane', 14, 43, 2),
(3224, 7, 'Shirogane', 14, 44, 1),
(3225, 7, 'Shirogane', 14, 45, 2),
(3226, 7, 'Shirogane', 14, 46, 3),
(3227, 7, 'Shirogane', 14, 47, 1),
(3228, 7, 'Shirogane', 14, 48, 1),
(3229, 7, 'Shirogane', 14, 49, 2),
(3230, 7, 'Shirogane', 14, 50, 1),
(3231, 7, 'Shirogane', 14, 51, 1),
(3232, 7, 'Shirogane', 14, 52, 1),
(3233, 7, 'Shirogane', 14, 53, 1),
(3234, 7, 'Shirogane', 14, 54, 2),
(3235, 7, 'Shirogane', 14, 55, 1),
(3236, 7, 'Shirogane', 14, 56, 1),
(3237, 7, 'Shirogane', 14, 57, 1),
(3238, 7, 'Shirogane', 14, 58, 2),
(3239, 7, 'Shirogane', 14, 59, 1),
(3240, 7, 'Shirogane', 14, 60, 3),
(3241, 5, 'The Goblet', 14, 1, 1),
(3242, 5, 'The Goblet', 14, 2, 1),
(3243, 5, 'The Goblet', 14, 3, 1),
(3244, 5, 'The Goblet', 14, 4, 2),
(3245, 5, 'The Goblet', 14, 5, 3),
(3246, 5, 'The Goblet', 14, 6, 2),
(3247, 5, 'The Goblet', 14, 7, 1),
(3248, 5, 'The Goblet', 14, 8, 2),
(3249, 5, 'The Goblet', 14, 9, 1),
(3250, 5, 'The Goblet', 14, 10, 1),
(3251, 5, 'The Goblet', 14, 11, 2),
(3252, 5, 'The Goblet', 14, 12, 2),
(3253, 5, 'The Goblet', 14, 13, 3),
(3254, 5, 'The Goblet', 14, 14, 1),
(3255, 5, 'The Goblet', 14, 15, 1),
(3256, 5, 'The Goblet', 14, 16, 1),
(3257, 5, 'The Goblet', 14, 17, 1),
(3258, 5, 'The Goblet', 14, 18, 1),
(3259, 5, 'The Goblet', 14, 19, 2),
(3260, 5, 'The Goblet', 14, 20, 1),
(3261, 5, 'The Goblet', 14, 21, 1),
(3262, 5, 'The Goblet', 14, 22, 1),
(3263, 5, 'The Goblet', 14, 23, 1),
(3264, 5, 'The Goblet', 14, 24, 1),
(3265, 5, 'The Goblet', 14, 25, 2),
(3266, 5, 'The Goblet', 14, 26, 1),
(3267, 5, 'The Goblet', 14, 27, 1),
(3268, 5, 'The Goblet', 14, 28, 1),
(3269, 5, 'The Goblet', 14, 29, 1),
(3270, 5, 'The Goblet', 14, 30, 3),
(3271, 5, 'The Goblet', 14, 31, 1),
(3272, 5, 'The Goblet', 14, 32, 1),
(3273, 5, 'The Goblet', 14, 33, 1),
(3274, 5, 'The Goblet', 14, 34, 2),
(3275, 5, 'The Goblet', 14, 35, 3),
(3276, 5, 'The Goblet', 14, 36, 2),
(3277, 5, 'The Goblet', 14, 37, 1),
(3278, 5, 'The Goblet', 14, 38, 2),
(3279, 5, 'The Goblet', 14, 39, 1),
(3280, 5, 'The Goblet', 14, 40, 1),
(3281, 5, 'The Goblet', 14, 41, 2),
(3282, 5, 'The Goblet', 14, 42, 2),
(3283, 5, 'The Goblet', 14, 43, 3),
(3284, 5, 'The Goblet', 14, 44, 1),
(3285, 5, 'The Goblet', 14, 45, 1),
(3286, 5, 'The Goblet', 14, 46, 1),
(3287, 5, 'The Goblet', 14, 47, 1),
(3288, 5, 'The Goblet', 14, 48, 1),
(3289, 5, 'The Goblet', 14, 49, 2),
(3290, 5, 'The Goblet', 14, 50, 1),
(3291, 5, 'The Goblet', 14, 51, 1),
(3292, 5, 'The Goblet', 14, 52, 1),
(3293, 5, 'The Goblet', 14, 53, 1),
(3294, 5, 'The Goblet', 14, 54, 1),
(3295, 5, 'The Goblet', 14, 55, 2),
(3296, 5, 'The Goblet', 14, 56, 1),
(3297, 5, 'The Goblet', 14, 57, 1),
(3298, 5, 'The Goblet', 14, 58, 1),
(3299, 5, 'The Goblet', 14, 59, 1),
(3300, 5, 'The Goblet', 14, 60, 3),
(3301, 2, 'The Lavender Beds', 14, 1, 2),
(3302, 2, 'The Lavender Beds', 14, 2, 1),
(3303, 2, 'The Lavender Beds', 14, 3, 3),
(3304, 2, 'The Lavender Beds', 14, 4, 1),
(3305, 2, 'The Lavender Beds', 14, 5, 2),
(3306, 2, 'The Lavender Beds', 14, 6, 3),
(3307, 2, 'The Lavender Beds', 14, 7, 1),
(3308, 2, 'The Lavender Beds', 14, 8, 1),
(3309, 2, 'The Lavender Beds', 14, 9, 1),
(3310, 2, 'The Lavender Beds', 14, 10, 1),
(3311, 2, 'The Lavender Beds', 14, 11, 2),
(3312, 2, 'The Lavender Beds', 14, 12, 1),
(3313, 2, 'The Lavender Beds', 14, 13, 1),
(3314, 2, 'The Lavender Beds', 14, 14, 1),
(3315, 2, 'The Lavender Beds', 14, 15, 1),
(3316, 2, 'The Lavender Beds', 14, 16, 2),
(3317, 2, 'The Lavender Beds', 14, 17, 1),
(3318, 2, 'The Lavender Beds', 14, 18, 1),
(3319, 2, 'The Lavender Beds', 14, 19, 1),
(3320, 2, 'The Lavender Beds', 14, 20, 1),
(3321, 2, 'The Lavender Beds', 14, 21, 2),
(3322, 2, 'The Lavender Beds', 14, 22, 1),
(3323, 2, 'The Lavender Beds', 14, 23, 1),
(3324, 2, 'The Lavender Beds', 14, 24, 1),
(3325, 2, 'The Lavender Beds', 14, 25, 1),
(3326, 2, 'The Lavender Beds', 14, 26, 1),
(3327, 2, 'The Lavender Beds', 14, 27, 2),
(3328, 2, 'The Lavender Beds', 14, 28, 3),
(3329, 2, 'The Lavender Beds', 14, 29, 1),
(3330, 2, 'The Lavender Beds', 14, 30, 2),
(3331, 2, 'The Lavender Beds', 14, 31, 2),
(3332, 2, 'The Lavender Beds', 14, 32, 1),
(3333, 2, 'The Lavender Beds', 14, 33, 3),
(3334, 2, 'The Lavender Beds', 14, 34, 1),
(3335, 2, 'The Lavender Beds', 14, 35, 2),
(3336, 2, 'The Lavender Beds', 14, 36, 3),
(3337, 2, 'The Lavender Beds', 14, 37, 1),
(3338, 2, 'The Lavender Beds', 14, 38, 1),
(3339, 2, 'The Lavender Beds', 14, 39, 1),
(3340, 2, 'The Lavender Beds', 14, 40, 1),
(3341, 2, 'The Lavender Beds', 14, 41, 2),
(3342, 2, 'The Lavender Beds', 14, 42, 1),
(3343, 2, 'The Lavender Beds', 14, 43, 1),
(3344, 2, 'The Lavender Beds', 14, 44, 1),
(3345, 2, 'The Lavender Beds', 14, 45, 1),
(3346, 2, 'The Lavender Beds', 14, 46, 2),
(3347, 2, 'The Lavender Beds', 14, 47, 1),
(3348, 2, 'The Lavender Beds', 14, 48, 1),
(3349, 2, 'The Lavender Beds', 14, 49, 1),
(3350, 2, 'The Lavender Beds', 14, 50, 1),
(3351, 2, 'The Lavender Beds', 14, 51, 2),
(3352, 2, 'The Lavender Beds', 14, 52, 1),
(3353, 2, 'The Lavender Beds', 14, 53, 1),
(3354, 2, 'The Lavender Beds', 14, 54, 1),
(3355, 2, 'The Lavender Beds', 14, 55, 1),
(3356, 2, 'The Lavender Beds', 14, 56, 1),
(3357, 2, 'The Lavender Beds', 14, 57, 2),
(3358, 2, 'The Lavender Beds', 14, 58, 3),
(3359, 2, 'The Lavender Beds', 14, 59, 1),
(3360, 2, 'The Lavender Beds', 14, 60, 2),
(3361, 4, 'Mist', 15, 1, 2),
(3362, 4, 'Mist', 15, 2, 3),
(3363, 4, 'Mist', 15, 3, 1),
(3364, 4, 'Mist', 15, 4, 2),
(3365, 4, 'Mist', 15, 5, 3),
(3366, 4, 'Mist', 15, 6, 2),
(3367, 4, 'Mist', 15, 7, 2),
(3368, 4, 'Mist', 15, 8, 1),
(3369, 4, 'Mist', 15, 9, 1),
(3370, 4, 'Mist', 15, 10, 1),
(3371, 4, 'Mist', 15, 11, 1),
(3372, 4, 'Mist', 15, 12, 1),
(3373, 4, 'Mist', 15, 13, 1),
(3374, 4, 'Mist', 15, 14, 2),
(3375, 4, 'Mist', 15, 15, 3),
(3376, 4, 'Mist', 15, 16, 1),
(3377, 4, 'Mist', 15, 17, 1),
(3378, 4, 'Mist', 15, 18, 1),
(3379, 4, 'Mist', 15, 19, 1),
(3380, 4, 'Mist', 15, 20, 1),
(3381, 4, 'Mist', 15, 21, 1),
(3382, 4, 'Mist', 15, 22, 1),
(3383, 4, 'Mist', 15, 23, 1),
(3384, 4, 'Mist', 15, 24, 1),
(3385, 4, 'Mist', 15, 25, 1),
(3386, 4, 'Mist', 15, 26, 1),
(3387, 4, 'Mist', 15, 27, 1),
(3388, 4, 'Mist', 15, 28, 1),
(3389, 4, 'Mist', 15, 29, 2),
(3390, 4, 'Mist', 15, 30, 2),
(3391, 4, 'Mist', 15, 31, 2),
(3392, 4, 'Mist', 15, 32, 3),
(3393, 4, 'Mist', 15, 33, 1),
(3394, 4, 'Mist', 15, 34, 2),
(3395, 4, 'Mist', 15, 35, 3),
(3396, 4, 'Mist', 15, 36, 2),
(3397, 4, 'Mist', 15, 37, 2),
(3398, 4, 'Mist', 15, 38, 1),
(3399, 4, 'Mist', 15, 39, 1),
(3400, 4, 'Mist', 15, 40, 1),
(3401, 4, 'Mist', 15, 41, 1),
(3402, 4, 'Mist', 15, 42, 1),
(3403, 4, 'Mist', 15, 43, 1),
(3404, 4, 'Mist', 15, 44, 2),
(3405, 4, 'Mist', 15, 45, 3),
(3406, 4, 'Mist', 15, 46, 1),
(3407, 4, 'Mist', 15, 47, 1),
(3408, 4, 'Mist', 15, 48, 1),
(3409, 4, 'Mist', 15, 49, 1),
(3410, 4, 'Mist', 15, 50, 1),
(3411, 4, 'Mist', 15, 51, 1),
(3412, 4, 'Mist', 15, 52, 1),
(3413, 4, 'Mist', 15, 53, 1),
(3414, 4, 'Mist', 15, 54, 1),
(3415, 4, 'Mist', 15, 55, 1),
(3416, 4, 'Mist', 15, 56, 1),
(3417, 4, 'Mist', 15, 57, 1),
(3418, 4, 'Mist', 15, 58, 1),
(3419, 4, 'Mist', 15, 59, 2),
(3420, 4, 'Mist', 15, 60, 2),
(3421, 7, 'Shirogane', 15, 1, 2),
(3422, 7, 'Shirogane', 15, 2, 1),
(3423, 7, 'Shirogane', 15, 3, 1),
(3424, 7, 'Shirogane', 15, 4, 1),
(3425, 7, 'Shirogane', 15, 5, 1),
(3426, 7, 'Shirogane', 15, 6, 1),
(3427, 7, 'Shirogane', 15, 7, 3),
(3428, 7, 'Shirogane', 15, 8, 2),
(3429, 7, 'Shirogane', 15, 9, 1),
(3430, 7, 'Shirogane', 15, 10, 1),
(3431, 7, 'Shirogane', 15, 11, 1),
(3432, 7, 'Shirogane', 15, 12, 1),
(3433, 7, 'Shirogane', 15, 13, 2),
(3434, 7, 'Shirogane', 15, 14, 1),
(3435, 7, 'Shirogane', 15, 15, 2),
(3436, 7, 'Shirogane', 15, 16, 3),
(3437, 7, 'Shirogane', 15, 17, 1),
(3438, 7, 'Shirogane', 15, 18, 1),
(3439, 7, 'Shirogane', 15, 19, 2),
(3440, 7, 'Shirogane', 15, 20, 1),
(3441, 7, 'Shirogane', 15, 21, 1),
(3442, 7, 'Shirogane', 15, 22, 1),
(3443, 7, 'Shirogane', 15, 23, 1),
(3444, 7, 'Shirogane', 15, 24, 2),
(3445, 7, 'Shirogane', 15, 25, 1),
(3446, 7, 'Shirogane', 15, 26, 1),
(3447, 7, 'Shirogane', 15, 27, 1),
(3448, 7, 'Shirogane', 15, 28, 2),
(3449, 7, 'Shirogane', 15, 29, 1),
(3450, 7, 'Shirogane', 15, 30, 3),
(3451, 7, 'Shirogane', 15, 31, 2),
(3452, 7, 'Shirogane', 15, 32, 1),
(3453, 7, 'Shirogane', 15, 33, 1),
(3454, 7, 'Shirogane', 15, 34, 1),
(3455, 7, 'Shirogane', 15, 35, 1),
(3456, 7, 'Shirogane', 15, 36, 1),
(3457, 7, 'Shirogane', 15, 37, 3),
(3458, 7, 'Shirogane', 15, 38, 2),
(3459, 7, 'Shirogane', 15, 39, 1),
(3460, 7, 'Shirogane', 15, 40, 1),
(3461, 7, 'Shirogane', 15, 41, 1),
(3462, 7, 'Shirogane', 15, 42, 1),
(3463, 7, 'Shirogane', 15, 43, 2),
(3464, 7, 'Shirogane', 15, 44, 1),
(3465, 7, 'Shirogane', 15, 45, 2),
(3466, 7, 'Shirogane', 15, 46, 3),
(3467, 7, 'Shirogane', 15, 47, 1),
(3468, 7, 'Shirogane', 15, 48, 1),
(3469, 7, 'Shirogane', 15, 49, 2),
(3470, 7, 'Shirogane', 15, 50, 1),
(3471, 7, 'Shirogane', 15, 51, 1),
(3472, 7, 'Shirogane', 15, 52, 1),
(3473, 7, 'Shirogane', 15, 53, 1),
(3474, 7, 'Shirogane', 15, 54, 2),
(3475, 7, 'Shirogane', 15, 55, 1),
(3476, 7, 'Shirogane', 15, 56, 1),
(3477, 7, 'Shirogane', 15, 57, 1),
(3478, 7, 'Shirogane', 15, 58, 2),
(3479, 7, 'Shirogane', 15, 59, 1),
(3480, 7, 'Shirogane', 15, 60, 3),
(3481, 5, 'The Goblet', 15, 1, 1),
(3482, 5, 'The Goblet', 15, 2, 1),
(3483, 5, 'The Goblet', 15, 3, 1),
(3484, 5, 'The Goblet', 15, 4, 2),
(3485, 5, 'The Goblet', 15, 5, 3),
(3486, 5, 'The Goblet', 15, 6, 2),
(3487, 5, 'The Goblet', 15, 7, 1),
(3488, 5, 'The Goblet', 15, 8, 2),
(3489, 5, 'The Goblet', 15, 9, 1),
(3490, 5, 'The Goblet', 15, 10, 1),
(3491, 5, 'The Goblet', 15, 11, 2),
(3492, 5, 'The Goblet', 15, 12, 2),
(3493, 5, 'The Goblet', 15, 13, 3),
(3494, 5, 'The Goblet', 15, 14, 1),
(3495, 5, 'The Goblet', 15, 15, 1),
(3496, 5, 'The Goblet', 15, 16, 1),
(3497, 5, 'The Goblet', 15, 17, 1),
(3498, 5, 'The Goblet', 15, 18, 1),
(3499, 5, 'The Goblet', 15, 19, 2),
(3500, 5, 'The Goblet', 15, 20, 1),
(3501, 5, 'The Goblet', 15, 21, 1),
(3502, 5, 'The Goblet', 15, 22, 1),
(3503, 5, 'The Goblet', 15, 23, 1),
(3504, 5, 'The Goblet', 15, 24, 1),
(3505, 5, 'The Goblet', 15, 25, 2),
(3506, 5, 'The Goblet', 15, 26, 1),
(3507, 5, 'The Goblet', 15, 27, 1),
(3508, 5, 'The Goblet', 15, 28, 1),
(3509, 5, 'The Goblet', 15, 29, 1),
(3510, 5, 'The Goblet', 15, 30, 3),
(3511, 5, 'The Goblet', 15, 31, 1),
(3512, 5, 'The Goblet', 15, 32, 1),
(3513, 5, 'The Goblet', 15, 33, 1),
(3514, 5, 'The Goblet', 15, 34, 2),
(3515, 5, 'The Goblet', 15, 35, 3),
(3516, 5, 'The Goblet', 15, 36, 2),
(3517, 5, 'The Goblet', 15, 37, 1),
(3518, 5, 'The Goblet', 15, 38, 2),
(3519, 5, 'The Goblet', 15, 39, 1),
(3520, 5, 'The Goblet', 15, 40, 1),
(3521, 5, 'The Goblet', 15, 41, 2),
(3522, 5, 'The Goblet', 15, 42, 2),
(3523, 5, 'The Goblet', 15, 43, 3),
(3524, 5, 'The Goblet', 15, 44, 1),
(3525, 5, 'The Goblet', 15, 45, 1),
(3526, 5, 'The Goblet', 15, 46, 1),
(3527, 5, 'The Goblet', 15, 47, 1),
(3528, 5, 'The Goblet', 15, 48, 1),
(3529, 5, 'The Goblet', 15, 49, 2),
(3530, 5, 'The Goblet', 15, 50, 1),
(3531, 5, 'The Goblet', 15, 51, 1),
(3532, 5, 'The Goblet', 15, 52, 1),
(3533, 5, 'The Goblet', 15, 53, 1),
(3534, 5, 'The Goblet', 15, 54, 1),
(3535, 5, 'The Goblet', 15, 55, 2),
(3536, 5, 'The Goblet', 15, 56, 1),
(3537, 5, 'The Goblet', 15, 57, 1),
(3538, 5, 'The Goblet', 15, 58, 1),
(3539, 5, 'The Goblet', 15, 59, 1),
(3540, 5, 'The Goblet', 15, 60, 3),
(3541, 2, 'The Lavender Beds', 15, 1, 2),
(3542, 2, 'The Lavender Beds', 15, 2, 1),
(3543, 2, 'The Lavender Beds', 15, 3, 3),
(3544, 2, 'The Lavender Beds', 15, 4, 1),
(3545, 2, 'The Lavender Beds', 15, 5, 2),
(3546, 2, 'The Lavender Beds', 15, 6, 3),
(3547, 2, 'The Lavender Beds', 15, 7, 1),
(3548, 2, 'The Lavender Beds', 15, 8, 1),
(3549, 2, 'The Lavender Beds', 15, 9, 1),
(3550, 2, 'The Lavender Beds', 15, 10, 1),
(3551, 2, 'The Lavender Beds', 15, 11, 2),
(3552, 2, 'The Lavender Beds', 15, 12, 1),
(3553, 2, 'The Lavender Beds', 15, 13, 1),
(3554, 2, 'The Lavender Beds', 15, 14, 1),
(3555, 2, 'The Lavender Beds', 15, 15, 1),
(3556, 2, 'The Lavender Beds', 15, 16, 2),
(3557, 2, 'The Lavender Beds', 15, 17, 1),
(3558, 2, 'The Lavender Beds', 15, 18, 1),
(3559, 2, 'The Lavender Beds', 15, 19, 1),
(3560, 2, 'The Lavender Beds', 15, 20, 1),
(3561, 2, 'The Lavender Beds', 15, 21, 2),
(3562, 2, 'The Lavender Beds', 15, 22, 1),
(3563, 2, 'The Lavender Beds', 15, 23, 1),
(3564, 2, 'The Lavender Beds', 15, 24, 1),
(3565, 2, 'The Lavender Beds', 15, 25, 1),
(3566, 2, 'The Lavender Beds', 15, 26, 1),
(3567, 2, 'The Lavender Beds', 15, 27, 2),
(3568, 2, 'The Lavender Beds', 15, 28, 3),
(3569, 2, 'The Lavender Beds', 15, 29, 1),
(3570, 2, 'The Lavender Beds', 15, 30, 2),
(3571, 2, 'The Lavender Beds', 15, 31, 2),
(3572, 2, 'The Lavender Beds', 15, 32, 1),
(3573, 2, 'The Lavender Beds', 15, 33, 3),
(3574, 2, 'The Lavender Beds', 15, 34, 1),
(3575, 2, 'The Lavender Beds', 15, 35, 2),
(3576, 2, 'The Lavender Beds', 15, 36, 3),
(3577, 2, 'The Lavender Beds', 15, 37, 1),
(3578, 2, 'The Lavender Beds', 15, 38, 1),
(3579, 2, 'The Lavender Beds', 15, 39, 1),
(3580, 2, 'The Lavender Beds', 15, 40, 1),
(3581, 2, 'The Lavender Beds', 15, 41, 2),
(3582, 2, 'The Lavender Beds', 15, 42, 1),
(3583, 2, 'The Lavender Beds', 15, 43, 1),
(3584, 2, 'The Lavender Beds', 15, 44, 1),
(3585, 2, 'The Lavender Beds', 15, 45, 1),
(3586, 2, 'The Lavender Beds', 15, 46, 2),
(3587, 2, 'The Lavender Beds', 15, 47, 1),
(3588, 2, 'The Lavender Beds', 15, 48, 1),
(3589, 2, 'The Lavender Beds', 15, 49, 1),
(3590, 2, 'The Lavender Beds', 15, 50, 1),
(3591, 2, 'The Lavender Beds', 15, 51, 2),
(3592, 2, 'The Lavender Beds', 15, 52, 1),
(3593, 2, 'The Lavender Beds', 15, 53, 1),
(3594, 2, 'The Lavender Beds', 15, 54, 1),
(3595, 2, 'The Lavender Beds', 15, 55, 1),
(3596, 2, 'The Lavender Beds', 15, 56, 1),
(3597, 2, 'The Lavender Beds', 15, 57, 2),
(3598, 2, 'The Lavender Beds', 15, 58, 3),
(3599, 2, 'The Lavender Beds', 15, 59, 1),
(3600, 2, 'The Lavender Beds', 15, 60, 2),
(3601, 4, 'Mist', 16, 1, 2),
(3602, 4, 'Mist', 16, 2, 3),
(3603, 4, 'Mist', 16, 3, 1),
(3604, 4, 'Mist', 16, 4, 2),
(3605, 4, 'Mist', 16, 5, 3),
(3606, 4, 'Mist', 16, 6, 2),
(3607, 4, 'Mist', 16, 7, 2),
(3608, 4, 'Mist', 16, 8, 1),
(3609, 4, 'Mist', 16, 9, 1),
(3610, 4, 'Mist', 16, 10, 1),
(3611, 4, 'Mist', 16, 11, 1),
(3612, 4, 'Mist', 16, 12, 1),
(3613, 4, 'Mist', 16, 13, 1),
(3614, 4, 'Mist', 16, 14, 2),
(3615, 4, 'Mist', 16, 15, 3),
(3616, 4, 'Mist', 16, 16, 1),
(3617, 4, 'Mist', 16, 17, 1),
(3618, 4, 'Mist', 16, 18, 1),
(3619, 4, 'Mist', 16, 19, 1),
(3620, 4, 'Mist', 16, 20, 1),
(3621, 4, 'Mist', 16, 21, 1),
(3622, 4, 'Mist', 16, 22, 1),
(3623, 4, 'Mist', 16, 23, 1),
(3624, 4, 'Mist', 16, 24, 1),
(3625, 4, 'Mist', 16, 25, 1),
(3626, 4, 'Mist', 16, 26, 1),
(3627, 4, 'Mist', 16, 27, 1),
(3628, 4, 'Mist', 16, 28, 1),
(3629, 4, 'Mist', 16, 29, 2),
(3630, 4, 'Mist', 16, 30, 2),
(3631, 4, 'Mist', 16, 31, 2),
(3632, 4, 'Mist', 16, 32, 3),
(3633, 4, 'Mist', 16, 33, 1),
(3634, 4, 'Mist', 16, 34, 2),
(3635, 4, 'Mist', 16, 35, 3),
(3636, 4, 'Mist', 16, 36, 2),
(3637, 4, 'Mist', 16, 37, 2),
(3638, 4, 'Mist', 16, 38, 1),
(3639, 4, 'Mist', 16, 39, 1),
(3640, 4, 'Mist', 16, 40, 1),
(3641, 4, 'Mist', 16, 41, 1),
(3642, 4, 'Mist', 16, 42, 1),
(3643, 4, 'Mist', 16, 43, 1),
(3644, 4, 'Mist', 16, 44, 2),
(3645, 4, 'Mist', 16, 45, 3),
(3646, 4, 'Mist', 16, 46, 1),
(3647, 4, 'Mist', 16, 47, 1),
(3648, 4, 'Mist', 16, 48, 1),
(3649, 4, 'Mist', 16, 49, 1),
(3650, 4, 'Mist', 16, 50, 1),
(3651, 4, 'Mist', 16, 51, 1),
(3652, 4, 'Mist', 16, 52, 1),
(3653, 4, 'Mist', 16, 53, 1),
(3654, 4, 'Mist', 16, 54, 1),
(3655, 4, 'Mist', 16, 55, 1),
(3656, 4, 'Mist', 16, 56, 1),
(3657, 4, 'Mist', 16, 57, 1),
(3658, 4, 'Mist', 16, 58, 1),
(3659, 4, 'Mist', 16, 59, 2),
(3660, 4, 'Mist', 16, 60, 2),
(3661, 7, 'Shirogane', 16, 1, 2),
(3662, 7, 'Shirogane', 16, 2, 1),
(3663, 7, 'Shirogane', 16, 3, 1),
(3664, 7, 'Shirogane', 16, 4, 1),
(3665, 7, 'Shirogane', 16, 5, 1),
(3666, 7, 'Shirogane', 16, 6, 1),
(3667, 7, 'Shirogane', 16, 7, 3),
(3668, 7, 'Shirogane', 16, 8, 2),
(3669, 7, 'Shirogane', 16, 9, 1),
(3670, 7, 'Shirogane', 16, 10, 1),
(3671, 7, 'Shirogane', 16, 11, 1),
(3672, 7, 'Shirogane', 16, 12, 1),
(3673, 7, 'Shirogane', 16, 13, 2),
(3674, 7, 'Shirogane', 16, 14, 1),
(3675, 7, 'Shirogane', 16, 15, 2),
(3676, 7, 'Shirogane', 16, 16, 3),
(3677, 7, 'Shirogane', 16, 17, 1),
(3678, 7, 'Shirogane', 16, 18, 1),
(3679, 7, 'Shirogane', 16, 19, 2),
(3680, 7, 'Shirogane', 16, 20, 1),
(3681, 7, 'Shirogane', 16, 21, 1),
(3682, 7, 'Shirogane', 16, 22, 1),
(3683, 7, 'Shirogane', 16, 23, 1),
(3684, 7, 'Shirogane', 16, 24, 2),
(3685, 7, 'Shirogane', 16, 25, 1),
(3686, 7, 'Shirogane', 16, 26, 1),
(3687, 7, 'Shirogane', 16, 27, 1),
(3688, 7, 'Shirogane', 16, 28, 2),
(3689, 7, 'Shirogane', 16, 29, 1),
(3690, 7, 'Shirogane', 16, 30, 3),
(3691, 7, 'Shirogane', 16, 31, 2),
(3692, 7, 'Shirogane', 16, 32, 1),
(3693, 7, 'Shirogane', 16, 33, 1),
(3694, 7, 'Shirogane', 16, 34, 1),
(3695, 7, 'Shirogane', 16, 35, 1),
(3696, 7, 'Shirogane', 16, 36, 1),
(3697, 7, 'Shirogane', 16, 37, 3),
(3698, 7, 'Shirogane', 16, 38, 2),
(3699, 7, 'Shirogane', 16, 39, 1),
(3700, 7, 'Shirogane', 16, 40, 1),
(3701, 7, 'Shirogane', 16, 41, 1),
(3702, 7, 'Shirogane', 16, 42, 1),
(3703, 7, 'Shirogane', 16, 43, 2),
(3704, 7, 'Shirogane', 16, 44, 1),
(3705, 7, 'Shirogane', 16, 45, 2),
(3706, 7, 'Shirogane', 16, 46, 3),
(3707, 7, 'Shirogane', 16, 47, 1),
(3708, 7, 'Shirogane', 16, 48, 1),
(3709, 7, 'Shirogane', 16, 49, 2),
(3710, 7, 'Shirogane', 16, 50, 1),
(3711, 7, 'Shirogane', 16, 51, 1),
(3712, 7, 'Shirogane', 16, 52, 1),
(3713, 7, 'Shirogane', 16, 53, 1),
(3714, 7, 'Shirogane', 16, 54, 2),
(3715, 7, 'Shirogane', 16, 55, 1),
(3716, 7, 'Shirogane', 16, 56, 1),
(3717, 7, 'Shirogane', 16, 57, 1),
(3718, 7, 'Shirogane', 16, 58, 2),
(3719, 7, 'Shirogane', 16, 59, 1),
(3720, 7, 'Shirogane', 16, 60, 3),
(3721, 5, 'The Goblet', 16, 1, 1),
(3722, 5, 'The Goblet', 16, 2, 1),
(3723, 5, 'The Goblet', 16, 3, 1),
(3724, 5, 'The Goblet', 16, 4, 2),
(3725, 5, 'The Goblet', 16, 5, 3),
(3726, 5, 'The Goblet', 16, 6, 2),
(3727, 5, 'The Goblet', 16, 7, 1),
(3728, 5, 'The Goblet', 16, 8, 2),
(3729, 5, 'The Goblet', 16, 9, 1),
(3730, 5, 'The Goblet', 16, 10, 1),
(3731, 5, 'The Goblet', 16, 11, 2),
(3732, 5, 'The Goblet', 16, 12, 2),
(3733, 5, 'The Goblet', 16, 13, 3),
(3734, 5, 'The Goblet', 16, 14, 1),
(3735, 5, 'The Goblet', 16, 15, 1),
(3736, 5, 'The Goblet', 16, 16, 1),
(3737, 5, 'The Goblet', 16, 17, 1),
(3738, 5, 'The Goblet', 16, 18, 1),
(3739, 5, 'The Goblet', 16, 19, 2),
(3740, 5, 'The Goblet', 16, 20, 1),
(3741, 5, 'The Goblet', 16, 21, 1),
(3742, 5, 'The Goblet', 16, 22, 1),
(3743, 5, 'The Goblet', 16, 23, 1),
(3744, 5, 'The Goblet', 16, 24, 1),
(3745, 5, 'The Goblet', 16, 25, 2),
(3746, 5, 'The Goblet', 16, 26, 1),
(3747, 5, 'The Goblet', 16, 27, 1),
(3748, 5, 'The Goblet', 16, 28, 1),
(3749, 5, 'The Goblet', 16, 29, 1),
(3750, 5, 'The Goblet', 16, 30, 3),
(3751, 5, 'The Goblet', 16, 31, 1),
(3752, 5, 'The Goblet', 16, 32, 1),
(3753, 5, 'The Goblet', 16, 33, 1),
(3754, 5, 'The Goblet', 16, 34, 2),
(3755, 5, 'The Goblet', 16, 35, 3),
(3756, 5, 'The Goblet', 16, 36, 2),
(3757, 5, 'The Goblet', 16, 37, 1),
(3758, 5, 'The Goblet', 16, 38, 2),
(3759, 5, 'The Goblet', 16, 39, 1),
(3760, 5, 'The Goblet', 16, 40, 1),
(3761, 5, 'The Goblet', 16, 41, 2),
(3762, 5, 'The Goblet', 16, 42, 2),
(3763, 5, 'The Goblet', 16, 43, 3),
(3764, 5, 'The Goblet', 16, 44, 1),
(3765, 5, 'The Goblet', 16, 45, 1),
(3766, 5, 'The Goblet', 16, 46, 1),
(3767, 5, 'The Goblet', 16, 47, 1),
(3768, 5, 'The Goblet', 16, 48, 1),
(3769, 5, 'The Goblet', 16, 49, 2),
(3770, 5, 'The Goblet', 16, 50, 1),
(3771, 5, 'The Goblet', 16, 51, 1),
(3772, 5, 'The Goblet', 16, 52, 1),
(3773, 5, 'The Goblet', 16, 53, 1),
(3774, 5, 'The Goblet', 16, 54, 1),
(3775, 5, 'The Goblet', 16, 55, 2),
(3776, 5, 'The Goblet', 16, 56, 1),
(3777, 5, 'The Goblet', 16, 57, 1),
(3778, 5, 'The Goblet', 16, 58, 1),
(3779, 5, 'The Goblet', 16, 59, 1),
(3780, 5, 'The Goblet', 16, 60, 3),
(3781, 2, 'The Lavender Beds', 16, 1, 2),
(3782, 2, 'The Lavender Beds', 16, 2, 1),
(3783, 2, 'The Lavender Beds', 16, 3, 3),
(3784, 2, 'The Lavender Beds', 16, 4, 1),
(3785, 2, 'The Lavender Beds', 16, 5, 2),
(3786, 2, 'The Lavender Beds', 16, 6, 3),
(3787, 2, 'The Lavender Beds', 16, 7, 1),
(3788, 2, 'The Lavender Beds', 16, 8, 1),
(3789, 2, 'The Lavender Beds', 16, 9, 1),
(3790, 2, 'The Lavender Beds', 16, 10, 1),
(3791, 2, 'The Lavender Beds', 16, 11, 2),
(3792, 2, 'The Lavender Beds', 16, 12, 1),
(3793, 2, 'The Lavender Beds', 16, 13, 1),
(3794, 2, 'The Lavender Beds', 16, 14, 1),
(3795, 2, 'The Lavender Beds', 16, 15, 1),
(3796, 2, 'The Lavender Beds', 16, 16, 2),
(3797, 2, 'The Lavender Beds', 16, 17, 1),
(3798, 2, 'The Lavender Beds', 16, 18, 1),
(3799, 2, 'The Lavender Beds', 16, 19, 1),
(3800, 2, 'The Lavender Beds', 16, 20, 1),
(3801, 2, 'The Lavender Beds', 16, 21, 2),
(3802, 2, 'The Lavender Beds', 16, 22, 1),
(3803, 2, 'The Lavender Beds', 16, 23, 1),
(3804, 2, 'The Lavender Beds', 16, 24, 1),
(3805, 2, 'The Lavender Beds', 16, 25, 1),
(3806, 2, 'The Lavender Beds', 16, 26, 1),
(3807, 2, 'The Lavender Beds', 16, 27, 2),
(3808, 2, 'The Lavender Beds', 16, 28, 3),
(3809, 2, 'The Lavender Beds', 16, 29, 1),
(3810, 2, 'The Lavender Beds', 16, 30, 2),
(3811, 2, 'The Lavender Beds', 16, 31, 2),
(3812, 2, 'The Lavender Beds', 16, 32, 1),
(3813, 2, 'The Lavender Beds', 16, 33, 3),
(3814, 2, 'The Lavender Beds', 16, 34, 1),
(3815, 2, 'The Lavender Beds', 16, 35, 2),
(3816, 2, 'The Lavender Beds', 16, 36, 3),
(3817, 2, 'The Lavender Beds', 16, 37, 1),
(3818, 2, 'The Lavender Beds', 16, 38, 1),
(3819, 2, 'The Lavender Beds', 16, 39, 1),
(3820, 2, 'The Lavender Beds', 16, 40, 1),
(3821, 2, 'The Lavender Beds', 16, 41, 2),
(3822, 2, 'The Lavender Beds', 16, 42, 1),
(3823, 2, 'The Lavender Beds', 16, 43, 1),
(3824, 2, 'The Lavender Beds', 16, 44, 1),
(3825, 2, 'The Lavender Beds', 16, 45, 1),
(3826, 2, 'The Lavender Beds', 16, 46, 2),
(3827, 2, 'The Lavender Beds', 16, 47, 1),
(3828, 2, 'The Lavender Beds', 16, 48, 1),
(3829, 2, 'The Lavender Beds', 16, 49, 1),
(3830, 2, 'The Lavender Beds', 16, 50, 1),
(3831, 2, 'The Lavender Beds', 16, 51, 2),
(3832, 2, 'The Lavender Beds', 16, 52, 1),
(3833, 2, 'The Lavender Beds', 16, 53, 1),
(3834, 2, 'The Lavender Beds', 16, 54, 1),
(3835, 2, 'The Lavender Beds', 16, 55, 1),
(3836, 2, 'The Lavender Beds', 16, 56, 1),
(3837, 2, 'The Lavender Beds', 16, 57, 2),
(3838, 2, 'The Lavender Beds', 16, 58, 3),
(3839, 2, 'The Lavender Beds', 16, 59, 1),
(3840, 2, 'The Lavender Beds', 16, 60, 2),
(3841, 4, 'Mist', 17, 1, 2),
(3842, 4, 'Mist', 17, 2, 3),
(3843, 4, 'Mist', 17, 3, 1),
(3844, 4, 'Mist', 17, 4, 2),
(3845, 4, 'Mist', 17, 5, 3),
(3846, 4, 'Mist', 17, 6, 2),
(3847, 4, 'Mist', 17, 7, 2),
(3848, 4, 'Mist', 17, 8, 1),
(3849, 4, 'Mist', 17, 9, 1),
(3850, 4, 'Mist', 17, 10, 1),
(3851, 4, 'Mist', 17, 11, 1),
(3852, 4, 'Mist', 17, 12, 1),
(3853, 4, 'Mist', 17, 13, 1),
(3854, 4, 'Mist', 17, 14, 2),
(3855, 4, 'Mist', 17, 15, 3),
(3856, 4, 'Mist', 17, 16, 1),
(3857, 4, 'Mist', 17, 17, 1),
(3858, 4, 'Mist', 17, 18, 1),
(3859, 4, 'Mist', 17, 19, 1),
(3860, 4, 'Mist', 17, 20, 1),
(3861, 4, 'Mist', 17, 21, 1),
(3862, 4, 'Mist', 17, 22, 1),
(3863, 4, 'Mist', 17, 23, 1),
(3864, 4, 'Mist', 17, 24, 1),
(3865, 4, 'Mist', 17, 25, 1),
(3866, 4, 'Mist', 17, 26, 1),
(3867, 4, 'Mist', 17, 27, 1),
(3868, 4, 'Mist', 17, 28, 1),
(3869, 4, 'Mist', 17, 29, 2),
(3870, 4, 'Mist', 17, 30, 2),
(3871, 4, 'Mist', 17, 31, 2),
(3872, 4, 'Mist', 17, 32, 3),
(3873, 4, 'Mist', 17, 33, 1),
(3874, 4, 'Mist', 17, 34, 2),
(3875, 4, 'Mist', 17, 35, 3),
(3876, 4, 'Mist', 17, 36, 2),
(3877, 4, 'Mist', 17, 37, 2),
(3878, 4, 'Mist', 17, 38, 1),
(3879, 4, 'Mist', 17, 39, 1),
(3880, 4, 'Mist', 17, 40, 1),
(3881, 4, 'Mist', 17, 41, 1),
(3882, 4, 'Mist', 17, 42, 1),
(3883, 4, 'Mist', 17, 43, 1),
(3884, 4, 'Mist', 17, 44, 2),
(3885, 4, 'Mist', 17, 45, 3),
(3886, 4, 'Mist', 17, 46, 1),
(3887, 4, 'Mist', 17, 47, 1),
(3888, 4, 'Mist', 17, 48, 1),
(3889, 4, 'Mist', 17, 49, 1),
(3890, 4, 'Mist', 17, 50, 1),
(3891, 4, 'Mist', 17, 51, 1),
(3892, 4, 'Mist', 17, 52, 1),
(3893, 4, 'Mist', 17, 53, 1),
(3894, 4, 'Mist', 17, 54, 1),
(3895, 4, 'Mist', 17, 55, 1),
(3896, 4, 'Mist', 17, 56, 1),
(3897, 4, 'Mist', 17, 57, 1),
(3898, 4, 'Mist', 17, 58, 1),
(3899, 4, 'Mist', 17, 59, 2),
(3900, 4, 'Mist', 17, 60, 2),
(3901, 7, 'Shirogane', 17, 1, 2),
(3902, 7, 'Shirogane', 17, 2, 1),
(3903, 7, 'Shirogane', 17, 3, 1),
(3904, 7, 'Shirogane', 17, 4, 1),
(3905, 7, 'Shirogane', 17, 5, 1),
(3906, 7, 'Shirogane', 17, 6, 1),
(3907, 7, 'Shirogane', 17, 7, 3),
(3908, 7, 'Shirogane', 17, 8, 2),
(3909, 7, 'Shirogane', 17, 9, 1),
(3910, 7, 'Shirogane', 17, 10, 1),
(3911, 7, 'Shirogane', 17, 11, 1),
(3912, 7, 'Shirogane', 17, 12, 1),
(3913, 7, 'Shirogane', 17, 13, 2),
(3914, 7, 'Shirogane', 17, 14, 1),
(3915, 7, 'Shirogane', 17, 15, 2),
(3916, 7, 'Shirogane', 17, 16, 3),
(3917, 7, 'Shirogane', 17, 17, 1),
(3918, 7, 'Shirogane', 17, 18, 1),
(3919, 7, 'Shirogane', 17, 19, 2),
(3920, 7, 'Shirogane', 17, 20, 1),
(3921, 7, 'Shirogane', 17, 21, 1),
(3922, 7, 'Shirogane', 17, 22, 1),
(3923, 7, 'Shirogane', 17, 23, 1),
(3924, 7, 'Shirogane', 17, 24, 2),
(3925, 7, 'Shirogane', 17, 25, 1),
(3926, 7, 'Shirogane', 17, 26, 1),
(3927, 7, 'Shirogane', 17, 27, 1),
(3928, 7, 'Shirogane', 17, 28, 2),
(3929, 7, 'Shirogane', 17, 29, 1),
(3930, 7, 'Shirogane', 17, 30, 3),
(3931, 7, 'Shirogane', 17, 31, 2),
(3932, 7, 'Shirogane', 17, 32, 1),
(3933, 7, 'Shirogane', 17, 33, 1),
(3934, 7, 'Shirogane', 17, 34, 1),
(3935, 7, 'Shirogane', 17, 35, 1),
(3936, 7, 'Shirogane', 17, 36, 1),
(3937, 7, 'Shirogane', 17, 37, 3),
(3938, 7, 'Shirogane', 17, 38, 2),
(3939, 7, 'Shirogane', 17, 39, 1),
(3940, 7, 'Shirogane', 17, 40, 1),
(3941, 7, 'Shirogane', 17, 41, 1),
(3942, 7, 'Shirogane', 17, 42, 1),
(3943, 7, 'Shirogane', 17, 43, 2),
(3944, 7, 'Shirogane', 17, 44, 1),
(3945, 7, 'Shirogane', 17, 45, 2),
(3946, 7, 'Shirogane', 17, 46, 3),
(3947, 7, 'Shirogane', 17, 47, 1),
(3948, 7, 'Shirogane', 17, 48, 1),
(3949, 7, 'Shirogane', 17, 49, 2),
(3950, 7, 'Shirogane', 17, 50, 1),
(3951, 7, 'Shirogane', 17, 51, 1),
(3952, 7, 'Shirogane', 17, 52, 1),
(3953, 7, 'Shirogane', 17, 53, 1),
(3954, 7, 'Shirogane', 17, 54, 2),
(3955, 7, 'Shirogane', 17, 55, 1),
(3956, 7, 'Shirogane', 17, 56, 1),
(3957, 7, 'Shirogane', 17, 57, 1),
(3958, 7, 'Shirogane', 17, 58, 2),
(3959, 7, 'Shirogane', 17, 59, 1),
(3960, 7, 'Shirogane', 17, 60, 3),
(3961, 5, 'The Goblet', 17, 1, 1),
(3962, 5, 'The Goblet', 17, 2, 1),
(3963, 5, 'The Goblet', 17, 3, 1),
(3964, 5, 'The Goblet', 17, 4, 2),
(3965, 5, 'The Goblet', 17, 5, 3),
(3966, 5, 'The Goblet', 17, 6, 2),
(3967, 5, 'The Goblet', 17, 7, 1),
(3968, 5, 'The Goblet', 17, 8, 2),
(3969, 5, 'The Goblet', 17, 9, 1),
(3970, 5, 'The Goblet', 17, 10, 1),
(3971, 5, 'The Goblet', 17, 11, 2),
(3972, 5, 'The Goblet', 17, 12, 2),
(3973, 5, 'The Goblet', 17, 13, 3),
(3974, 5, 'The Goblet', 17, 14, 1),
(3975, 5, 'The Goblet', 17, 15, 1),
(3976, 5, 'The Goblet', 17, 16, 1),
(3977, 5, 'The Goblet', 17, 17, 1),
(3978, 5, 'The Goblet', 17, 18, 1),
(3979, 5, 'The Goblet', 17, 19, 2),
(3980, 5, 'The Goblet', 17, 20, 1),
(3981, 5, 'The Goblet', 17, 21, 1),
(3982, 5, 'The Goblet', 17, 22, 1),
(3983, 5, 'The Goblet', 17, 23, 1),
(3984, 5, 'The Goblet', 17, 24, 1),
(3985, 5, 'The Goblet', 17, 25, 2),
(3986, 5, 'The Goblet', 17, 26, 1),
(3987, 5, 'The Goblet', 17, 27, 1),
(3988, 5, 'The Goblet', 17, 28, 1),
(3989, 5, 'The Goblet', 17, 29, 1),
(3990, 5, 'The Goblet', 17, 30, 3),
(3991, 5, 'The Goblet', 17, 31, 1),
(3992, 5, 'The Goblet', 17, 32, 1),
(3993, 5, 'The Goblet', 17, 33, 1),
(3994, 5, 'The Goblet', 17, 34, 2),
(3995, 5, 'The Goblet', 17, 35, 3),
(3996, 5, 'The Goblet', 17, 36, 2),
(3997, 5, 'The Goblet', 17, 37, 1),
(3998, 5, 'The Goblet', 17, 38, 2),
(3999, 5, 'The Goblet', 17, 39, 1),
(4000, 5, 'The Goblet', 17, 40, 1),
(4001, 5, 'The Goblet', 17, 41, 2),
(4002, 5, 'The Goblet', 17, 42, 2),
(4003, 5, 'The Goblet', 17, 43, 3),
(4004, 5, 'The Goblet', 17, 44, 1),
(4005, 5, 'The Goblet', 17, 45, 1),
(4006, 5, 'The Goblet', 17, 46, 1),
(4007, 5, 'The Goblet', 17, 47, 1),
(4008, 5, 'The Goblet', 17, 48, 1),
(4009, 5, 'The Goblet', 17, 49, 2),
(4010, 5, 'The Goblet', 17, 50, 1),
(4011, 5, 'The Goblet', 17, 51, 1),
(4012, 5, 'The Goblet', 17, 52, 1),
(4013, 5, 'The Goblet', 17, 53, 1),
(4014, 5, 'The Goblet', 17, 54, 1),
(4015, 5, 'The Goblet', 17, 55, 2),
(4016, 5, 'The Goblet', 17, 56, 1),
(4017, 5, 'The Goblet', 17, 57, 1),
(4018, 5, 'The Goblet', 17, 58, 1),
(4019, 5, 'The Goblet', 17, 59, 1),
(4020, 5, 'The Goblet', 17, 60, 3),
(4021, 2, 'The Lavender Beds', 17, 1, 2),
(4022, 2, 'The Lavender Beds', 17, 2, 1),
(4023, 2, 'The Lavender Beds', 17, 3, 3),
(4024, 2, 'The Lavender Beds', 17, 4, 1),
(4025, 2, 'The Lavender Beds', 17, 5, 2),
(4026, 2, 'The Lavender Beds', 17, 6, 3),
(4027, 2, 'The Lavender Beds', 17, 7, 1),
(4028, 2, 'The Lavender Beds', 17, 8, 1),
(4029, 2, 'The Lavender Beds', 17, 9, 1),
(4030, 2, 'The Lavender Beds', 17, 10, 1),
(4031, 2, 'The Lavender Beds', 17, 11, 2),
(4032, 2, 'The Lavender Beds', 17, 12, 1),
(4033, 2, 'The Lavender Beds', 17, 13, 1),
(4034, 2, 'The Lavender Beds', 17, 14, 1),
(4035, 2, 'The Lavender Beds', 17, 15, 1),
(4036, 2, 'The Lavender Beds', 17, 16, 2),
(4037, 2, 'The Lavender Beds', 17, 17, 1),
(4038, 2, 'The Lavender Beds', 17, 18, 1),
(4039, 2, 'The Lavender Beds', 17, 19, 1),
(4040, 2, 'The Lavender Beds', 17, 20, 1),
(4041, 2, 'The Lavender Beds', 17, 21, 2),
(4042, 2, 'The Lavender Beds', 17, 22, 1),
(4043, 2, 'The Lavender Beds', 17, 23, 1),
(4044, 2, 'The Lavender Beds', 17, 24, 1),
(4045, 2, 'The Lavender Beds', 17, 25, 1),
(4046, 2, 'The Lavender Beds', 17, 26, 1),
(4047, 2, 'The Lavender Beds', 17, 27, 2),
(4048, 2, 'The Lavender Beds', 17, 28, 3),
(4049, 2, 'The Lavender Beds', 17, 29, 1),
(4050, 2, 'The Lavender Beds', 17, 30, 2),
(4051, 2, 'The Lavender Beds', 17, 31, 2),
(4052, 2, 'The Lavender Beds', 17, 32, 1),
(4053, 2, 'The Lavender Beds', 17, 33, 3),
(4054, 2, 'The Lavender Beds', 17, 34, 1),
(4055, 2, 'The Lavender Beds', 17, 35, 2),
(4056, 2, 'The Lavender Beds', 17, 36, 3),
(4057, 2, 'The Lavender Beds', 17, 37, 1),
(4058, 2, 'The Lavender Beds', 17, 38, 1),
(4059, 2, 'The Lavender Beds', 17, 39, 1),
(4060, 2, 'The Lavender Beds', 17, 40, 1),
(4061, 2, 'The Lavender Beds', 17, 41, 2),
(4062, 2, 'The Lavender Beds', 17, 42, 1),
(4063, 2, 'The Lavender Beds', 17, 43, 1),
(4064, 2, 'The Lavender Beds', 17, 44, 1),
(4065, 2, 'The Lavender Beds', 17, 45, 1),
(4066, 2, 'The Lavender Beds', 17, 46, 2),
(4067, 2, 'The Lavender Beds', 17, 47, 1),
(4068, 2, 'The Lavender Beds', 17, 48, 1),
(4069, 2, 'The Lavender Beds', 17, 49, 1),
(4070, 2, 'The Lavender Beds', 17, 50, 1),
(4071, 2, 'The Lavender Beds', 17, 51, 2),
(4072, 2, 'The Lavender Beds', 17, 52, 1),
(4073, 2, 'The Lavender Beds', 17, 53, 1),
(4074, 2, 'The Lavender Beds', 17, 54, 1),
(4075, 2, 'The Lavender Beds', 17, 55, 1),
(4076, 2, 'The Lavender Beds', 17, 56, 1),
(4077, 2, 'The Lavender Beds', 17, 57, 2),
(4078, 2, 'The Lavender Beds', 17, 58, 3),
(4079, 2, 'The Lavender Beds', 17, 59, 1),
(4080, 2, 'The Lavender Beds', 17, 60, 2),
(4081, 4, 'Mist', 18, 1, 2),
(4082, 4, 'Mist', 18, 2, 3),
(4083, 4, 'Mist', 18, 3, 1),
(4084, 4, 'Mist', 18, 4, 2),
(4085, 4, 'Mist', 18, 5, 3),
(4086, 4, 'Mist', 18, 6, 2),
(4087, 4, 'Mist', 18, 7, 2),
(4088, 4, 'Mist', 18, 8, 1),
(4089, 4, 'Mist', 18, 9, 1),
(4090, 4, 'Mist', 18, 10, 1),
(4091, 4, 'Mist', 18, 11, 1),
(4092, 4, 'Mist', 18, 12, 1),
(4093, 4, 'Mist', 18, 13, 1),
(4094, 4, 'Mist', 18, 14, 2),
(4095, 4, 'Mist', 18, 15, 3),
(4096, 4, 'Mist', 18, 16, 1),
(4097, 4, 'Mist', 18, 17, 1),
(4098, 4, 'Mist', 18, 18, 1),
(4099, 4, 'Mist', 18, 19, 1),
(4100, 4, 'Mist', 18, 20, 1),
(4101, 4, 'Mist', 18, 21, 1),
(4102, 4, 'Mist', 18, 22, 1),
(4103, 4, 'Mist', 18, 23, 1),
(4104, 4, 'Mist', 18, 24, 1),
(4105, 4, 'Mist', 18, 25, 1),
(4106, 4, 'Mist', 18, 26, 1),
(4107, 4, 'Mist', 18, 27, 1),
(4108, 4, 'Mist', 18, 28, 1),
(4109, 4, 'Mist', 18, 29, 2),
(4110, 4, 'Mist', 18, 30, 2),
(4111, 4, 'Mist', 18, 31, 2),
(4112, 4, 'Mist', 18, 32, 3),
(4113, 4, 'Mist', 18, 33, 1),
(4114, 4, 'Mist', 18, 34, 2),
(4115, 4, 'Mist', 18, 35, 3),
(4116, 4, 'Mist', 18, 36, 2),
(4117, 4, 'Mist', 18, 37, 2),
(4118, 4, 'Mist', 18, 38, 1),
(4119, 4, 'Mist', 18, 39, 1),
(4120, 4, 'Mist', 18, 40, 1),
(4121, 4, 'Mist', 18, 41, 1),
(4122, 4, 'Mist', 18, 42, 1),
(4123, 4, 'Mist', 18, 43, 1),
(4124, 4, 'Mist', 18, 44, 2),
(4125, 4, 'Mist', 18, 45, 3),
(4126, 4, 'Mist', 18, 46, 1),
(4127, 4, 'Mist', 18, 47, 1),
(4128, 4, 'Mist', 18, 48, 1),
(4129, 4, 'Mist', 18, 49, 1),
(4130, 4, 'Mist', 18, 50, 1),
(4131, 4, 'Mist', 18, 51, 1),
(4132, 4, 'Mist', 18, 52, 1),
(4133, 4, 'Mist', 18, 53, 1),
(4134, 4, 'Mist', 18, 54, 1),
(4135, 4, 'Mist', 18, 55, 1),
(4136, 4, 'Mist', 18, 56, 1),
(4137, 4, 'Mist', 18, 57, 1),
(4138, 4, 'Mist', 18, 58, 1),
(4139, 4, 'Mist', 18, 59, 2),
(4140, 4, 'Mist', 18, 60, 2),
(4141, 7, 'Shirogane', 18, 1, 2),
(4142, 7, 'Shirogane', 18, 2, 1),
(4143, 7, 'Shirogane', 18, 3, 1),
(4144, 7, 'Shirogane', 18, 4, 1),
(4145, 7, 'Shirogane', 18, 5, 1),
(4146, 7, 'Shirogane', 18, 6, 1),
(4147, 7, 'Shirogane', 18, 7, 3),
(4148, 7, 'Shirogane', 18, 8, 2),
(4149, 7, 'Shirogane', 18, 9, 1),
(4150, 7, 'Shirogane', 18, 10, 1),
(4151, 7, 'Shirogane', 18, 11, 1),
(4152, 7, 'Shirogane', 18, 12, 1),
(4153, 7, 'Shirogane', 18, 13, 2),
(4154, 7, 'Shirogane', 18, 14, 1),
(4155, 7, 'Shirogane', 18, 15, 2),
(4156, 7, 'Shirogane', 18, 16, 3),
(4157, 7, 'Shirogane', 18, 17, 1),
(4158, 7, 'Shirogane', 18, 18, 1),
(4159, 7, 'Shirogane', 18, 19, 2),
(4160, 7, 'Shirogane', 18, 20, 1),
(4161, 7, 'Shirogane', 18, 21, 1),
(4162, 7, 'Shirogane', 18, 22, 1),
(4163, 7, 'Shirogane', 18, 23, 1),
(4164, 7, 'Shirogane', 18, 24, 2),
(4165, 7, 'Shirogane', 18, 25, 1),
(4166, 7, 'Shirogane', 18, 26, 1),
(4167, 7, 'Shirogane', 18, 27, 1),
(4168, 7, 'Shirogane', 18, 28, 2),
(4169, 7, 'Shirogane', 18, 29, 1),
(4170, 7, 'Shirogane', 18, 30, 3),
(4171, 7, 'Shirogane', 18, 31, 2),
(4172, 7, 'Shirogane', 18, 32, 1),
(4173, 7, 'Shirogane', 18, 33, 1),
(4174, 7, 'Shirogane', 18, 34, 1),
(4175, 7, 'Shirogane', 18, 35, 1),
(4176, 7, 'Shirogane', 18, 36, 1),
(4177, 7, 'Shirogane', 18, 37, 3),
(4178, 7, 'Shirogane', 18, 38, 2),
(4179, 7, 'Shirogane', 18, 39, 1),
(4180, 7, 'Shirogane', 18, 40, 1),
(4181, 7, 'Shirogane', 18, 41, 1),
(4182, 7, 'Shirogane', 18, 42, 1),
(4183, 7, 'Shirogane', 18, 43, 2),
(4184, 7, 'Shirogane', 18, 44, 1),
(4185, 7, 'Shirogane', 18, 45, 2),
(4186, 7, 'Shirogane', 18, 46, 3),
(4187, 7, 'Shirogane', 18, 47, 1),
(4188, 7, 'Shirogane', 18, 48, 1),
(4189, 7, 'Shirogane', 18, 49, 2),
(4190, 7, 'Shirogane', 18, 50, 1),
(4191, 7, 'Shirogane', 18, 51, 1),
(4192, 7, 'Shirogane', 18, 52, 1),
(4193, 7, 'Shirogane', 18, 53, 1),
(4194, 7, 'Shirogane', 18, 54, 2),
(4195, 7, 'Shirogane', 18, 55, 1),
(4196, 7, 'Shirogane', 18, 56, 1),
(4197, 7, 'Shirogane', 18, 57, 1),
(4198, 7, 'Shirogane', 18, 58, 2),
(4199, 7, 'Shirogane', 18, 59, 1),
(4200, 7, 'Shirogane', 18, 60, 3),
(4201, 5, 'The Goblet', 18, 1, 1),
(4202, 5, 'The Goblet', 18, 2, 1),
(4203, 5, 'The Goblet', 18, 3, 1),
(4204, 5, 'The Goblet', 18, 4, 2),
(4205, 5, 'The Goblet', 18, 5, 3),
(4206, 5, 'The Goblet', 18, 6, 2),
(4207, 5, 'The Goblet', 18, 7, 1),
(4208, 5, 'The Goblet', 18, 8, 2),
(4209, 5, 'The Goblet', 18, 9, 1),
(4210, 5, 'The Goblet', 18, 10, 1),
(4211, 5, 'The Goblet', 18, 11, 2),
(4212, 5, 'The Goblet', 18, 12, 2),
(4213, 5, 'The Goblet', 18, 13, 3),
(4214, 5, 'The Goblet', 18, 14, 1),
(4215, 5, 'The Goblet', 18, 15, 1),
(4216, 5, 'The Goblet', 18, 16, 1),
(4217, 5, 'The Goblet', 18, 17, 1),
(4218, 5, 'The Goblet', 18, 18, 1),
(4219, 5, 'The Goblet', 18, 19, 2),
(4220, 5, 'The Goblet', 18, 20, 1),
(4221, 5, 'The Goblet', 18, 21, 1),
(4222, 5, 'The Goblet', 18, 22, 1),
(4223, 5, 'The Goblet', 18, 23, 1),
(4224, 5, 'The Goblet', 18, 24, 1),
(4225, 5, 'The Goblet', 18, 25, 2),
(4226, 5, 'The Goblet', 18, 26, 1),
(4227, 5, 'The Goblet', 18, 27, 1),
(4228, 5, 'The Goblet', 18, 28, 1),
(4229, 5, 'The Goblet', 18, 29, 1),
(4230, 5, 'The Goblet', 18, 30, 3),
(4231, 5, 'The Goblet', 18, 31, 1),
(4232, 5, 'The Goblet', 18, 32, 1),
(4233, 5, 'The Goblet', 18, 33, 1),
(4234, 5, 'The Goblet', 18, 34, 2),
(4235, 5, 'The Goblet', 18, 35, 3),
(4236, 5, 'The Goblet', 18, 36, 2),
(4237, 5, 'The Goblet', 18, 37, 1),
(4238, 5, 'The Goblet', 18, 38, 2),
(4239, 5, 'The Goblet', 18, 39, 1),
(4240, 5, 'The Goblet', 18, 40, 1),
(4241, 5, 'The Goblet', 18, 41, 2),
(4242, 5, 'The Goblet', 18, 42, 2),
(4243, 5, 'The Goblet', 18, 43, 3),
(4244, 5, 'The Goblet', 18, 44, 1),
(4245, 5, 'The Goblet', 18, 45, 1),
(4246, 5, 'The Goblet', 18, 46, 1),
(4247, 5, 'The Goblet', 18, 47, 1),
(4248, 5, 'The Goblet', 18, 48, 1),
(4249, 5, 'The Goblet', 18, 49, 2),
(4250, 5, 'The Goblet', 18, 50, 1),
(4251, 5, 'The Goblet', 18, 51, 1),
(4252, 5, 'The Goblet', 18, 52, 1),
(4253, 5, 'The Goblet', 18, 53, 1),
(4254, 5, 'The Goblet', 18, 54, 1),
(4255, 5, 'The Goblet', 18, 55, 2),
(4256, 5, 'The Goblet', 18, 56, 1),
(4257, 5, 'The Goblet', 18, 57, 1),
(4258, 5, 'The Goblet', 18, 58, 1),
(4259, 5, 'The Goblet', 18, 59, 1),
(4260, 5, 'The Goblet', 18, 60, 3),
(4261, 2, 'The Lavender Beds', 18, 1, 2),
(4262, 2, 'The Lavender Beds', 18, 2, 1),
(4263, 2, 'The Lavender Beds', 18, 3, 3),
(4264, 2, 'The Lavender Beds', 18, 4, 1),
(4265, 2, 'The Lavender Beds', 18, 5, 2),
(4266, 2, 'The Lavender Beds', 18, 6, 3),
(4267, 2, 'The Lavender Beds', 18, 7, 1),
(4268, 2, 'The Lavender Beds', 18, 8, 1),
(4269, 2, 'The Lavender Beds', 18, 9, 1),
(4270, 2, 'The Lavender Beds', 18, 10, 1),
(4271, 2, 'The Lavender Beds', 18, 11, 2),
(4272, 2, 'The Lavender Beds', 18, 12, 1),
(4273, 2, 'The Lavender Beds', 18, 13, 1),
(4274, 2, 'The Lavender Beds', 18, 14, 1),
(4275, 2, 'The Lavender Beds', 18, 15, 1),
(4276, 2, 'The Lavender Beds', 18, 16, 2),
(4277, 2, 'The Lavender Beds', 18, 17, 1),
(4278, 2, 'The Lavender Beds', 18, 18, 1),
(4279, 2, 'The Lavender Beds', 18, 19, 1),
(4280, 2, 'The Lavender Beds', 18, 20, 1),
(4281, 2, 'The Lavender Beds', 18, 21, 2),
(4282, 2, 'The Lavender Beds', 18, 22, 1),
(4283, 2, 'The Lavender Beds', 18, 23, 1),
(4284, 2, 'The Lavender Beds', 18, 24, 1),
(4285, 2, 'The Lavender Beds', 18, 25, 1),
(4286, 2, 'The Lavender Beds', 18, 26, 1),
(4287, 2, 'The Lavender Beds', 18, 27, 2),
(4288, 2, 'The Lavender Beds', 18, 28, 3),
(4289, 2, 'The Lavender Beds', 18, 29, 1),
(4290, 2, 'The Lavender Beds', 18, 30, 2),
(4291, 2, 'The Lavender Beds', 18, 31, 2),
(4292, 2, 'The Lavender Beds', 18, 32, 1),
(4293, 2, 'The Lavender Beds', 18, 33, 3),
(4294, 2, 'The Lavender Beds', 18, 34, 1),
(4295, 2, 'The Lavender Beds', 18, 35, 2),
(4296, 2, 'The Lavender Beds', 18, 36, 3),
(4297, 2, 'The Lavender Beds', 18, 37, 1),
(4298, 2, 'The Lavender Beds', 18, 38, 1),
(4299, 2, 'The Lavender Beds', 18, 39, 1),
(4300, 2, 'The Lavender Beds', 18, 40, 1),
(4301, 2, 'The Lavender Beds', 18, 41, 2),
(4302, 2, 'The Lavender Beds', 18, 42, 1),
(4303, 2, 'The Lavender Beds', 18, 43, 1),
(4304, 2, 'The Lavender Beds', 18, 44, 1),
(4305, 2, 'The Lavender Beds', 18, 45, 1),
(4306, 2, 'The Lavender Beds', 18, 46, 2),
(4307, 2, 'The Lavender Beds', 18, 47, 1),
(4308, 2, 'The Lavender Beds', 18, 48, 1),
(4309, 2, 'The Lavender Beds', 18, 49, 1),
(4310, 2, 'The Lavender Beds', 18, 50, 1),
(4311, 2, 'The Lavender Beds', 18, 51, 2),
(4312, 2, 'The Lavender Beds', 18, 52, 1),
(4313, 2, 'The Lavender Beds', 18, 53, 1),
(4314, 2, 'The Lavender Beds', 18, 54, 1),
(4315, 2, 'The Lavender Beds', 18, 55, 1),
(4316, 2, 'The Lavender Beds', 18, 56, 1),
(4317, 2, 'The Lavender Beds', 18, 57, 2),
(4318, 2, 'The Lavender Beds', 18, 58, 3),
(4319, 2, 'The Lavender Beds', 18, 59, 1),
(4320, 2, 'The Lavender Beds', 18, 60, 2),
(4321, 4, 'Mist', 19, 1, 2),
(4322, 4, 'Mist', 19, 2, 3),
(4323, 4, 'Mist', 19, 3, 1),
(4324, 4, 'Mist', 19, 4, 2),
(4325, 4, 'Mist', 19, 5, 3),
(4326, 4, 'Mist', 19, 6, 2),
(4327, 4, 'Mist', 19, 7, 2),
(4328, 4, 'Mist', 19, 8, 1),
(4329, 4, 'Mist', 19, 9, 1),
(4330, 4, 'Mist', 19, 10, 1),
(4331, 4, 'Mist', 19, 11, 1),
(4332, 4, 'Mist', 19, 12, 1),
(4333, 4, 'Mist', 19, 13, 1),
(4334, 4, 'Mist', 19, 14, 2),
(4335, 4, 'Mist', 19, 15, 3),
(4336, 4, 'Mist', 19, 16, 1),
(4337, 4, 'Mist', 19, 17, 1),
(4338, 4, 'Mist', 19, 18, 1),
(4339, 4, 'Mist', 19, 19, 1),
(4340, 4, 'Mist', 19, 20, 1),
(4341, 4, 'Mist', 19, 21, 1),
(4342, 4, 'Mist', 19, 22, 1),
(4343, 4, 'Mist', 19, 23, 1),
(4344, 4, 'Mist', 19, 24, 1),
(4345, 4, 'Mist', 19, 25, 1),
(4346, 4, 'Mist', 19, 26, 1),
(4347, 4, 'Mist', 19, 27, 1),
(4348, 4, 'Mist', 19, 28, 1),
(4349, 4, 'Mist', 19, 29, 2),
(4350, 4, 'Mist', 19, 30, 2),
(4351, 4, 'Mist', 19, 31, 2),
(4352, 4, 'Mist', 19, 32, 3),
(4353, 4, 'Mist', 19, 33, 1),
(4354, 4, 'Mist', 19, 34, 2),
(4355, 4, 'Mist', 19, 35, 3),
(4356, 4, 'Mist', 19, 36, 2),
(4357, 4, 'Mist', 19, 37, 2),
(4358, 4, 'Mist', 19, 38, 1),
(4359, 4, 'Mist', 19, 39, 1),
(4360, 4, 'Mist', 19, 40, 1),
(4361, 4, 'Mist', 19, 41, 1),
(4362, 4, 'Mist', 19, 42, 1),
(4363, 4, 'Mist', 19, 43, 1),
(4364, 4, 'Mist', 19, 44, 2),
(4365, 4, 'Mist', 19, 45, 3),
(4366, 4, 'Mist', 19, 46, 1),
(4367, 4, 'Mist', 19, 47, 1),
(4368, 4, 'Mist', 19, 48, 1),
(4369, 4, 'Mist', 19, 49, 1),
(4370, 4, 'Mist', 19, 50, 1),
(4371, 4, 'Mist', 19, 51, 1),
(4372, 4, 'Mist', 19, 52, 1),
(4373, 4, 'Mist', 19, 53, 1),
(4374, 4, 'Mist', 19, 54, 1),
(4375, 4, 'Mist', 19, 55, 1),
(4376, 4, 'Mist', 19, 56, 1),
(4377, 4, 'Mist', 19, 57, 1),
(4378, 4, 'Mist', 19, 58, 1),
(4379, 4, 'Mist', 19, 59, 2),
(4380, 4, 'Mist', 19, 60, 2),
(4381, 7, 'Shirogane', 19, 1, 2),
(4382, 7, 'Shirogane', 19, 2, 1),
(4383, 7, 'Shirogane', 19, 3, 1),
(4384, 7, 'Shirogane', 19, 4, 1),
(4385, 7, 'Shirogane', 19, 5, 1),
(4386, 7, 'Shirogane', 19, 6, 1),
(4387, 7, 'Shirogane', 19, 7, 3),
(4388, 7, 'Shirogane', 19, 8, 2),
(4389, 7, 'Shirogane', 19, 9, 1),
(4390, 7, 'Shirogane', 19, 10, 1),
(4391, 7, 'Shirogane', 19, 11, 1),
(4392, 7, 'Shirogane', 19, 12, 1),
(4393, 7, 'Shirogane', 19, 13, 2),
(4394, 7, 'Shirogane', 19, 14, 1),
(4395, 7, 'Shirogane', 19, 15, 2),
(4396, 7, 'Shirogane', 19, 16, 3),
(4397, 7, 'Shirogane', 19, 17, 1),
(4398, 7, 'Shirogane', 19, 18, 1),
(4399, 7, 'Shirogane', 19, 19, 2),
(4400, 7, 'Shirogane', 19, 20, 1),
(4401, 7, 'Shirogane', 19, 21, 1),
(4402, 7, 'Shirogane', 19, 22, 1),
(4403, 7, 'Shirogane', 19, 23, 1),
(4404, 7, 'Shirogane', 19, 24, 2),
(4405, 7, 'Shirogane', 19, 25, 1),
(4406, 7, 'Shirogane', 19, 26, 1),
(4407, 7, 'Shirogane', 19, 27, 1),
(4408, 7, 'Shirogane', 19, 28, 2),
(4409, 7, 'Shirogane', 19, 29, 1),
(4410, 7, 'Shirogane', 19, 30, 3),
(4411, 7, 'Shirogane', 19, 31, 2),
(4412, 7, 'Shirogane', 19, 32, 1),
(4413, 7, 'Shirogane', 19, 33, 1),
(4414, 7, 'Shirogane', 19, 34, 1),
(4415, 7, 'Shirogane', 19, 35, 1),
(4416, 7, 'Shirogane', 19, 36, 1),
(4417, 7, 'Shirogane', 19, 37, 3),
(4418, 7, 'Shirogane', 19, 38, 2),
(4419, 7, 'Shirogane', 19, 39, 1),
(4420, 7, 'Shirogane', 19, 40, 1),
(4421, 7, 'Shirogane', 19, 41, 1),
(4422, 7, 'Shirogane', 19, 42, 1),
(4423, 7, 'Shirogane', 19, 43, 2),
(4424, 7, 'Shirogane', 19, 44, 1),
(4425, 7, 'Shirogane', 19, 45, 2),
(4426, 7, 'Shirogane', 19, 46, 3),
(4427, 7, 'Shirogane', 19, 47, 1),
(4428, 7, 'Shirogane', 19, 48, 1),
(4429, 7, 'Shirogane', 19, 49, 2),
(4430, 7, 'Shirogane', 19, 50, 1),
(4431, 7, 'Shirogane', 19, 51, 1),
(4432, 7, 'Shirogane', 19, 52, 1),
(4433, 7, 'Shirogane', 19, 53, 1),
(4434, 7, 'Shirogane', 19, 54, 2),
(4435, 7, 'Shirogane', 19, 55, 1),
(4436, 7, 'Shirogane', 19, 56, 1),
(4437, 7, 'Shirogane', 19, 57, 1),
(4438, 7, 'Shirogane', 19, 58, 2),
(4439, 7, 'Shirogane', 19, 59, 1),
(4440, 7, 'Shirogane', 19, 60, 3),
(4441, 5, 'The Goblet', 19, 1, 1),
(4442, 5, 'The Goblet', 19, 2, 1),
(4443, 5, 'The Goblet', 19, 3, 1),
(4444, 5, 'The Goblet', 19, 4, 2),
(4445, 5, 'The Goblet', 19, 5, 3),
(4446, 5, 'The Goblet', 19, 6, 2),
(4447, 5, 'The Goblet', 19, 7, 1),
(4448, 5, 'The Goblet', 19, 8, 2),
(4449, 5, 'The Goblet', 19, 9, 1),
(4450, 5, 'The Goblet', 19, 10, 1),
(4451, 5, 'The Goblet', 19, 11, 2),
(4452, 5, 'The Goblet', 19, 12, 2),
(4453, 5, 'The Goblet', 19, 13, 3),
(4454, 5, 'The Goblet', 19, 14, 1),
(4455, 5, 'The Goblet', 19, 15, 1),
(4456, 5, 'The Goblet', 19, 16, 1),
(4457, 5, 'The Goblet', 19, 17, 1),
(4458, 5, 'The Goblet', 19, 18, 1),
(4459, 5, 'The Goblet', 19, 19, 2),
(4460, 5, 'The Goblet', 19, 20, 1),
(4461, 5, 'The Goblet', 19, 21, 1),
(4462, 5, 'The Goblet', 19, 22, 1),
(4463, 5, 'The Goblet', 19, 23, 1),
(4464, 5, 'The Goblet', 19, 24, 1),
(4465, 5, 'The Goblet', 19, 25, 2),
(4466, 5, 'The Goblet', 19, 26, 1),
(4467, 5, 'The Goblet', 19, 27, 1),
(4468, 5, 'The Goblet', 19, 28, 1),
(4469, 5, 'The Goblet', 19, 29, 1),
(4470, 5, 'The Goblet', 19, 30, 3),
(4471, 5, 'The Goblet', 19, 31, 1),
(4472, 5, 'The Goblet', 19, 32, 1),
(4473, 5, 'The Goblet', 19, 33, 1),
(4474, 5, 'The Goblet', 19, 34, 2),
(4475, 5, 'The Goblet', 19, 35, 3),
(4476, 5, 'The Goblet', 19, 36, 2),
(4477, 5, 'The Goblet', 19, 37, 1),
(4478, 5, 'The Goblet', 19, 38, 2),
(4479, 5, 'The Goblet', 19, 39, 1),
(4480, 5, 'The Goblet', 19, 40, 1),
(4481, 5, 'The Goblet', 19, 41, 2),
(4482, 5, 'The Goblet', 19, 42, 2),
(4483, 5, 'The Goblet', 19, 43, 3),
(4484, 5, 'The Goblet', 19, 44, 1),
(4485, 5, 'The Goblet', 19, 45, 1),
(4486, 5, 'The Goblet', 19, 46, 1),
(4487, 5, 'The Goblet', 19, 47, 1),
(4488, 5, 'The Goblet', 19, 48, 1),
(4489, 5, 'The Goblet', 19, 49, 2),
(4490, 5, 'The Goblet', 19, 50, 1),
(4491, 5, 'The Goblet', 19, 51, 1),
(4492, 5, 'The Goblet', 19, 52, 1),
(4493, 5, 'The Goblet', 19, 53, 1),
(4494, 5, 'The Goblet', 19, 54, 1),
(4495, 5, 'The Goblet', 19, 55, 2),
(4496, 5, 'The Goblet', 19, 56, 1),
(4497, 5, 'The Goblet', 19, 57, 1),
(4498, 5, 'The Goblet', 19, 58, 1),
(4499, 5, 'The Goblet', 19, 59, 1),
(4500, 5, 'The Goblet', 19, 60, 3),
(4501, 2, 'The Lavender Beds', 19, 1, 2),
(4502, 2, 'The Lavender Beds', 19, 2, 1),
(4503, 2, 'The Lavender Beds', 19, 3, 3),
(4504, 2, 'The Lavender Beds', 19, 4, 1),
(4505, 2, 'The Lavender Beds', 19, 5, 2),
(4506, 2, 'The Lavender Beds', 19, 6, 3),
(4507, 2, 'The Lavender Beds', 19, 7, 1),
(4508, 2, 'The Lavender Beds', 19, 8, 1),
(4509, 2, 'The Lavender Beds', 19, 9, 1),
(4510, 2, 'The Lavender Beds', 19, 10, 1),
(4511, 2, 'The Lavender Beds', 19, 11, 2),
(4512, 2, 'The Lavender Beds', 19, 12, 1),
(4513, 2, 'The Lavender Beds', 19, 13, 1),
(4514, 2, 'The Lavender Beds', 19, 14, 1),
(4515, 2, 'The Lavender Beds', 19, 15, 1),
(4516, 2, 'The Lavender Beds', 19, 16, 2),
(4517, 2, 'The Lavender Beds', 19, 17, 1),
(4518, 2, 'The Lavender Beds', 19, 18, 1),
(4519, 2, 'The Lavender Beds', 19, 19, 1),
(4520, 2, 'The Lavender Beds', 19, 20, 1),
(4521, 2, 'The Lavender Beds', 19, 21, 2),
(4522, 2, 'The Lavender Beds', 19, 22, 1),
(4523, 2, 'The Lavender Beds', 19, 23, 1),
(4524, 2, 'The Lavender Beds', 19, 24, 1),
(4525, 2, 'The Lavender Beds', 19, 25, 1);

INSERT IGNORE INTO `ffxiv__estate` (`estate_id`, `city_id`, `area`, `ward`, `plot`, `size`) VALUES
(4526, 2, 'The Lavender Beds', 19, 26, 1),
(4527, 2, 'The Lavender Beds', 19, 27, 2),
(4528, 2, 'The Lavender Beds', 19, 28, 3),
(4529, 2, 'The Lavender Beds', 19, 29, 1),
(4530, 2, 'The Lavender Beds', 19, 30, 2),
(4531, 2, 'The Lavender Beds', 19, 31, 2),
(4532, 2, 'The Lavender Beds', 19, 32, 1),
(4533, 2, 'The Lavender Beds', 19, 33, 3),
(4534, 2, 'The Lavender Beds', 19, 34, 1),
(4535, 2, 'The Lavender Beds', 19, 35, 2),
(4536, 2, 'The Lavender Beds', 19, 36, 3),
(4537, 2, 'The Lavender Beds', 19, 37, 1),
(4538, 2, 'The Lavender Beds', 19, 38, 1),
(4539, 2, 'The Lavender Beds', 19, 39, 1),
(4540, 2, 'The Lavender Beds', 19, 40, 1),
(4541, 2, 'The Lavender Beds', 19, 41, 2),
(4542, 2, 'The Lavender Beds', 19, 42, 1),
(4543, 2, 'The Lavender Beds', 19, 43, 1),
(4544, 2, 'The Lavender Beds', 19, 44, 1),
(4545, 2, 'The Lavender Beds', 19, 45, 1),
(4546, 2, 'The Lavender Beds', 19, 46, 2),
(4547, 2, 'The Lavender Beds', 19, 47, 1),
(4548, 2, 'The Lavender Beds', 19, 48, 1),
(4549, 2, 'The Lavender Beds', 19, 49, 1),
(4550, 2, 'The Lavender Beds', 19, 50, 1),
(4551, 2, 'The Lavender Beds', 19, 51, 2),
(4552, 2, 'The Lavender Beds', 19, 52, 1),
(4553, 2, 'The Lavender Beds', 19, 53, 1),
(4554, 2, 'The Lavender Beds', 19, 54, 1),
(4555, 2, 'The Lavender Beds', 19, 55, 1),
(4556, 2, 'The Lavender Beds', 19, 56, 1),
(4557, 2, 'The Lavender Beds', 19, 57, 2),
(4558, 2, 'The Lavender Beds', 19, 58, 3),
(4559, 2, 'The Lavender Beds', 19, 59, 1),
(4560, 2, 'The Lavender Beds', 19, 60, 2),
(4576, 4, 'Mist', 20, 1, 2),
(4577, 4, 'Mist', 20, 2, 3),
(4578, 4, 'Mist', 20, 3, 1),
(4579, 4, 'Mist', 20, 4, 2),
(4580, 4, 'Mist', 20, 5, 3),
(4581, 4, 'Mist', 20, 6, 2),
(4582, 4, 'Mist', 20, 7, 2),
(4583, 4, 'Mist', 20, 8, 1),
(4584, 4, 'Mist', 20, 9, 1),
(4585, 4, 'Mist', 20, 10, 1),
(4586, 4, 'Mist', 20, 11, 1),
(4587, 4, 'Mist', 20, 12, 1),
(4588, 4, 'Mist', 20, 13, 1),
(4589, 4, 'Mist', 20, 14, 2),
(4590, 4, 'Mist', 20, 15, 3),
(4591, 4, 'Mist', 20, 16, 1),
(4592, 4, 'Mist', 20, 17, 1),
(4593, 4, 'Mist', 20, 18, 1),
(4594, 4, 'Mist', 20, 19, 1),
(4595, 4, 'Mist', 20, 20, 1),
(4596, 4, 'Mist', 20, 21, 1),
(4597, 4, 'Mist', 20, 22, 1),
(4598, 4, 'Mist', 20, 23, 1),
(4599, 4, 'Mist', 20, 24, 1),
(4600, 4, 'Mist', 20, 25, 1),
(4601, 4, 'Mist', 20, 26, 1),
(4602, 4, 'Mist', 20, 27, 1),
(4603, 4, 'Mist', 20, 28, 1),
(4604, 4, 'Mist', 20, 29, 2),
(4605, 4, 'Mist', 20, 30, 2),
(4606, 4, 'Mist', 20, 31, 2),
(4607, 4, 'Mist', 20, 32, 3),
(4608, 4, 'Mist', 20, 33, 1),
(4609, 4, 'Mist', 20, 34, 2),
(4610, 4, 'Mist', 20, 35, 3),
(4611, 4, 'Mist', 20, 36, 2),
(4612, 4, 'Mist', 20, 37, 2),
(4613, 4, 'Mist', 20, 38, 1),
(4614, 4, 'Mist', 20, 39, 1),
(4615, 4, 'Mist', 20, 40, 1),
(4616, 4, 'Mist', 20, 41, 1),
(4617, 4, 'Mist', 20, 42, 1),
(4618, 4, 'Mist', 20, 43, 1),
(4619, 4, 'Mist', 20, 44, 2),
(4620, 4, 'Mist', 20, 45, 3),
(4621, 4, 'Mist', 20, 46, 1),
(4622, 4, 'Mist', 20, 47, 1),
(4623, 4, 'Mist', 20, 48, 1),
(4624, 4, 'Mist', 20, 49, 1),
(4625, 4, 'Mist', 20, 50, 1),
(4626, 4, 'Mist', 20, 51, 1),
(4627, 4, 'Mist', 20, 52, 1),
(4628, 4, 'Mist', 20, 53, 1),
(4629, 4, 'Mist', 20, 54, 1),
(4630, 4, 'Mist', 20, 55, 1),
(4631, 4, 'Mist', 20, 56, 1),
(4632, 4, 'Mist', 20, 57, 1),
(4633, 4, 'Mist', 20, 58, 1),
(4634, 4, 'Mist', 20, 59, 2),
(4635, 4, 'Mist', 20, 60, 2),
(4636, 7, 'Shirogane', 20, 1, 2),
(4637, 7, 'Shirogane', 20, 2, 1),
(4638, 7, 'Shirogane', 20, 3, 1),
(4639, 7, 'Shirogane', 20, 4, 1),
(4640, 7, 'Shirogane', 20, 5, 1),
(4641, 7, 'Shirogane', 20, 6, 1),
(4642, 7, 'Shirogane', 20, 7, 3),
(4643, 7, 'Shirogane', 20, 8, 2),
(4644, 7, 'Shirogane', 20, 9, 1),
(4645, 7, 'Shirogane', 20, 10, 1),
(4646, 7, 'Shirogane', 20, 11, 1),
(4647, 7, 'Shirogane', 20, 12, 1),
(4648, 7, 'Shirogane', 20, 13, 2),
(4649, 7, 'Shirogane', 20, 14, 1),
(4650, 7, 'Shirogane', 20, 15, 2),
(4651, 7, 'Shirogane', 20, 16, 3),
(4652, 7, 'Shirogane', 20, 17, 1),
(4653, 7, 'Shirogane', 20, 18, 1),
(4654, 7, 'Shirogane', 20, 19, 2),
(4655, 7, 'Shirogane', 20, 20, 1),
(4656, 7, 'Shirogane', 20, 21, 1),
(4657, 7, 'Shirogane', 20, 22, 1),
(4658, 7, 'Shirogane', 20, 23, 1),
(4659, 7, 'Shirogane', 20, 24, 2),
(4660, 7, 'Shirogane', 20, 25, 1),
(4661, 7, 'Shirogane', 20, 26, 1),
(4662, 7, 'Shirogane', 20, 27, 1),
(4663, 7, 'Shirogane', 20, 28, 2),
(4664, 7, 'Shirogane', 20, 29, 1),
(4665, 7, 'Shirogane', 20, 30, 3),
(4666, 7, 'Shirogane', 20, 31, 2),
(4667, 7, 'Shirogane', 20, 32, 1),
(4668, 7, 'Shirogane', 20, 33, 1),
(4669, 7, 'Shirogane', 20, 34, 1),
(4670, 7, 'Shirogane', 20, 35, 1),
(4671, 7, 'Shirogane', 20, 36, 1),
(4672, 7, 'Shirogane', 20, 37, 3),
(4673, 7, 'Shirogane', 20, 38, 2),
(4674, 7, 'Shirogane', 20, 39, 1),
(4675, 7, 'Shirogane', 20, 40, 1),
(4676, 7, 'Shirogane', 20, 41, 1),
(4677, 7, 'Shirogane', 20, 42, 1),
(4678, 7, 'Shirogane', 20, 43, 2),
(4679, 7, 'Shirogane', 20, 44, 1),
(4680, 7, 'Shirogane', 20, 45, 2),
(4681, 7, 'Shirogane', 20, 46, 3),
(4682, 7, 'Shirogane', 20, 47, 1),
(4683, 7, 'Shirogane', 20, 48, 1),
(4684, 7, 'Shirogane', 20, 49, 2),
(4685, 7, 'Shirogane', 20, 50, 1),
(4686, 7, 'Shirogane', 20, 51, 1),
(4687, 7, 'Shirogane', 20, 52, 1),
(4688, 7, 'Shirogane', 20, 53, 1),
(4689, 7, 'Shirogane', 20, 54, 2),
(4690, 7, 'Shirogane', 20, 55, 1),
(4691, 7, 'Shirogane', 20, 56, 1),
(4692, 7, 'Shirogane', 20, 57, 1),
(4693, 7, 'Shirogane', 20, 58, 2),
(4694, 7, 'Shirogane', 20, 59, 1),
(4695, 7, 'Shirogane', 20, 60, 3),
(4696, 5, 'The Goblet', 20, 1, 1),
(4697, 5, 'The Goblet', 20, 2, 1),
(4698, 5, 'The Goblet', 20, 3, 1),
(4699, 5, 'The Goblet', 20, 4, 2),
(4700, 5, 'The Goblet', 20, 5, 3),
(4701, 5, 'The Goblet', 20, 6, 2),
(4702, 5, 'The Goblet', 20, 7, 1),
(4703, 5, 'The Goblet', 20, 8, 2),
(4704, 5, 'The Goblet', 20, 9, 1),
(4705, 5, 'The Goblet', 20, 10, 1),
(4706, 5, 'The Goblet', 20, 11, 2),
(4707, 5, 'The Goblet', 20, 12, 2),
(4708, 5, 'The Goblet', 20, 13, 3),
(4709, 5, 'The Goblet', 20, 14, 1),
(4710, 5, 'The Goblet', 20, 15, 1),
(4711, 5, 'The Goblet', 20, 16, 1),
(4712, 5, 'The Goblet', 20, 17, 1),
(4713, 5, 'The Goblet', 20, 18, 1),
(4714, 5, 'The Goblet', 20, 19, 2),
(4715, 5, 'The Goblet', 20, 20, 1),
(4716, 5, 'The Goblet', 20, 21, 1),
(4717, 5, 'The Goblet', 20, 22, 1),
(4718, 5, 'The Goblet', 20, 23, 1),
(4719, 5, 'The Goblet', 20, 24, 1),
(4720, 5, 'The Goblet', 20, 25, 2),
(4721, 5, 'The Goblet', 20, 26, 1),
(4722, 5, 'The Goblet', 20, 27, 1),
(4723, 5, 'The Goblet', 20, 28, 1),
(4724, 5, 'The Goblet', 20, 29, 1),
(4725, 5, 'The Goblet', 20, 30, 3),
(4726, 5, 'The Goblet', 20, 31, 1),
(4727, 5, 'The Goblet', 20, 32, 1),
(4728, 5, 'The Goblet', 20, 33, 1),
(4729, 5, 'The Goblet', 20, 34, 2),
(4730, 5, 'The Goblet', 20, 35, 3),
(4731, 5, 'The Goblet', 20, 36, 2),
(4732, 5, 'The Goblet', 20, 37, 1),
(4733, 5, 'The Goblet', 20, 38, 2),
(4734, 5, 'The Goblet', 20, 39, 1),
(4735, 5, 'The Goblet', 20, 40, 1),
(4736, 5, 'The Goblet', 20, 41, 2),
(4737, 5, 'The Goblet', 20, 42, 2),
(4738, 5, 'The Goblet', 20, 43, 3),
(4739, 5, 'The Goblet', 20, 44, 1),
(4740, 5, 'The Goblet', 20, 45, 1),
(4741, 5, 'The Goblet', 20, 46, 1),
(4742, 5, 'The Goblet', 20, 47, 1),
(4743, 5, 'The Goblet', 20, 48, 1),
(4744, 5, 'The Goblet', 20, 49, 2),
(4745, 5, 'The Goblet', 20, 50, 1),
(4746, 5, 'The Goblet', 20, 51, 1),
(4747, 5, 'The Goblet', 20, 52, 1),
(4748, 5, 'The Goblet', 20, 53, 1),
(4749, 5, 'The Goblet', 20, 54, 1),
(4750, 5, 'The Goblet', 20, 55, 2),
(4751, 5, 'The Goblet', 20, 56, 1),
(4752, 5, 'The Goblet', 20, 57, 1),
(4753, 5, 'The Goblet', 20, 58, 1),
(4754, 5, 'The Goblet', 20, 59, 1),
(4755, 5, 'The Goblet', 20, 60, 3),
(4756, 2, 'The Lavender Beds', 20, 1, 2),
(4757, 2, 'The Lavender Beds', 20, 2, 1),
(4758, 2, 'The Lavender Beds', 20, 3, 3),
(4759, 2, 'The Lavender Beds', 20, 4, 1),
(4760, 2, 'The Lavender Beds', 20, 5, 2),
(4761, 2, 'The Lavender Beds', 20, 6, 3),
(4762, 2, 'The Lavender Beds', 20, 7, 1),
(4763, 2, 'The Lavender Beds', 20, 8, 1),
(4764, 2, 'The Lavender Beds', 20, 9, 1),
(4765, 2, 'The Lavender Beds', 20, 10, 1),
(4766, 2, 'The Lavender Beds', 20, 11, 2),
(4767, 2, 'The Lavender Beds', 20, 12, 1),
(4768, 2, 'The Lavender Beds', 20, 13, 1),
(4769, 2, 'The Lavender Beds', 20, 14, 1),
(4770, 2, 'The Lavender Beds', 20, 15, 1),
(4771, 2, 'The Lavender Beds', 20, 16, 2),
(4772, 2, 'The Lavender Beds', 20, 17, 1),
(4773, 2, 'The Lavender Beds', 20, 18, 1),
(4774, 2, 'The Lavender Beds', 20, 19, 1),
(4775, 2, 'The Lavender Beds', 20, 20, 1),
(4776, 2, 'The Lavender Beds', 20, 21, 2),
(4777, 2, 'The Lavender Beds', 20, 22, 1),
(4778, 2, 'The Lavender Beds', 20, 23, 1),
(4779, 2, 'The Lavender Beds', 20, 24, 1),
(4780, 2, 'The Lavender Beds', 20, 25, 1),
(4781, 2, 'The Lavender Beds', 20, 26, 1),
(4782, 2, 'The Lavender Beds', 20, 27, 2),
(4783, 2, 'The Lavender Beds', 20, 28, 3),
(4784, 2, 'The Lavender Beds', 20, 29, 1),
(4785, 2, 'The Lavender Beds', 20, 30, 2),
(4786, 2, 'The Lavender Beds', 20, 31, 2),
(4787, 2, 'The Lavender Beds', 20, 32, 1),
(4788, 2, 'The Lavender Beds', 20, 33, 3),
(4789, 2, 'The Lavender Beds', 20, 34, 1),
(4790, 2, 'The Lavender Beds', 20, 35, 2),
(4791, 2, 'The Lavender Beds', 20, 36, 3),
(4792, 2, 'The Lavender Beds', 20, 37, 1),
(4793, 2, 'The Lavender Beds', 20, 38, 1),
(4794, 2, 'The Lavender Beds', 20, 39, 1),
(4795, 2, 'The Lavender Beds', 20, 40, 1),
(4796, 2, 'The Lavender Beds', 20, 41, 2),
(4797, 2, 'The Lavender Beds', 20, 42, 1),
(4798, 2, 'The Lavender Beds', 20, 43, 1),
(4799, 2, 'The Lavender Beds', 20, 44, 1),
(4800, 2, 'The Lavender Beds', 20, 45, 1),
(4801, 2, 'The Lavender Beds', 20, 46, 2),
(4802, 2, 'The Lavender Beds', 20, 47, 1),
(4803, 2, 'The Lavender Beds', 20, 48, 1),
(4804, 2, 'The Lavender Beds', 20, 49, 1),
(4805, 2, 'The Lavender Beds', 20, 50, 1),
(4806, 2, 'The Lavender Beds', 20, 51, 2),
(4807, 2, 'The Lavender Beds', 20, 52, 1),
(4808, 2, 'The Lavender Beds', 20, 53, 1),
(4809, 2, 'The Lavender Beds', 20, 54, 1),
(4810, 2, 'The Lavender Beds', 20, 55, 1),
(4811, 2, 'The Lavender Beds', 20, 56, 1),
(4812, 2, 'The Lavender Beds', 20, 57, 2),
(4813, 2, 'The Lavender Beds', 20, 58, 3),
(4814, 2, 'The Lavender Beds', 20, 59, 1),
(4815, 2, 'The Lavender Beds', 20, 60, 2),
(4831, 4, 'Mist', 21, 1, 2),
(4832, 4, 'Mist', 21, 2, 3),
(4833, 4, 'Mist', 21, 3, 1),
(4834, 4, 'Mist', 21, 4, 2),
(4835, 4, 'Mist', 21, 5, 3),
(4836, 4, 'Mist', 21, 6, 2),
(4837, 4, 'Mist', 21, 7, 2),
(4838, 4, 'Mist', 21, 8, 1),
(4839, 4, 'Mist', 21, 9, 1),
(4840, 4, 'Mist', 21, 10, 1),
(4841, 4, 'Mist', 21, 11, 1),
(4842, 4, 'Mist', 21, 12, 1),
(4843, 4, 'Mist', 21, 13, 1),
(4844, 4, 'Mist', 21, 14, 2),
(4845, 4, 'Mist', 21, 15, 3),
(4846, 4, 'Mist', 21, 16, 1),
(4847, 4, 'Mist', 21, 17, 1),
(4848, 4, 'Mist', 21, 18, 1),
(4849, 4, 'Mist', 21, 19, 1),
(4850, 4, 'Mist', 21, 20, 1),
(4851, 4, 'Mist', 21, 21, 1),
(4852, 4, 'Mist', 21, 22, 1),
(4853, 4, 'Mist', 21, 23, 1),
(4854, 4, 'Mist', 21, 24, 1),
(4855, 4, 'Mist', 21, 25, 1),
(4856, 4, 'Mist', 21, 26, 1),
(4857, 4, 'Mist', 21, 27, 1),
(4858, 4, 'Mist', 21, 28, 1),
(4859, 4, 'Mist', 21, 29, 2),
(4860, 4, 'Mist', 21, 30, 2),
(4861, 4, 'Mist', 21, 31, 2),
(4862, 4, 'Mist', 21, 32, 3),
(4863, 4, 'Mist', 21, 33, 1),
(4864, 4, 'Mist', 21, 34, 2),
(4865, 4, 'Mist', 21, 35, 3),
(4866, 4, 'Mist', 21, 36, 2),
(4867, 4, 'Mist', 21, 37, 2),
(4868, 4, 'Mist', 21, 38, 1),
(4869, 4, 'Mist', 21, 39, 1),
(4870, 4, 'Mist', 21, 40, 1),
(4871, 4, 'Mist', 21, 41, 1),
(4872, 4, 'Mist', 21, 42, 1),
(4873, 4, 'Mist', 21, 43, 1),
(4874, 4, 'Mist', 21, 44, 2),
(4875, 4, 'Mist', 21, 45, 3),
(4876, 4, 'Mist', 21, 46, 1),
(4877, 4, 'Mist', 21, 47, 1),
(4878, 4, 'Mist', 21, 48, 1),
(4879, 4, 'Mist', 21, 49, 1),
(4880, 4, 'Mist', 21, 50, 1),
(4881, 4, 'Mist', 21, 51, 1),
(4882, 4, 'Mist', 21, 52, 1),
(4883, 4, 'Mist', 21, 53, 1),
(4884, 4, 'Mist', 21, 54, 1),
(4885, 4, 'Mist', 21, 55, 1),
(4886, 4, 'Mist', 21, 56, 1),
(4887, 4, 'Mist', 21, 57, 1),
(4888, 4, 'Mist', 21, 58, 1),
(4889, 4, 'Mist', 21, 59, 2),
(4890, 4, 'Mist', 21, 60, 2),
(4891, 7, 'Shirogane', 21, 1, 2),
(4892, 7, 'Shirogane', 21, 2, 1),
(4893, 7, 'Shirogane', 21, 3, 1),
(4894, 7, 'Shirogane', 21, 4, 1),
(4895, 7, 'Shirogane', 21, 5, 1),
(4896, 7, 'Shirogane', 21, 6, 1),
(4897, 7, 'Shirogane', 21, 7, 3),
(4898, 7, 'Shirogane', 21, 8, 2),
(4899, 7, 'Shirogane', 21, 9, 1),
(4900, 7, 'Shirogane', 21, 10, 1),
(4901, 7, 'Shirogane', 21, 11, 1),
(4902, 7, 'Shirogane', 21, 12, 1),
(4903, 7, 'Shirogane', 21, 13, 2),
(4904, 7, 'Shirogane', 21, 14, 1),
(4905, 7, 'Shirogane', 21, 15, 2),
(4906, 7, 'Shirogane', 21, 16, 3),
(4907, 7, 'Shirogane', 21, 17, 1),
(4908, 7, 'Shirogane', 21, 18, 1),
(4909, 7, 'Shirogane', 21, 19, 2),
(4910, 7, 'Shirogane', 21, 20, 1),
(4911, 7, 'Shirogane', 21, 21, 1),
(4912, 7, 'Shirogane', 21, 22, 1),
(4913, 7, 'Shirogane', 21, 23, 1),
(4914, 7, 'Shirogane', 21, 24, 2),
(4915, 7, 'Shirogane', 21, 25, 1),
(4916, 7, 'Shirogane', 21, 26, 1),
(4917, 7, 'Shirogane', 21, 27, 1),
(4918, 7, 'Shirogane', 21, 28, 2),
(4919, 7, 'Shirogane', 21, 29, 1),
(4920, 7, 'Shirogane', 21, 30, 3),
(4921, 7, 'Shirogane', 21, 31, 2),
(4922, 7, 'Shirogane', 21, 32, 1),
(4923, 7, 'Shirogane', 21, 33, 1),
(4924, 7, 'Shirogane', 21, 34, 1),
(4925, 7, 'Shirogane', 21, 35, 1),
(4926, 7, 'Shirogane', 21, 36, 1),
(4927, 7, 'Shirogane', 21, 37, 3),
(4928, 7, 'Shirogane', 21, 38, 2),
(4929, 7, 'Shirogane', 21, 39, 1),
(4930, 7, 'Shirogane', 21, 40, 1),
(4931, 7, 'Shirogane', 21, 41, 1),
(4932, 7, 'Shirogane', 21, 42, 1),
(4933, 7, 'Shirogane', 21, 43, 2),
(4934, 7, 'Shirogane', 21, 44, 1),
(4935, 7, 'Shirogane', 21, 45, 2),
(4936, 7, 'Shirogane', 21, 46, 3),
(4937, 7, 'Shirogane', 21, 47, 1),
(4938, 7, 'Shirogane', 21, 48, 1),
(4939, 7, 'Shirogane', 21, 49, 2),
(4940, 7, 'Shirogane', 21, 50, 1),
(4941, 7, 'Shirogane', 21, 51, 1),
(4942, 7, 'Shirogane', 21, 52, 1),
(4943, 7, 'Shirogane', 21, 53, 1),
(4944, 7, 'Shirogane', 21, 54, 2),
(4945, 7, 'Shirogane', 21, 55, 1),
(4946, 7, 'Shirogane', 21, 56, 1),
(4947, 7, 'Shirogane', 21, 57, 1),
(4948, 7, 'Shirogane', 21, 58, 2),
(4949, 7, 'Shirogane', 21, 59, 1),
(4950, 7, 'Shirogane', 21, 60, 3),
(4951, 5, 'The Goblet', 21, 1, 1),
(4952, 5, 'The Goblet', 21, 2, 1),
(4953, 5, 'The Goblet', 21, 3, 1),
(4954, 5, 'The Goblet', 21, 4, 2),
(4955, 5, 'The Goblet', 21, 5, 3),
(4956, 5, 'The Goblet', 21, 6, 2),
(4957, 5, 'The Goblet', 21, 7, 1),
(4958, 5, 'The Goblet', 21, 8, 2),
(4959, 5, 'The Goblet', 21, 9, 1),
(4960, 5, 'The Goblet', 21, 10, 1),
(4961, 5, 'The Goblet', 21, 11, 2),
(4962, 5, 'The Goblet', 21, 12, 2),
(4963, 5, 'The Goblet', 21, 13, 3),
(4964, 5, 'The Goblet', 21, 14, 1),
(4965, 5, 'The Goblet', 21, 15, 1),
(4966, 5, 'The Goblet', 21, 16, 1),
(4967, 5, 'The Goblet', 21, 17, 1),
(4968, 5, 'The Goblet', 21, 18, 1),
(4969, 5, 'The Goblet', 21, 19, 2),
(4970, 5, 'The Goblet', 21, 20, 1),
(4971, 5, 'The Goblet', 21, 21, 1),
(4972, 5, 'The Goblet', 21, 22, 1),
(4973, 5, 'The Goblet', 21, 23, 1),
(4974, 5, 'The Goblet', 21, 24, 1),
(4975, 5, 'The Goblet', 21, 25, 2),
(4976, 5, 'The Goblet', 21, 26, 1),
(4977, 5, 'The Goblet', 21, 27, 1),
(4978, 5, 'The Goblet', 21, 28, 1),
(4979, 5, 'The Goblet', 21, 29, 1),
(4980, 5, 'The Goblet', 21, 30, 3),
(4981, 5, 'The Goblet', 21, 31, 1),
(4982, 5, 'The Goblet', 21, 32, 1),
(4983, 5, 'The Goblet', 21, 33, 1),
(4984, 5, 'The Goblet', 21, 34, 2),
(4985, 5, 'The Goblet', 21, 35, 3),
(4986, 5, 'The Goblet', 21, 36, 2),
(4987, 5, 'The Goblet', 21, 37, 1),
(4988, 5, 'The Goblet', 21, 38, 2),
(4989, 5, 'The Goblet', 21, 39, 1),
(4990, 5, 'The Goblet', 21, 40, 1),
(4991, 5, 'The Goblet', 21, 41, 2),
(4992, 5, 'The Goblet', 21, 42, 2),
(4993, 5, 'The Goblet', 21, 43, 3),
(4994, 5, 'The Goblet', 21, 44, 1),
(4995, 5, 'The Goblet', 21, 45, 1),
(4996, 5, 'The Goblet', 21, 46, 1),
(4997, 5, 'The Goblet', 21, 47, 1),
(4998, 5, 'The Goblet', 21, 48, 1),
(4999, 5, 'The Goblet', 21, 49, 2),
(5000, 5, 'The Goblet', 21, 50, 1),
(5001, 5, 'The Goblet', 21, 51, 1),
(5002, 5, 'The Goblet', 21, 52, 1),
(5003, 5, 'The Goblet', 21, 53, 1),
(5004, 5, 'The Goblet', 21, 54, 1),
(5005, 5, 'The Goblet', 21, 55, 2),
(5006, 5, 'The Goblet', 21, 56, 1),
(5007, 5, 'The Goblet', 21, 57, 1),
(5008, 5, 'The Goblet', 21, 58, 1),
(5009, 5, 'The Goblet', 21, 59, 1),
(5010, 5, 'The Goblet', 21, 60, 3),
(5011, 2, 'The Lavender Beds', 21, 1, 2),
(5012, 2, 'The Lavender Beds', 21, 2, 1),
(5013, 2, 'The Lavender Beds', 21, 3, 3),
(5014, 2, 'The Lavender Beds', 21, 4, 1),
(5015, 2, 'The Lavender Beds', 21, 5, 2),
(5016, 2, 'The Lavender Beds', 21, 6, 3),
(5017, 2, 'The Lavender Beds', 21, 7, 1),
(5018, 2, 'The Lavender Beds', 21, 8, 1),
(5019, 2, 'The Lavender Beds', 21, 9, 1),
(5020, 2, 'The Lavender Beds', 21, 10, 1),
(5021, 2, 'The Lavender Beds', 21, 11, 2),
(5022, 2, 'The Lavender Beds', 21, 12, 1),
(5023, 2, 'The Lavender Beds', 21, 13, 1),
(5024, 2, 'The Lavender Beds', 21, 14, 1),
(5025, 2, 'The Lavender Beds', 21, 15, 1),
(5026, 2, 'The Lavender Beds', 21, 16, 2),
(5027, 2, 'The Lavender Beds', 21, 17, 1),
(5028, 2, 'The Lavender Beds', 21, 18, 1),
(5029, 2, 'The Lavender Beds', 21, 19, 1),
(5030, 2, 'The Lavender Beds', 21, 20, 1),
(5031, 2, 'The Lavender Beds', 21, 21, 2),
(5032, 2, 'The Lavender Beds', 21, 22, 1),
(5033, 2, 'The Lavender Beds', 21, 23, 1),
(5034, 2, 'The Lavender Beds', 21, 24, 1),
(5035, 2, 'The Lavender Beds', 21, 25, 1),
(5036, 2, 'The Lavender Beds', 21, 26, 1),
(5037, 2, 'The Lavender Beds', 21, 27, 2),
(5038, 2, 'The Lavender Beds', 21, 28, 3),
(5039, 2, 'The Lavender Beds', 21, 29, 1),
(5040, 2, 'The Lavender Beds', 21, 30, 2),
(5041, 2, 'The Lavender Beds', 21, 31, 2),
(5042, 2, 'The Lavender Beds', 21, 32, 1),
(5043, 2, 'The Lavender Beds', 21, 33, 3),
(5044, 2, 'The Lavender Beds', 21, 34, 1),
(5045, 2, 'The Lavender Beds', 21, 35, 2),
(5046, 2, 'The Lavender Beds', 21, 36, 3),
(5047, 2, 'The Lavender Beds', 21, 37, 1),
(5048, 2, 'The Lavender Beds', 21, 38, 1),
(5049, 2, 'The Lavender Beds', 21, 39, 1),
(5050, 2, 'The Lavender Beds', 21, 40, 1),
(5051, 2, 'The Lavender Beds', 21, 41, 2),
(5052, 2, 'The Lavender Beds', 21, 42, 1),
(5053, 2, 'The Lavender Beds', 21, 43, 1),
(5054, 2, 'The Lavender Beds', 21, 44, 1),
(5055, 2, 'The Lavender Beds', 21, 45, 1),
(5056, 2, 'The Lavender Beds', 21, 46, 2),
(5057, 2, 'The Lavender Beds', 21, 47, 1),
(5058, 2, 'The Lavender Beds', 21, 48, 1),
(5059, 2, 'The Lavender Beds', 21, 49, 1),
(5060, 2, 'The Lavender Beds', 21, 50, 1),
(5061, 2, 'The Lavender Beds', 21, 51, 2),
(5062, 2, 'The Lavender Beds', 21, 52, 1),
(5063, 2, 'The Lavender Beds', 21, 53, 1),
(5064, 2, 'The Lavender Beds', 21, 54, 1),
(5065, 2, 'The Lavender Beds', 21, 55, 1),
(5066, 2, 'The Lavender Beds', 21, 56, 1),
(5067, 2, 'The Lavender Beds', 21, 57, 2),
(5068, 2, 'The Lavender Beds', 21, 58, 3),
(5069, 2, 'The Lavender Beds', 21, 59, 1),
(5070, 2, 'The Lavender Beds', 21, 60, 2),
(5071, 4, 'Mist', 22, 1, 2),
(5072, 4, 'Mist', 22, 2, 3),
(5073, 4, 'Mist', 22, 3, 1),
(5074, 4, 'Mist', 22, 4, 2),
(5075, 4, 'Mist', 22, 5, 3),
(5076, 4, 'Mist', 22, 6, 2),
(5077, 4, 'Mist', 22, 7, 2),
(5078, 4, 'Mist', 22, 8, 1),
(5079, 4, 'Mist', 22, 9, 1),
(5080, 4, 'Mist', 22, 10, 1),
(5081, 4, 'Mist', 22, 11, 1),
(5082, 4, 'Mist', 22, 12, 1),
(5083, 4, 'Mist', 22, 13, 1),
(5084, 4, 'Mist', 22, 14, 2),
(5085, 4, 'Mist', 22, 15, 3),
(5086, 4, 'Mist', 22, 16, 1),
(5087, 4, 'Mist', 22, 17, 1),
(5088, 4, 'Mist', 22, 18, 1),
(5089, 4, 'Mist', 22, 19, 1),
(5090, 4, 'Mist', 22, 20, 1),
(5091, 4, 'Mist', 22, 21, 1),
(5092, 4, 'Mist', 22, 22, 1),
(5093, 4, 'Mist', 22, 23, 1),
(5094, 4, 'Mist', 22, 24, 1),
(5095, 4, 'Mist', 22, 25, 1),
(5096, 4, 'Mist', 22, 26, 1),
(5097, 4, 'Mist', 22, 27, 1),
(5098, 4, 'Mist', 22, 28, 1),
(5099, 4, 'Mist', 22, 29, 2),
(5100, 4, 'Mist', 22, 30, 2),
(5101, 4, 'Mist', 22, 31, 2),
(5102, 4, 'Mist', 22, 32, 3),
(5103, 4, 'Mist', 22, 33, 1),
(5104, 4, 'Mist', 22, 34, 2),
(5105, 4, 'Mist', 22, 35, 3),
(5106, 4, 'Mist', 22, 36, 2),
(5107, 4, 'Mist', 22, 37, 2),
(5108, 4, 'Mist', 22, 38, 1),
(5109, 4, 'Mist', 22, 39, 1),
(5110, 4, 'Mist', 22, 40, 1),
(5111, 4, 'Mist', 22, 41, 1),
(5112, 4, 'Mist', 22, 42, 1),
(5113, 4, 'Mist', 22, 43, 1),
(5114, 4, 'Mist', 22, 44, 2),
(5115, 4, 'Mist', 22, 45, 3),
(5116, 4, 'Mist', 22, 46, 1),
(5117, 4, 'Mist', 22, 47, 1),
(5118, 4, 'Mist', 22, 48, 1),
(5119, 4, 'Mist', 22, 49, 1),
(5120, 4, 'Mist', 22, 50, 1),
(5121, 4, 'Mist', 22, 51, 1),
(5122, 4, 'Mist', 22, 52, 1),
(5123, 4, 'Mist', 22, 53, 1),
(5124, 4, 'Mist', 22, 54, 1),
(5125, 4, 'Mist', 22, 55, 1),
(5126, 4, 'Mist', 22, 56, 1),
(5127, 4, 'Mist', 22, 57, 1),
(5128, 4, 'Mist', 22, 58, 1),
(5129, 4, 'Mist', 22, 59, 2),
(5130, 4, 'Mist', 22, 60, 2),
(5131, 7, 'Shirogane', 22, 1, 2),
(5132, 7, 'Shirogane', 22, 2, 1),
(5133, 7, 'Shirogane', 22, 3, 1),
(5134, 7, 'Shirogane', 22, 4, 1),
(5135, 7, 'Shirogane', 22, 5, 1),
(5136, 7, 'Shirogane', 22, 6, 1),
(5137, 7, 'Shirogane', 22, 7, 3),
(5138, 7, 'Shirogane', 22, 8, 2),
(5139, 7, 'Shirogane', 22, 9, 1),
(5140, 7, 'Shirogane', 22, 10, 1),
(5141, 7, 'Shirogane', 22, 11, 1),
(5142, 7, 'Shirogane', 22, 12, 1),
(5143, 7, 'Shirogane', 22, 13, 2),
(5144, 7, 'Shirogane', 22, 14, 1),
(5145, 7, 'Shirogane', 22, 15, 2),
(5146, 7, 'Shirogane', 22, 16, 3),
(5147, 7, 'Shirogane', 22, 17, 1),
(5148, 7, 'Shirogane', 22, 18, 1),
(5149, 7, 'Shirogane', 22, 19, 2),
(5150, 7, 'Shirogane', 22, 20, 1),
(5151, 7, 'Shirogane', 22, 21, 1),
(5152, 7, 'Shirogane', 22, 22, 1),
(5153, 7, 'Shirogane', 22, 23, 1),
(5154, 7, 'Shirogane', 22, 24, 2),
(5155, 7, 'Shirogane', 22, 25, 1),
(5156, 7, 'Shirogane', 22, 26, 1),
(5157, 7, 'Shirogane', 22, 27, 1),
(5158, 7, 'Shirogane', 22, 28, 2),
(5159, 7, 'Shirogane', 22, 29, 1),
(5160, 7, 'Shirogane', 22, 30, 3),
(5161, 7, 'Shirogane', 22, 31, 2),
(5162, 7, 'Shirogane', 22, 32, 1),
(5163, 7, 'Shirogane', 22, 33, 1),
(5164, 7, 'Shirogane', 22, 34, 1),
(5165, 7, 'Shirogane', 22, 35, 1),
(5166, 7, 'Shirogane', 22, 36, 1),
(5167, 7, 'Shirogane', 22, 37, 3),
(5168, 7, 'Shirogane', 22, 38, 2),
(5169, 7, 'Shirogane', 22, 39, 1),
(5170, 7, 'Shirogane', 22, 40, 1),
(5171, 7, 'Shirogane', 22, 41, 1),
(5172, 7, 'Shirogane', 22, 42, 1),
(5173, 7, 'Shirogane', 22, 43, 2),
(5174, 7, 'Shirogane', 22, 44, 1),
(5175, 7, 'Shirogane', 22, 45, 2),
(5176, 7, 'Shirogane', 22, 46, 3),
(5177, 7, 'Shirogane', 22, 47, 1),
(5178, 7, 'Shirogane', 22, 48, 1),
(5179, 7, 'Shirogane', 22, 49, 2),
(5180, 7, 'Shirogane', 22, 50, 1),
(5181, 7, 'Shirogane', 22, 51, 1),
(5182, 7, 'Shirogane', 22, 52, 1),
(5183, 7, 'Shirogane', 22, 53, 1),
(5184, 7, 'Shirogane', 22, 54, 2),
(5185, 7, 'Shirogane', 22, 55, 1),
(5186, 7, 'Shirogane', 22, 56, 1),
(5187, 7, 'Shirogane', 22, 57, 1),
(5188, 7, 'Shirogane', 22, 58, 2),
(5189, 7, 'Shirogane', 22, 59, 1),
(5190, 7, 'Shirogane', 22, 60, 3),
(5191, 5, 'The Goblet', 22, 1, 1),
(5192, 5, 'The Goblet', 22, 2, 1),
(5193, 5, 'The Goblet', 22, 3, 1),
(5194, 5, 'The Goblet', 22, 4, 2),
(5195, 5, 'The Goblet', 22, 5, 3),
(5196, 5, 'The Goblet', 22, 6, 2),
(5197, 5, 'The Goblet', 22, 7, 1),
(5198, 5, 'The Goblet', 22, 8, 2),
(5199, 5, 'The Goblet', 22, 9, 1),
(5200, 5, 'The Goblet', 22, 10, 1),
(5201, 5, 'The Goblet', 22, 11, 2),
(5202, 5, 'The Goblet', 22, 12, 2),
(5203, 5, 'The Goblet', 22, 13, 3),
(5204, 5, 'The Goblet', 22, 14, 1),
(5205, 5, 'The Goblet', 22, 15, 1),
(5206, 5, 'The Goblet', 22, 16, 1),
(5207, 5, 'The Goblet', 22, 17, 1),
(5208, 5, 'The Goblet', 22, 18, 1),
(5209, 5, 'The Goblet', 22, 19, 2),
(5210, 5, 'The Goblet', 22, 20, 1),
(5211, 5, 'The Goblet', 22, 21, 1),
(5212, 5, 'The Goblet', 22, 22, 1),
(5213, 5, 'The Goblet', 22, 23, 1),
(5214, 5, 'The Goblet', 22, 24, 1),
(5215, 5, 'The Goblet', 22, 25, 2),
(5216, 5, 'The Goblet', 22, 26, 1),
(5217, 5, 'The Goblet', 22, 27, 1),
(5218, 5, 'The Goblet', 22, 28, 1),
(5219, 5, 'The Goblet', 22, 29, 1),
(5220, 5, 'The Goblet', 22, 30, 3),
(5221, 5, 'The Goblet', 22, 31, 1),
(5222, 5, 'The Goblet', 22, 32, 1),
(5223, 5, 'The Goblet', 22, 33, 1),
(5224, 5, 'The Goblet', 22, 34, 2),
(5225, 5, 'The Goblet', 22, 35, 3),
(5226, 5, 'The Goblet', 22, 36, 2),
(5227, 5, 'The Goblet', 22, 37, 1),
(5228, 5, 'The Goblet', 22, 38, 2),
(5229, 5, 'The Goblet', 22, 39, 1),
(5230, 5, 'The Goblet', 22, 40, 1),
(5231, 5, 'The Goblet', 22, 41, 2),
(5232, 5, 'The Goblet', 22, 42, 2),
(5233, 5, 'The Goblet', 22, 43, 3),
(5234, 5, 'The Goblet', 22, 44, 1),
(5235, 5, 'The Goblet', 22, 45, 1),
(5236, 5, 'The Goblet', 22, 46, 1),
(5237, 5, 'The Goblet', 22, 47, 1),
(5238, 5, 'The Goblet', 22, 48, 1),
(5239, 5, 'The Goblet', 22, 49, 2),
(5240, 5, 'The Goblet', 22, 50, 1),
(5241, 5, 'The Goblet', 22, 51, 1),
(5242, 5, 'The Goblet', 22, 52, 1),
(5243, 5, 'The Goblet', 22, 53, 1),
(5244, 5, 'The Goblet', 22, 54, 1),
(5245, 5, 'The Goblet', 22, 55, 2),
(5246, 5, 'The Goblet', 22, 56, 1),
(5247, 5, 'The Goblet', 22, 57, 1),
(5248, 5, 'The Goblet', 22, 58, 1),
(5249, 5, 'The Goblet', 22, 59, 1),
(5250, 5, 'The Goblet', 22, 60, 3),
(5251, 2, 'The Lavender Beds', 22, 1, 2),
(5252, 2, 'The Lavender Beds', 22, 2, 1),
(5253, 2, 'The Lavender Beds', 22, 3, 3),
(5254, 2, 'The Lavender Beds', 22, 4, 1),
(5255, 2, 'The Lavender Beds', 22, 5, 2),
(5256, 2, 'The Lavender Beds', 22, 6, 3),
(5257, 2, 'The Lavender Beds', 22, 7, 1),
(5258, 2, 'The Lavender Beds', 22, 8, 1),
(5259, 2, 'The Lavender Beds', 22, 9, 1),
(5260, 2, 'The Lavender Beds', 22, 10, 1),
(5261, 2, 'The Lavender Beds', 22, 11, 2),
(5262, 2, 'The Lavender Beds', 22, 12, 1),
(5263, 2, 'The Lavender Beds', 22, 13, 1),
(5264, 2, 'The Lavender Beds', 22, 14, 1),
(5265, 2, 'The Lavender Beds', 22, 15, 1),
(5266, 2, 'The Lavender Beds', 22, 16, 2),
(5267, 2, 'The Lavender Beds', 22, 17, 1),
(5268, 2, 'The Lavender Beds', 22, 18, 1),
(5269, 2, 'The Lavender Beds', 22, 19, 1),
(5270, 2, 'The Lavender Beds', 22, 20, 1),
(5271, 2, 'The Lavender Beds', 22, 21, 2),
(5272, 2, 'The Lavender Beds', 22, 22, 1),
(5273, 2, 'The Lavender Beds', 22, 23, 1),
(5274, 2, 'The Lavender Beds', 22, 24, 1),
(5275, 2, 'The Lavender Beds', 22, 25, 1),
(5276, 2, 'The Lavender Beds', 22, 26, 1),
(5277, 2, 'The Lavender Beds', 22, 27, 2),
(5278, 2, 'The Lavender Beds', 22, 28, 3),
(5279, 2, 'The Lavender Beds', 22, 29, 1),
(5280, 2, 'The Lavender Beds', 22, 30, 2),
(5281, 2, 'The Lavender Beds', 22, 31, 2),
(5282, 2, 'The Lavender Beds', 22, 32, 1),
(5283, 2, 'The Lavender Beds', 22, 33, 3),
(5284, 2, 'The Lavender Beds', 22, 34, 1),
(5285, 2, 'The Lavender Beds', 22, 35, 2),
(5286, 2, 'The Lavender Beds', 22, 36, 3),
(5287, 2, 'The Lavender Beds', 22, 37, 1),
(5288, 2, 'The Lavender Beds', 22, 38, 1),
(5289, 2, 'The Lavender Beds', 22, 39, 1),
(5290, 2, 'The Lavender Beds', 22, 40, 1),
(5291, 2, 'The Lavender Beds', 22, 41, 2),
(5292, 2, 'The Lavender Beds', 22, 42, 1),
(5293, 2, 'The Lavender Beds', 22, 43, 1),
(5294, 2, 'The Lavender Beds', 22, 44, 1),
(5295, 2, 'The Lavender Beds', 22, 45, 1),
(5296, 2, 'The Lavender Beds', 22, 46, 2),
(5297, 2, 'The Lavender Beds', 22, 47, 1),
(5298, 2, 'The Lavender Beds', 22, 48, 1),
(5299, 2, 'The Lavender Beds', 22, 49, 1),
(5300, 2, 'The Lavender Beds', 22, 50, 1),
(5301, 2, 'The Lavender Beds', 22, 51, 2),
(5302, 2, 'The Lavender Beds', 22, 52, 1),
(5303, 2, 'The Lavender Beds', 22, 53, 1),
(5304, 2, 'The Lavender Beds', 22, 54, 1),
(5305, 2, 'The Lavender Beds', 22, 55, 1),
(5306, 2, 'The Lavender Beds', 22, 56, 1),
(5307, 2, 'The Lavender Beds', 22, 57, 2),
(5308, 2, 'The Lavender Beds', 22, 58, 3),
(5309, 2, 'The Lavender Beds', 22, 59, 1),
(5310, 2, 'The Lavender Beds', 22, 60, 2),
(5311, 4, 'Mist', 23, 1, 2),
(5312, 4, 'Mist', 23, 2, 3),
(5313, 4, 'Mist', 23, 3, 1),
(5314, 4, 'Mist', 23, 4, 2),
(5315, 4, 'Mist', 23, 5, 3),
(5316, 4, 'Mist', 23, 6, 2),
(5317, 4, 'Mist', 23, 7, 2),
(5318, 4, 'Mist', 23, 8, 1),
(5319, 4, 'Mist', 23, 9, 1),
(5320, 4, 'Mist', 23, 10, 1),
(5321, 4, 'Mist', 23, 11, 1),
(5322, 4, 'Mist', 23, 12, 1),
(5323, 4, 'Mist', 23, 13, 1),
(5324, 4, 'Mist', 23, 14, 2),
(5325, 4, 'Mist', 23, 15, 3),
(5326, 4, 'Mist', 23, 16, 1),
(5327, 4, 'Mist', 23, 17, 1),
(5328, 4, 'Mist', 23, 18, 1),
(5329, 4, 'Mist', 23, 19, 1),
(5330, 4, 'Mist', 23, 20, 1),
(5331, 4, 'Mist', 23, 21, 1),
(5332, 4, 'Mist', 23, 22, 1),
(5333, 4, 'Mist', 23, 23, 1),
(5334, 4, 'Mist', 23, 24, 1),
(5335, 4, 'Mist', 23, 25, 1),
(5336, 4, 'Mist', 23, 26, 1),
(5337, 4, 'Mist', 23, 27, 1),
(5338, 4, 'Mist', 23, 28, 1),
(5339, 4, 'Mist', 23, 29, 2),
(5340, 4, 'Mist', 23, 30, 2),
(5341, 4, 'Mist', 23, 31, 2),
(5342, 4, 'Mist', 23, 32, 3),
(5343, 4, 'Mist', 23, 33, 1),
(5344, 4, 'Mist', 23, 34, 2),
(5345, 4, 'Mist', 23, 35, 3),
(5346, 4, 'Mist', 23, 36, 2),
(5347, 4, 'Mist', 23, 37, 2),
(5348, 4, 'Mist', 23, 38, 1),
(5349, 4, 'Mist', 23, 39, 1),
(5350, 4, 'Mist', 23, 40, 1),
(5351, 4, 'Mist', 23, 41, 1),
(5352, 4, 'Mist', 23, 42, 1),
(5353, 4, 'Mist', 23, 43, 1),
(5354, 4, 'Mist', 23, 44, 2),
(5355, 4, 'Mist', 23, 45, 3),
(5356, 4, 'Mist', 23, 46, 1),
(5357, 4, 'Mist', 23, 47, 1),
(5358, 4, 'Mist', 23, 48, 1),
(5359, 4, 'Mist', 23, 49, 1),
(5360, 4, 'Mist', 23, 50, 1),
(5361, 4, 'Mist', 23, 51, 1),
(5362, 4, 'Mist', 23, 52, 1),
(5363, 4, 'Mist', 23, 53, 1),
(5364, 4, 'Mist', 23, 54, 1),
(5365, 4, 'Mist', 23, 55, 1),
(5366, 4, 'Mist', 23, 56, 1),
(5367, 4, 'Mist', 23, 57, 1),
(5368, 4, 'Mist', 23, 58, 1),
(5369, 4, 'Mist', 23, 59, 2),
(5370, 4, 'Mist', 23, 60, 2),
(5371, 7, 'Shirogane', 23, 1, 2),
(5372, 7, 'Shirogane', 23, 2, 1),
(5373, 7, 'Shirogane', 23, 3, 1),
(5374, 7, 'Shirogane', 23, 4, 1),
(5375, 7, 'Shirogane', 23, 5, 1),
(5376, 7, 'Shirogane', 23, 6, 1),
(5377, 7, 'Shirogane', 23, 7, 3),
(5378, 7, 'Shirogane', 23, 8, 2),
(5379, 7, 'Shirogane', 23, 9, 1),
(5380, 7, 'Shirogane', 23, 10, 1),
(5381, 7, 'Shirogane', 23, 11, 1),
(5382, 7, 'Shirogane', 23, 12, 1),
(5383, 7, 'Shirogane', 23, 13, 2),
(5384, 7, 'Shirogane', 23, 14, 1),
(5385, 7, 'Shirogane', 23, 15, 2),
(5386, 7, 'Shirogane', 23, 16, 3),
(5387, 7, 'Shirogane', 23, 17, 1),
(5388, 7, 'Shirogane', 23, 18, 1),
(5389, 7, 'Shirogane', 23, 19, 2),
(5390, 7, 'Shirogane', 23, 20, 1),
(5391, 7, 'Shirogane', 23, 21, 1),
(5392, 7, 'Shirogane', 23, 22, 1),
(5393, 7, 'Shirogane', 23, 23, 1),
(5394, 7, 'Shirogane', 23, 24, 2),
(5395, 7, 'Shirogane', 23, 25, 1),
(5396, 7, 'Shirogane', 23, 26, 1),
(5397, 7, 'Shirogane', 23, 27, 1),
(5398, 7, 'Shirogane', 23, 28, 2),
(5399, 7, 'Shirogane', 23, 29, 1),
(5400, 7, 'Shirogane', 23, 30, 3),
(5401, 7, 'Shirogane', 23, 31, 2),
(5402, 7, 'Shirogane', 23, 32, 1),
(5403, 7, 'Shirogane', 23, 33, 1),
(5404, 7, 'Shirogane', 23, 34, 1),
(5405, 7, 'Shirogane', 23, 35, 1),
(5406, 7, 'Shirogane', 23, 36, 1),
(5407, 7, 'Shirogane', 23, 37, 3),
(5408, 7, 'Shirogane', 23, 38, 2),
(5409, 7, 'Shirogane', 23, 39, 1),
(5410, 7, 'Shirogane', 23, 40, 1),
(5411, 7, 'Shirogane', 23, 41, 1),
(5412, 7, 'Shirogane', 23, 42, 1),
(5413, 7, 'Shirogane', 23, 43, 2),
(5414, 7, 'Shirogane', 23, 44, 1),
(5415, 7, 'Shirogane', 23, 45, 2),
(5416, 7, 'Shirogane', 23, 46, 3),
(5417, 7, 'Shirogane', 23, 47, 1),
(5418, 7, 'Shirogane', 23, 48, 1),
(5419, 7, 'Shirogane', 23, 49, 2),
(5420, 7, 'Shirogane', 23, 50, 1),
(5421, 7, 'Shirogane', 23, 51, 1),
(5422, 7, 'Shirogane', 23, 52, 1),
(5423, 7, 'Shirogane', 23, 53, 1),
(5424, 7, 'Shirogane', 23, 54, 2),
(5425, 7, 'Shirogane', 23, 55, 1),
(5426, 7, 'Shirogane', 23, 56, 1),
(5427, 7, 'Shirogane', 23, 57, 1),
(5428, 7, 'Shirogane', 23, 58, 2),
(5429, 7, 'Shirogane', 23, 59, 1),
(5430, 7, 'Shirogane', 23, 60, 3),
(5431, 5, 'The Goblet', 23, 1, 1),
(5432, 5, 'The Goblet', 23, 2, 1),
(5433, 5, 'The Goblet', 23, 3, 1),
(5434, 5, 'The Goblet', 23, 4, 2),
(5435, 5, 'The Goblet', 23, 5, 3),
(5436, 5, 'The Goblet', 23, 6, 2),
(5437, 5, 'The Goblet', 23, 7, 1),
(5438, 5, 'The Goblet', 23, 8, 2),
(5439, 5, 'The Goblet', 23, 9, 1),
(5440, 5, 'The Goblet', 23, 10, 1),
(5441, 5, 'The Goblet', 23, 11, 2),
(5442, 5, 'The Goblet', 23, 12, 2),
(5443, 5, 'The Goblet', 23, 13, 3),
(5444, 5, 'The Goblet', 23, 14, 1),
(5445, 5, 'The Goblet', 23, 15, 1),
(5446, 5, 'The Goblet', 23, 16, 1),
(5447, 5, 'The Goblet', 23, 17, 1),
(5448, 5, 'The Goblet', 23, 18, 1),
(5449, 5, 'The Goblet', 23, 19, 2),
(5450, 5, 'The Goblet', 23, 20, 1),
(5451, 5, 'The Goblet', 23, 21, 1),
(5452, 5, 'The Goblet', 23, 22, 1),
(5453, 5, 'The Goblet', 23, 23, 1),
(5454, 5, 'The Goblet', 23, 24, 1),
(5455, 5, 'The Goblet', 23, 25, 2),
(5456, 5, 'The Goblet', 23, 26, 1),
(5457, 5, 'The Goblet', 23, 27, 1),
(5458, 5, 'The Goblet', 23, 28, 1),
(5459, 5, 'The Goblet', 23, 29, 1),
(5460, 5, 'The Goblet', 23, 30, 3),
(5461, 5, 'The Goblet', 23, 31, 1),
(5462, 5, 'The Goblet', 23, 32, 1),
(5463, 5, 'The Goblet', 23, 33, 1),
(5464, 5, 'The Goblet', 23, 34, 2),
(5465, 5, 'The Goblet', 23, 35, 3),
(5466, 5, 'The Goblet', 23, 36, 2),
(5467, 5, 'The Goblet', 23, 37, 1),
(5468, 5, 'The Goblet', 23, 38, 2),
(5469, 5, 'The Goblet', 23, 39, 1),
(5470, 5, 'The Goblet', 23, 40, 1),
(5471, 5, 'The Goblet', 23, 41, 2),
(5472, 5, 'The Goblet', 23, 42, 2),
(5473, 5, 'The Goblet', 23, 43, 3),
(5474, 5, 'The Goblet', 23, 44, 1),
(5475, 5, 'The Goblet', 23, 45, 1),
(5476, 5, 'The Goblet', 23, 46, 1),
(5477, 5, 'The Goblet', 23, 47, 1),
(5478, 5, 'The Goblet', 23, 48, 1),
(5479, 5, 'The Goblet', 23, 49, 2),
(5480, 5, 'The Goblet', 23, 50, 1),
(5481, 5, 'The Goblet', 23, 51, 1),
(5482, 5, 'The Goblet', 23, 52, 1),
(5483, 5, 'The Goblet', 23, 53, 1),
(5484, 5, 'The Goblet', 23, 54, 1),
(5485, 5, 'The Goblet', 23, 55, 2),
(5486, 5, 'The Goblet', 23, 56, 1),
(5487, 5, 'The Goblet', 23, 57, 1),
(5488, 5, 'The Goblet', 23, 58, 1),
(5489, 5, 'The Goblet', 23, 59, 1),
(5490, 5, 'The Goblet', 23, 60, 3),
(5491, 2, 'The Lavender Beds', 23, 1, 2),
(5492, 2, 'The Lavender Beds', 23, 2, 1),
(5493, 2, 'The Lavender Beds', 23, 3, 3),
(5494, 2, 'The Lavender Beds', 23, 4, 1),
(5495, 2, 'The Lavender Beds', 23, 5, 2),
(5496, 2, 'The Lavender Beds', 23, 6, 3),
(5497, 2, 'The Lavender Beds', 23, 7, 1),
(5498, 2, 'The Lavender Beds', 23, 8, 1),
(5499, 2, 'The Lavender Beds', 23, 9, 1),
(5500, 2, 'The Lavender Beds', 23, 10, 1),
(5501, 2, 'The Lavender Beds', 23, 11, 2),
(5502, 2, 'The Lavender Beds', 23, 12, 1),
(5503, 2, 'The Lavender Beds', 23, 13, 1),
(5504, 2, 'The Lavender Beds', 23, 14, 1),
(5505, 2, 'The Lavender Beds', 23, 15, 1),
(5506, 2, 'The Lavender Beds', 23, 16, 2),
(5507, 2, 'The Lavender Beds', 23, 17, 1),
(5508, 2, 'The Lavender Beds', 23, 18, 1),
(5509, 2, 'The Lavender Beds', 23, 19, 1),
(5510, 2, 'The Lavender Beds', 23, 20, 1),
(5511, 2, 'The Lavender Beds', 23, 21, 2),
(5512, 2, 'The Lavender Beds', 23, 22, 1),
(5513, 2, 'The Lavender Beds', 23, 23, 1),
(5514, 2, 'The Lavender Beds', 23, 24, 1),
(5515, 2, 'The Lavender Beds', 23, 25, 1),
(5516, 2, 'The Lavender Beds', 23, 26, 1),
(5517, 2, 'The Lavender Beds', 23, 27, 2),
(5518, 2, 'The Lavender Beds', 23, 28, 3),
(5519, 2, 'The Lavender Beds', 23, 29, 1),
(5520, 2, 'The Lavender Beds', 23, 30, 2),
(5521, 2, 'The Lavender Beds', 23, 31, 2),
(5522, 2, 'The Lavender Beds', 23, 32, 1),
(5523, 2, 'The Lavender Beds', 23, 33, 3),
(5524, 2, 'The Lavender Beds', 23, 34, 1),
(5525, 2, 'The Lavender Beds', 23, 35, 2),
(5526, 2, 'The Lavender Beds', 23, 36, 3),
(5527, 2, 'The Lavender Beds', 23, 37, 1),
(5528, 2, 'The Lavender Beds', 23, 38, 1),
(5529, 2, 'The Lavender Beds', 23, 39, 1),
(5530, 2, 'The Lavender Beds', 23, 40, 1),
(5531, 2, 'The Lavender Beds', 23, 41, 2),
(5532, 2, 'The Lavender Beds', 23, 42, 1),
(5533, 2, 'The Lavender Beds', 23, 43, 1),
(5534, 2, 'The Lavender Beds', 23, 44, 1),
(5535, 2, 'The Lavender Beds', 23, 45, 1),
(5536, 2, 'The Lavender Beds', 23, 46, 2),
(5537, 2, 'The Lavender Beds', 23, 47, 1),
(5538, 2, 'The Lavender Beds', 23, 48, 1),
(5539, 2, 'The Lavender Beds', 23, 49, 1),
(5540, 2, 'The Lavender Beds', 23, 50, 1),
(5541, 2, 'The Lavender Beds', 23, 51, 2),
(5542, 2, 'The Lavender Beds', 23, 52, 1),
(5543, 2, 'The Lavender Beds', 23, 53, 1),
(5544, 2, 'The Lavender Beds', 23, 54, 1),
(5545, 2, 'The Lavender Beds', 23, 55, 1),
(5546, 2, 'The Lavender Beds', 23, 56, 1),
(5547, 2, 'The Lavender Beds', 23, 57, 2),
(5548, 2, 'The Lavender Beds', 23, 58, 3),
(5549, 2, 'The Lavender Beds', 23, 59, 1),
(5550, 2, 'The Lavender Beds', 23, 60, 2),
(5551, 4, 'Mist', 24, 1, 2),
(5552, 4, 'Mist', 24, 2, 3),
(5553, 4, 'Mist', 24, 3, 1),
(5554, 4, 'Mist', 24, 4, 2),
(5555, 4, 'Mist', 24, 5, 3),
(5556, 4, 'Mist', 24, 6, 2),
(5557, 4, 'Mist', 24, 7, 2),
(5558, 4, 'Mist', 24, 8, 1),
(5559, 4, 'Mist', 24, 9, 1),
(5560, 4, 'Mist', 24, 10, 1),
(5561, 4, 'Mist', 24, 11, 1),
(5562, 4, 'Mist', 24, 12, 1),
(5563, 4, 'Mist', 24, 13, 1),
(5564, 4, 'Mist', 24, 14, 2),
(5565, 4, 'Mist', 24, 15, 3),
(5566, 4, 'Mist', 24, 16, 1),
(5567, 4, 'Mist', 24, 17, 1),
(5568, 4, 'Mist', 24, 18, 1),
(5569, 4, 'Mist', 24, 19, 1),
(5570, 4, 'Mist', 24, 20, 1),
(5571, 4, 'Mist', 24, 21, 1),
(5572, 4, 'Mist', 24, 22, 1),
(5573, 4, 'Mist', 24, 23, 1),
(5574, 4, 'Mist', 24, 24, 1),
(5575, 4, 'Mist', 24, 25, 1),
(5576, 4, 'Mist', 24, 26, 1),
(5577, 4, 'Mist', 24, 27, 1),
(5578, 4, 'Mist', 24, 28, 1),
(5579, 4, 'Mist', 24, 29, 2),
(5580, 4, 'Mist', 24, 30, 2),
(5581, 4, 'Mist', 24, 31, 2),
(5582, 4, 'Mist', 24, 32, 3),
(5583, 4, 'Mist', 24, 33, 1),
(5584, 4, 'Mist', 24, 34, 2),
(5585, 4, 'Mist', 24, 35, 3),
(5586, 4, 'Mist', 24, 36, 2),
(5587, 4, 'Mist', 24, 37, 2),
(5588, 4, 'Mist', 24, 38, 1),
(5589, 4, 'Mist', 24, 39, 1),
(5590, 4, 'Mist', 24, 40, 1),
(5591, 4, 'Mist', 24, 41, 1),
(5592, 4, 'Mist', 24, 42, 1),
(5593, 4, 'Mist', 24, 43, 1),
(5594, 4, 'Mist', 24, 44, 2),
(5595, 4, 'Mist', 24, 45, 3),
(5596, 4, 'Mist', 24, 46, 1),
(5597, 4, 'Mist', 24, 47, 1),
(5598, 4, 'Mist', 24, 48, 1),
(5599, 4, 'Mist', 24, 49, 1),
(5600, 4, 'Mist', 24, 50, 1),
(5601, 4, 'Mist', 24, 51, 1),
(5602, 4, 'Mist', 24, 52, 1),
(5603, 4, 'Mist', 24, 53, 1),
(5604, 4, 'Mist', 24, 54, 1),
(5605, 4, 'Mist', 24, 55, 1),
(5606, 4, 'Mist', 24, 56, 1),
(5607, 4, 'Mist', 24, 57, 1),
(5608, 4, 'Mist', 24, 58, 1),
(5609, 4, 'Mist', 24, 59, 2),
(5610, 4, 'Mist', 24, 60, 2),
(5611, 7, 'Shirogane', 24, 1, 2),
(5612, 7, 'Shirogane', 24, 2, 1),
(5613, 7, 'Shirogane', 24, 3, 1),
(5614, 7, 'Shirogane', 24, 4, 1),
(5615, 7, 'Shirogane', 24, 5, 1),
(5616, 7, 'Shirogane', 24, 6, 1),
(5617, 7, 'Shirogane', 24, 7, 3),
(5618, 7, 'Shirogane', 24, 8, 2),
(5619, 7, 'Shirogane', 24, 9, 1),
(5620, 7, 'Shirogane', 24, 10, 1),
(5621, 7, 'Shirogane', 24, 11, 1),
(5622, 7, 'Shirogane', 24, 12, 1),
(5623, 7, 'Shirogane', 24, 13, 2),
(5624, 7, 'Shirogane', 24, 14, 1),
(5625, 7, 'Shirogane', 24, 15, 2),
(5626, 7, 'Shirogane', 24, 16, 3),
(5627, 7, 'Shirogane', 24, 17, 1),
(5628, 7, 'Shirogane', 24, 18, 1),
(5629, 7, 'Shirogane', 24, 19, 2),
(5630, 7, 'Shirogane', 24, 20, 1),
(5631, 7, 'Shirogane', 24, 21, 1),
(5632, 7, 'Shirogane', 24, 22, 1),
(5633, 7, 'Shirogane', 24, 23, 1),
(5634, 7, 'Shirogane', 24, 24, 2),
(5635, 7, 'Shirogane', 24, 25, 1),
(5636, 7, 'Shirogane', 24, 26, 1),
(5637, 7, 'Shirogane', 24, 27, 1),
(5638, 7, 'Shirogane', 24, 28, 2),
(5639, 7, 'Shirogane', 24, 29, 1),
(5640, 7, 'Shirogane', 24, 30, 3),
(5641, 7, 'Shirogane', 24, 31, 2),
(5642, 7, 'Shirogane', 24, 32, 1),
(5643, 7, 'Shirogane', 24, 33, 1),
(5644, 7, 'Shirogane', 24, 34, 1),
(5645, 7, 'Shirogane', 24, 35, 1),
(5646, 7, 'Shirogane', 24, 36, 1),
(5647, 7, 'Shirogane', 24, 37, 3),
(5648, 7, 'Shirogane', 24, 38, 2),
(5649, 7, 'Shirogane', 24, 39, 1),
(5650, 7, 'Shirogane', 24, 40, 1),
(5651, 7, 'Shirogane', 24, 41, 1),
(5652, 7, 'Shirogane', 24, 42, 1),
(5653, 7, 'Shirogane', 24, 43, 2),
(5654, 7, 'Shirogane', 24, 44, 1),
(5655, 7, 'Shirogane', 24, 45, 2),
(5656, 7, 'Shirogane', 24, 46, 3),
(5657, 7, 'Shirogane', 24, 47, 1),
(5658, 7, 'Shirogane', 24, 48, 1),
(5659, 7, 'Shirogane', 24, 49, 2),
(5660, 7, 'Shirogane', 24, 50, 1),
(5661, 7, 'Shirogane', 24, 51, 1),
(5662, 7, 'Shirogane', 24, 52, 1),
(5663, 7, 'Shirogane', 24, 53, 1),
(5664, 7, 'Shirogane', 24, 54, 2),
(5665, 7, 'Shirogane', 24, 55, 1),
(5666, 7, 'Shirogane', 24, 56, 1),
(5667, 7, 'Shirogane', 24, 57, 1),
(5668, 7, 'Shirogane', 24, 58, 2),
(5669, 7, 'Shirogane', 24, 59, 1),
(5670, 7, 'Shirogane', 24, 60, 3),
(5671, 5, 'The Goblet', 24, 1, 1),
(5672, 5, 'The Goblet', 24, 2, 1),
(5673, 5, 'The Goblet', 24, 3, 1),
(5674, 5, 'The Goblet', 24, 4, 2),
(5675, 5, 'The Goblet', 24, 5, 3),
(5676, 5, 'The Goblet', 24, 6, 2),
(5677, 5, 'The Goblet', 24, 7, 1),
(5678, 5, 'The Goblet', 24, 8, 2),
(5679, 5, 'The Goblet', 24, 9, 1),
(5680, 5, 'The Goblet', 24, 10, 1),
(5681, 5, 'The Goblet', 24, 11, 2),
(5682, 5, 'The Goblet', 24, 12, 2),
(5683, 5, 'The Goblet', 24, 13, 3),
(5684, 5, 'The Goblet', 24, 14, 1),
(5685, 5, 'The Goblet', 24, 15, 1),
(5686, 5, 'The Goblet', 24, 16, 1),
(5687, 5, 'The Goblet', 24, 17, 1),
(5688, 5, 'The Goblet', 24, 18, 1),
(5689, 5, 'The Goblet', 24, 19, 2),
(5690, 5, 'The Goblet', 24, 20, 1),
(5691, 5, 'The Goblet', 24, 21, 1),
(5692, 5, 'The Goblet', 24, 22, 1),
(5693, 5, 'The Goblet', 24, 23, 1),
(5694, 5, 'The Goblet', 24, 24, 1),
(5695, 5, 'The Goblet', 24, 25, 2),
(5696, 5, 'The Goblet', 24, 26, 1),
(5697, 5, 'The Goblet', 24, 27, 1),
(5698, 5, 'The Goblet', 24, 28, 1),
(5699, 5, 'The Goblet', 24, 29, 1),
(5700, 5, 'The Goblet', 24, 30, 3),
(5701, 5, 'The Goblet', 24, 31, 1),
(5702, 5, 'The Goblet', 24, 32, 1),
(5703, 5, 'The Goblet', 24, 33, 1),
(5704, 5, 'The Goblet', 24, 34, 2),
(5705, 5, 'The Goblet', 24, 35, 3),
(5706, 5, 'The Goblet', 24, 36, 2),
(5707, 5, 'The Goblet', 24, 37, 1),
(5708, 5, 'The Goblet', 24, 38, 2),
(5709, 5, 'The Goblet', 24, 39, 1),
(5710, 5, 'The Goblet', 24, 40, 1),
(5711, 5, 'The Goblet', 24, 41, 2),
(5712, 5, 'The Goblet', 24, 42, 2),
(5713, 5, 'The Goblet', 24, 43, 3),
(5714, 5, 'The Goblet', 24, 44, 1),
(5715, 5, 'The Goblet', 24, 45, 1),
(5716, 5, 'The Goblet', 24, 46, 1),
(5717, 5, 'The Goblet', 24, 47, 1),
(5718, 5, 'The Goblet', 24, 48, 1),
(5719, 5, 'The Goblet', 24, 49, 2),
(5720, 5, 'The Goblet', 24, 50, 1),
(5721, 5, 'The Goblet', 24, 51, 1),
(5722, 5, 'The Goblet', 24, 52, 1),
(5723, 5, 'The Goblet', 24, 53, 1),
(5724, 5, 'The Goblet', 24, 54, 1),
(5725, 5, 'The Goblet', 24, 55, 2),
(5726, 5, 'The Goblet', 24, 56, 1),
(5727, 5, 'The Goblet', 24, 57, 1),
(5728, 5, 'The Goblet', 24, 58, 1),
(5729, 5, 'The Goblet', 24, 59, 1),
(5730, 5, 'The Goblet', 24, 60, 3),
(5731, 2, 'The Lavender Beds', 24, 1, 2),
(5732, 2, 'The Lavender Beds', 24, 2, 1),
(5733, 2, 'The Lavender Beds', 24, 3, 3),
(5734, 2, 'The Lavender Beds', 24, 4, 1),
(5735, 2, 'The Lavender Beds', 24, 5, 2),
(5736, 2, 'The Lavender Beds', 24, 6, 3),
(5737, 2, 'The Lavender Beds', 24, 7, 1),
(5738, 2, 'The Lavender Beds', 24, 8, 1),
(5739, 2, 'The Lavender Beds', 24, 9, 1),
(5740, 2, 'The Lavender Beds', 24, 10, 1),
(5741, 2, 'The Lavender Beds', 24, 11, 2),
(5742, 2, 'The Lavender Beds', 24, 12, 1),
(5743, 2, 'The Lavender Beds', 24, 13, 1),
(5744, 2, 'The Lavender Beds', 24, 14, 1),
(5745, 2, 'The Lavender Beds', 24, 15, 1),
(5746, 2, 'The Lavender Beds', 24, 16, 2),
(5747, 2, 'The Lavender Beds', 24, 17, 1),
(5748, 2, 'The Lavender Beds', 24, 18, 1),
(5749, 2, 'The Lavender Beds', 24, 19, 1),
(5750, 2, 'The Lavender Beds', 24, 20, 1),
(5751, 2, 'The Lavender Beds', 24, 21, 2),
(5752, 2, 'The Lavender Beds', 24, 22, 1),
(5753, 2, 'The Lavender Beds', 24, 23, 1),
(5754, 2, 'The Lavender Beds', 24, 24, 1),
(5755, 2, 'The Lavender Beds', 24, 25, 1),
(5756, 2, 'The Lavender Beds', 24, 26, 1),
(5757, 2, 'The Lavender Beds', 24, 27, 2),
(5758, 2, 'The Lavender Beds', 24, 28, 3),
(5759, 2, 'The Lavender Beds', 24, 29, 1),
(5760, 2, 'The Lavender Beds', 24, 30, 2),
(5761, 2, 'The Lavender Beds', 24, 31, 2),
(5762, 2, 'The Lavender Beds', 24, 32, 1),
(5763, 2, 'The Lavender Beds', 24, 33, 3),
(5764, 2, 'The Lavender Beds', 24, 34, 1),
(5765, 2, 'The Lavender Beds', 24, 35, 2),
(5766, 2, 'The Lavender Beds', 24, 36, 3),
(5767, 2, 'The Lavender Beds', 24, 37, 1),
(5768, 2, 'The Lavender Beds', 24, 38, 1),
(5769, 2, 'The Lavender Beds', 24, 39, 1),
(5770, 2, 'The Lavender Beds', 24, 40, 1),
(5771, 2, 'The Lavender Beds', 24, 41, 2),
(5772, 2, 'The Lavender Beds', 24, 42, 1),
(5773, 2, 'The Lavender Beds', 24, 43, 1),
(5774, 2, 'The Lavender Beds', 24, 44, 1),
(5775, 2, 'The Lavender Beds', 24, 45, 1),
(5776, 2, 'The Lavender Beds', 24, 46, 2),
(5777, 2, 'The Lavender Beds', 24, 47, 1),
(5778, 2, 'The Lavender Beds', 24, 48, 1),
(5779, 2, 'The Lavender Beds', 24, 49, 1),
(5780, 2, 'The Lavender Beds', 24, 50, 1),
(5781, 2, 'The Lavender Beds', 24, 51, 2),
(5782, 2, 'The Lavender Beds', 24, 52, 1),
(5783, 2, 'The Lavender Beds', 24, 53, 1),
(5784, 2, 'The Lavender Beds', 24, 54, 1),
(5785, 2, 'The Lavender Beds', 24, 55, 1),
(5786, 2, 'The Lavender Beds', 24, 56, 1),
(5787, 2, 'The Lavender Beds', 24, 57, 2),
(5788, 2, 'The Lavender Beds', 24, 58, 3),
(5789, 2, 'The Lavender Beds', 24, 59, 1),
(5790, 2, 'The Lavender Beds', 24, 60, 2),
(5791, 3, 'Empyreum', 1, 1, 2),
(5792, 3, 'Empyreum', 1, 2, 1),
(5793, 3, 'Empyreum', 1, 3, 3),
(5794, 3, 'Empyreum', 1, 4, 1),
(5795, 3, 'Empyreum', 1, 5, 2),
(5796, 3, 'Empyreum', 1, 6, 3),
(5797, 3, 'Empyreum', 1, 7, 1),
(5798, 3, 'Empyreum', 1, 8, 1),
(5799, 3, 'Empyreum', 1, 9, 1),
(5800, 3, 'Empyreum', 1, 10, 1),
(5801, 3, 'Empyreum', 1, 11, 2),
(5802, 3, 'Empyreum', 1, 12, 1),
(5803, 3, 'Empyreum', 1, 13, 1),
(5804, 3, 'Empyreum', 1, 14, 1),
(5805, 3, 'Empyreum', 1, 15, 1),
(5806, 3, 'Empyreum', 1, 16, 2),
(5807, 3, 'Empyreum', 1, 17, 1),
(5808, 3, 'Empyreum', 1, 18, 1),
(5809, 3, 'Empyreum', 1, 19, 1),
(5810, 3, 'Empyreum', 1, 20, 1),
(5811, 3, 'Empyreum', 1, 21, 2),
(5812, 3, 'Empyreum', 1, 22, 1),
(5813, 3, 'Empyreum', 1, 23, 1),
(5814, 3, 'Empyreum', 1, 24, 1),
(5815, 3, 'Empyreum', 1, 25, 1),
(5816, 3, 'Empyreum', 1, 26, 1),
(5817, 3, 'Empyreum', 1, 27, 2),
(5818, 3, 'Empyreum', 1, 28, 3),
(5819, 3, 'Empyreum', 1, 29, 1),
(5820, 3, 'Empyreum', 1, 30, 2),
(5821, 3, 'Empyreum', 1, 31, 2),
(5822, 3, 'Empyreum', 1, 32, 1),
(5823, 3, 'Empyreum', 1, 33, 3),
(5824, 3, 'Empyreum', 1, 34, 1),
(5825, 3, 'Empyreum', 1, 35, 2),
(5826, 3, 'Empyreum', 1, 36, 3),
(5827, 3, 'Empyreum', 1, 37, 1),
(5828, 3, 'Empyreum', 1, 38, 1),
(5829, 3, 'Empyreum', 1, 39, 1),
(5830, 3, 'Empyreum', 1, 40, 1),
(5831, 3, 'Empyreum', 1, 41, 2),
(5832, 3, 'Empyreum', 1, 42, 1),
(5833, 3, 'Empyreum', 1, 43, 1),
(5834, 3, 'Empyreum', 1, 44, 1),
(5835, 3, 'Empyreum', 1, 45, 1),
(5836, 3, 'Empyreum', 1, 46, 2),
(5837, 3, 'Empyreum', 1, 47, 1),
(5838, 3, 'Empyreum', 1, 48, 1),
(5839, 3, 'Empyreum', 1, 49, 1),
(5840, 3, 'Empyreum', 1, 50, 1),
(5841, 3, 'Empyreum', 1, 51, 2),
(5842, 3, 'Empyreum', 1, 52, 1),
(5843, 3, 'Empyreum', 1, 53, 1),
(5844, 3, 'Empyreum', 1, 54, 1),
(5845, 3, 'Empyreum', 1, 55, 1),
(5846, 3, 'Empyreum', 1, 56, 1),
(5847, 3, 'Empyreum', 1, 57, 2),
(5848, 3, 'Empyreum', 1, 58, 3),
(5849, 3, 'Empyreum', 1, 59, 1),
(5850, 3, 'Empyreum', 1, 60, 2),
(5851, 3, 'Empyreum', 2, 1, 2),
(5852, 3, 'Empyreum', 2, 2, 1),
(5853, 3, 'Empyreum', 2, 3, 3),
(5854, 3, 'Empyreum', 2, 4, 1),
(5855, 3, 'Empyreum', 2, 5, 2),
(5856, 3, 'Empyreum', 2, 6, 3),
(5857, 3, 'Empyreum', 2, 7, 1),
(5858, 3, 'Empyreum', 2, 8, 1),
(5859, 3, 'Empyreum', 2, 9, 1),
(5860, 3, 'Empyreum', 2, 10, 1),
(5861, 3, 'Empyreum', 2, 11, 2),
(5862, 3, 'Empyreum', 2, 12, 1),
(5863, 3, 'Empyreum', 2, 13, 1),
(5864, 3, 'Empyreum', 2, 14, 1),
(5865, 3, 'Empyreum', 2, 15, 1),
(5866, 3, 'Empyreum', 2, 16, 2),
(5867, 3, 'Empyreum', 2, 17, 1),
(5868, 3, 'Empyreum', 2, 18, 1),
(5869, 3, 'Empyreum', 2, 19, 1),
(5870, 3, 'Empyreum', 2, 20, 1),
(5871, 3, 'Empyreum', 2, 21, 2),
(5872, 3, 'Empyreum', 2, 22, 1),
(5873, 3, 'Empyreum', 2, 23, 1),
(5874, 3, 'Empyreum', 2, 24, 1),
(5875, 3, 'Empyreum', 2, 25, 1),
(5876, 3, 'Empyreum', 2, 26, 1),
(5877, 3, 'Empyreum', 2, 27, 2),
(5878, 3, 'Empyreum', 2, 28, 3),
(5879, 3, 'Empyreum', 2, 29, 1),
(5880, 3, 'Empyreum', 2, 30, 2),
(5881, 3, 'Empyreum', 2, 31, 2),
(5882, 3, 'Empyreum', 2, 32, 1),
(5883, 3, 'Empyreum', 2, 33, 3),
(5884, 3, 'Empyreum', 2, 34, 1),
(5885, 3, 'Empyreum', 2, 35, 2),
(5886, 3, 'Empyreum', 2, 36, 3),
(5887, 3, 'Empyreum', 2, 37, 1),
(5888, 3, 'Empyreum', 2, 38, 1),
(5889, 3, 'Empyreum', 2, 39, 1),
(5890, 3, 'Empyreum', 2, 40, 1),
(5891, 3, 'Empyreum', 2, 41, 2),
(5892, 3, 'Empyreum', 2, 42, 1),
(5893, 3, 'Empyreum', 2, 43, 1),
(5894, 3, 'Empyreum', 2, 44, 1),
(5895, 3, 'Empyreum', 2, 45, 1),
(5896, 3, 'Empyreum', 2, 46, 2),
(5897, 3, 'Empyreum', 2, 47, 1),
(5898, 3, 'Empyreum', 2, 48, 1),
(5899, 3, 'Empyreum', 2, 49, 1),
(5900, 3, 'Empyreum', 2, 50, 1),
(5901, 3, 'Empyreum', 2, 51, 2),
(5902, 3, 'Empyreum', 2, 52, 1),
(5903, 3, 'Empyreum', 2, 53, 1),
(5904, 3, 'Empyreum', 2, 54, 1),
(5905, 3, 'Empyreum', 2, 55, 1),
(5906, 3, 'Empyreum', 2, 56, 1),
(5907, 3, 'Empyreum', 2, 57, 2),
(5908, 3, 'Empyreum', 2, 58, 3),
(5909, 3, 'Empyreum', 2, 59, 1),
(5910, 3, 'Empyreum', 2, 60, 2),
(5911, 3, 'Empyreum', 3, 1, 2),
(5912, 3, 'Empyreum', 3, 2, 1),
(5913, 3, 'Empyreum', 3, 3, 3),
(5914, 3, 'Empyreum', 3, 4, 1),
(5915, 3, 'Empyreum', 3, 5, 2),
(5916, 3, 'Empyreum', 3, 6, 3),
(5917, 3, 'Empyreum', 3, 7, 1),
(5918, 3, 'Empyreum', 3, 8, 1),
(5919, 3, 'Empyreum', 3, 9, 1),
(5920, 3, 'Empyreum', 3, 10, 1),
(5921, 3, 'Empyreum', 3, 11, 2),
(5922, 3, 'Empyreum', 3, 12, 1),
(5923, 3, 'Empyreum', 3, 13, 1),
(5924, 3, 'Empyreum', 3, 14, 1),
(5925, 3, 'Empyreum', 3, 15, 1),
(5926, 3, 'Empyreum', 3, 16, 2),
(5927, 3, 'Empyreum', 3, 17, 1),
(5928, 3, 'Empyreum', 3, 18, 1),
(5929, 3, 'Empyreum', 3, 19, 1),
(5930, 3, 'Empyreum', 3, 20, 1),
(5931, 3, 'Empyreum', 3, 21, 2),
(5932, 3, 'Empyreum', 3, 22, 1),
(5933, 3, 'Empyreum', 3, 23, 1),
(5934, 3, 'Empyreum', 3, 24, 1),
(5935, 3, 'Empyreum', 3, 25, 1),
(5936, 3, 'Empyreum', 3, 26, 1),
(5937, 3, 'Empyreum', 3, 27, 2),
(5938, 3, 'Empyreum', 3, 28, 3),
(5939, 3, 'Empyreum', 3, 29, 1),
(5940, 3, 'Empyreum', 3, 30, 2),
(5941, 3, 'Empyreum', 3, 31, 2),
(5942, 3, 'Empyreum', 3, 32, 1),
(5943, 3, 'Empyreum', 3, 33, 3),
(5944, 3, 'Empyreum', 3, 34, 1),
(5945, 3, 'Empyreum', 3, 35, 2),
(5946, 3, 'Empyreum', 3, 36, 3),
(5947, 3, 'Empyreum', 3, 37, 1),
(5948, 3, 'Empyreum', 3, 38, 1),
(5949, 3, 'Empyreum', 3, 39, 1),
(5950, 3, 'Empyreum', 3, 40, 1),
(5951, 3, 'Empyreum', 3, 41, 2),
(5952, 3, 'Empyreum', 3, 42, 1),
(5953, 3, 'Empyreum', 3, 43, 1),
(5954, 3, 'Empyreum', 3, 44, 1),
(5955, 3, 'Empyreum', 3, 45, 1),
(5956, 3, 'Empyreum', 3, 46, 2),
(5957, 3, 'Empyreum', 3, 47, 1),
(5958, 3, 'Empyreum', 3, 48, 1),
(5959, 3, 'Empyreum', 3, 49, 1),
(5960, 3, 'Empyreum', 3, 50, 1),
(5961, 3, 'Empyreum', 3, 51, 2),
(5962, 3, 'Empyreum', 3, 52, 1),
(5963, 3, 'Empyreum', 3, 53, 1),
(5964, 3, 'Empyreum', 3, 54, 1),
(5965, 3, 'Empyreum', 3, 55, 1),
(5966, 3, 'Empyreum', 3, 56, 1),
(5967, 3, 'Empyreum', 3, 57, 2),
(5968, 3, 'Empyreum', 3, 58, 3),
(5969, 3, 'Empyreum', 3, 59, 1),
(5970, 3, 'Empyreum', 3, 60, 2),
(5971, 3, 'Empyreum', 4, 1, 2),
(5972, 3, 'Empyreum', 4, 2, 1),
(5973, 3, 'Empyreum', 4, 3, 3),
(5974, 3, 'Empyreum', 4, 4, 1),
(5975, 3, 'Empyreum', 4, 5, 2),
(5976, 3, 'Empyreum', 4, 6, 3),
(5977, 3, 'Empyreum', 4, 7, 1),
(5978, 3, 'Empyreum', 4, 8, 1),
(5979, 3, 'Empyreum', 4, 9, 1),
(5980, 3, 'Empyreum', 4, 10, 1),
(5981, 3, 'Empyreum', 4, 11, 2),
(5982, 3, 'Empyreum', 4, 12, 1),
(5983, 3, 'Empyreum', 4, 13, 1),
(5984, 3, 'Empyreum', 4, 14, 1),
(5985, 3, 'Empyreum', 4, 15, 1),
(5986, 3, 'Empyreum', 4, 16, 2),
(5987, 3, 'Empyreum', 4, 17, 1),
(5988, 3, 'Empyreum', 4, 18, 1),
(5989, 3, 'Empyreum', 4, 19, 1),
(5990, 3, 'Empyreum', 4, 20, 1),
(5991, 3, 'Empyreum', 4, 21, 2),
(5992, 3, 'Empyreum', 4, 22, 1),
(5993, 3, 'Empyreum', 4, 23, 1),
(5994, 3, 'Empyreum', 4, 24, 1),
(5995, 3, 'Empyreum', 4, 25, 1),
(5996, 3, 'Empyreum', 4, 26, 1),
(5997, 3, 'Empyreum', 4, 27, 2),
(5998, 3, 'Empyreum', 4, 28, 3),
(5999, 3, 'Empyreum', 4, 29, 1),
(6000, 3, 'Empyreum', 4, 30, 2),
(6001, 3, 'Empyreum', 4, 31, 2),
(6002, 3, 'Empyreum', 4, 32, 1),
(6003, 3, 'Empyreum', 4, 33, 3),
(6004, 3, 'Empyreum', 4, 34, 1),
(6005, 3, 'Empyreum', 4, 35, 2),
(6006, 3, 'Empyreum', 4, 36, 3),
(6007, 3, 'Empyreum', 4, 37, 1),
(6008, 3, 'Empyreum', 4, 38, 1),
(6009, 3, 'Empyreum', 4, 39, 1),
(6010, 3, 'Empyreum', 4, 40, 1),
(6011, 3, 'Empyreum', 4, 41, 2),
(6012, 3, 'Empyreum', 4, 42, 1),
(6013, 3, 'Empyreum', 4, 43, 1),
(6014, 3, 'Empyreum', 4, 44, 1),
(6015, 3, 'Empyreum', 4, 45, 1),
(6016, 3, 'Empyreum', 4, 46, 2),
(6017, 3, 'Empyreum', 4, 47, 1),
(6018, 3, 'Empyreum', 4, 48, 1),
(6019, 3, 'Empyreum', 4, 49, 1),
(6020, 3, 'Empyreum', 4, 50, 1),
(6021, 3, 'Empyreum', 4, 51, 2),
(6022, 3, 'Empyreum', 4, 52, 1),
(6023, 3, 'Empyreum', 4, 53, 1),
(6024, 3, 'Empyreum', 4, 54, 1),
(6025, 3, 'Empyreum', 4, 55, 1),
(6026, 3, 'Empyreum', 4, 56, 1),
(6027, 3, 'Empyreum', 4, 57, 2),
(6028, 3, 'Empyreum', 4, 58, 3),
(6029, 3, 'Empyreum', 4, 59, 1),
(6030, 3, 'Empyreum', 4, 60, 2),
(6031, 3, 'Empyreum', 5, 1, 2),
(6032, 3, 'Empyreum', 5, 2, 1),
(6033, 3, 'Empyreum', 5, 3, 3),
(6034, 3, 'Empyreum', 5, 4, 1),
(6035, 3, 'Empyreum', 5, 5, 2),
(6036, 3, 'Empyreum', 5, 6, 3),
(6037, 3, 'Empyreum', 5, 7, 1),
(6038, 3, 'Empyreum', 5, 8, 1),
(6039, 3, 'Empyreum', 5, 9, 1),
(6040, 3, 'Empyreum', 5, 10, 1),
(6041, 3, 'Empyreum', 5, 11, 2),
(6042, 3, 'Empyreum', 5, 12, 1),
(6043, 3, 'Empyreum', 5, 13, 1),
(6044, 3, 'Empyreum', 5, 14, 1);

INSERT IGNORE INTO `ffxiv__estate` (`estate_id`, `city_id`, `area`, `ward`, `plot`, `size`) VALUES
(6045, 3, 'Empyreum', 5, 15, 1),
(6046, 3, 'Empyreum', 5, 16, 2),
(6047, 3, 'Empyreum', 5, 17, 1),
(6048, 3, 'Empyreum', 5, 18, 1),
(6049, 3, 'Empyreum', 5, 19, 1),
(6050, 3, 'Empyreum', 5, 20, 1),
(6051, 3, 'Empyreum', 5, 21, 2),
(6052, 3, 'Empyreum', 5, 22, 1),
(6053, 3, 'Empyreum', 5, 23, 1),
(6054, 3, 'Empyreum', 5, 24, 1),
(6055, 3, 'Empyreum', 5, 25, 1),
(6056, 3, 'Empyreum', 5, 26, 1),
(6057, 3, 'Empyreum', 5, 27, 2),
(6058, 3, 'Empyreum', 5, 28, 3),
(6059, 3, 'Empyreum', 5, 29, 1),
(6060, 3, 'Empyreum', 5, 30, 2),
(6061, 3, 'Empyreum', 5, 31, 2),
(6062, 3, 'Empyreum', 5, 32, 1),
(6063, 3, 'Empyreum', 5, 33, 3),
(6064, 3, 'Empyreum', 5, 34, 1),
(6065, 3, 'Empyreum', 5, 35, 2),
(6066, 3, 'Empyreum', 5, 36, 3),
(6067, 3, 'Empyreum', 5, 37, 1),
(6068, 3, 'Empyreum', 5, 38, 1),
(6069, 3, 'Empyreum', 5, 39, 1),
(6070, 3, 'Empyreum', 5, 40, 1),
(6071, 3, 'Empyreum', 5, 41, 2),
(6072, 3, 'Empyreum', 5, 42, 1),
(6073, 3, 'Empyreum', 5, 43, 1),
(6074, 3, 'Empyreum', 5, 44, 1),
(6075, 3, 'Empyreum', 5, 45, 1),
(6076, 3, 'Empyreum', 5, 46, 2),
(6077, 3, 'Empyreum', 5, 47, 1),
(6078, 3, 'Empyreum', 5, 48, 1),
(6079, 3, 'Empyreum', 5, 49, 1),
(6080, 3, 'Empyreum', 5, 50, 1),
(6081, 3, 'Empyreum', 5, 51, 2),
(6082, 3, 'Empyreum', 5, 52, 1),
(6083, 3, 'Empyreum', 5, 53, 1),
(6084, 3, 'Empyreum', 5, 54, 1),
(6085, 3, 'Empyreum', 5, 55, 1),
(6086, 3, 'Empyreum', 5, 56, 1),
(6087, 3, 'Empyreum', 5, 57, 2),
(6088, 3, 'Empyreum', 5, 58, 3),
(6089, 3, 'Empyreum', 5, 59, 1),
(6090, 3, 'Empyreum', 5, 60, 2),
(6091, 3, 'Empyreum', 6, 1, 2),
(6092, 3, 'Empyreum', 6, 2, 1),
(6093, 3, 'Empyreum', 6, 3, 3),
(6094, 3, 'Empyreum', 6, 4, 1),
(6095, 3, 'Empyreum', 6, 5, 2),
(6096, 3, 'Empyreum', 6, 6, 3),
(6097, 3, 'Empyreum', 6, 7, 1),
(6098, 3, 'Empyreum', 6, 8, 1),
(6099, 3, 'Empyreum', 6, 9, 1),
(6100, 3, 'Empyreum', 6, 10, 1),
(6101, 3, 'Empyreum', 6, 11, 2),
(6102, 3, 'Empyreum', 6, 12, 1),
(6103, 3, 'Empyreum', 6, 13, 1),
(6104, 3, 'Empyreum', 6, 14, 1),
(6105, 3, 'Empyreum', 6, 15, 1),
(6106, 3, 'Empyreum', 6, 16, 2),
(6107, 3, 'Empyreum', 6, 17, 1),
(6108, 3, 'Empyreum', 6, 18, 1),
(6109, 3, 'Empyreum', 6, 19, 1),
(6110, 3, 'Empyreum', 6, 20, 1),
(6111, 3, 'Empyreum', 6, 21, 2),
(6112, 3, 'Empyreum', 6, 22, 1),
(6113, 3, 'Empyreum', 6, 23, 1),
(6114, 3, 'Empyreum', 6, 24, 1),
(6115, 3, 'Empyreum', 6, 25, 1),
(6116, 3, 'Empyreum', 6, 26, 1),
(6117, 3, 'Empyreum', 6, 27, 2),
(6118, 3, 'Empyreum', 6, 28, 3),
(6119, 3, 'Empyreum', 6, 29, 1),
(6120, 3, 'Empyreum', 6, 30, 2),
(6121, 3, 'Empyreum', 6, 31, 2),
(6122, 3, 'Empyreum', 6, 32, 1),
(6123, 3, 'Empyreum', 6, 33, 3),
(6124, 3, 'Empyreum', 6, 34, 1),
(6125, 3, 'Empyreum', 6, 35, 2),
(6126, 3, 'Empyreum', 6, 36, 3),
(6127, 3, 'Empyreum', 6, 37, 1),
(6128, 3, 'Empyreum', 6, 38, 1),
(6129, 3, 'Empyreum', 6, 39, 1),
(6130, 3, 'Empyreum', 6, 40, 1),
(6131, 3, 'Empyreum', 6, 41, 2),
(6132, 3, 'Empyreum', 6, 42, 1),
(6133, 3, 'Empyreum', 6, 43, 1),
(6134, 3, 'Empyreum', 6, 44, 1),
(6135, 3, 'Empyreum', 6, 45, 1),
(6136, 3, 'Empyreum', 6, 46, 2),
(6137, 3, 'Empyreum', 6, 47, 1),
(6138, 3, 'Empyreum', 6, 48, 1),
(6139, 3, 'Empyreum', 6, 49, 1),
(6140, 3, 'Empyreum', 6, 50, 1),
(6141, 3, 'Empyreum', 6, 51, 2),
(6142, 3, 'Empyreum', 6, 52, 1),
(6143, 3, 'Empyreum', 6, 53, 1),
(6144, 3, 'Empyreum', 6, 54, 1),
(6145, 3, 'Empyreum', 6, 55, 1),
(6146, 3, 'Empyreum', 6, 56, 1),
(6147, 3, 'Empyreum', 6, 57, 2),
(6148, 3, 'Empyreum', 6, 58, 3),
(6149, 3, 'Empyreum', 6, 59, 1),
(6150, 3, 'Empyreum', 6, 60, 2),
(6151, 3, 'Empyreum', 7, 1, 2),
(6152, 3, 'Empyreum', 7, 2, 1),
(6153, 3, 'Empyreum', 7, 3, 3),
(6154, 3, 'Empyreum', 7, 4, 1),
(6155, 3, 'Empyreum', 7, 5, 2),
(6156, 3, 'Empyreum', 7, 6, 3),
(6157, 3, 'Empyreum', 7, 7, 1),
(6158, 3, 'Empyreum', 7, 8, 1),
(6159, 3, 'Empyreum', 7, 9, 1),
(6160, 3, 'Empyreum', 7, 10, 1),
(6161, 3, 'Empyreum', 7, 11, 2),
(6162, 3, 'Empyreum', 7, 12, 1),
(6163, 3, 'Empyreum', 7, 13, 1),
(6164, 3, 'Empyreum', 7, 14, 1),
(6165, 3, 'Empyreum', 7, 15, 1),
(6166, 3, 'Empyreum', 7, 16, 2),
(6167, 3, 'Empyreum', 7, 17, 1),
(6168, 3, 'Empyreum', 7, 18, 1),
(6169, 3, 'Empyreum', 7, 19, 1),
(6170, 3, 'Empyreum', 7, 20, 1),
(6171, 3, 'Empyreum', 7, 21, 2),
(6172, 3, 'Empyreum', 7, 22, 1),
(6173, 3, 'Empyreum', 7, 23, 1),
(6174, 3, 'Empyreum', 7, 24, 1),
(6175, 3, 'Empyreum', 7, 25, 1),
(6176, 3, 'Empyreum', 7, 26, 1),
(6177, 3, 'Empyreum', 7, 27, 2),
(6178, 3, 'Empyreum', 7, 28, 3),
(6179, 3, 'Empyreum', 7, 29, 1),
(6180, 3, 'Empyreum', 7, 30, 2),
(6181, 3, 'Empyreum', 7, 31, 2),
(6182, 3, 'Empyreum', 7, 32, 1),
(6183, 3, 'Empyreum', 7, 33, 3),
(6184, 3, 'Empyreum', 7, 34, 1),
(6185, 3, 'Empyreum', 7, 35, 2),
(6186, 3, 'Empyreum', 7, 36, 3),
(6187, 3, 'Empyreum', 7, 37, 1),
(6188, 3, 'Empyreum', 7, 38, 1),
(6189, 3, 'Empyreum', 7, 39, 1),
(6190, 3, 'Empyreum', 7, 40, 1),
(6191, 3, 'Empyreum', 7, 41, 2),
(6192, 3, 'Empyreum', 7, 42, 1),
(6193, 3, 'Empyreum', 7, 43, 1),
(6194, 3, 'Empyreum', 7, 44, 1),
(6195, 3, 'Empyreum', 7, 45, 1),
(6196, 3, 'Empyreum', 7, 46, 2),
(6197, 3, 'Empyreum', 7, 47, 1),
(6198, 3, 'Empyreum', 7, 48, 1),
(6199, 3, 'Empyreum', 7, 49, 1),
(6200, 3, 'Empyreum', 7, 50, 1),
(6201, 3, 'Empyreum', 7, 51, 2),
(6202, 3, 'Empyreum', 7, 52, 1),
(6203, 3, 'Empyreum', 7, 53, 1),
(6204, 3, 'Empyreum', 7, 54, 1),
(6205, 3, 'Empyreum', 7, 55, 1),
(6206, 3, 'Empyreum', 7, 56, 1),
(6207, 3, 'Empyreum', 7, 57, 2),
(6208, 3, 'Empyreum', 7, 58, 3),
(6209, 3, 'Empyreum', 7, 59, 1),
(6210, 3, 'Empyreum', 7, 60, 2),
(6211, 3, 'Empyreum', 8, 1, 2),
(6212, 3, 'Empyreum', 8, 2, 1),
(6213, 3, 'Empyreum', 8, 3, 3),
(6214, 3, 'Empyreum', 8, 4, 1),
(6215, 3, 'Empyreum', 8, 5, 2),
(6216, 3, 'Empyreum', 8, 6, 3),
(6217, 3, 'Empyreum', 8, 7, 1),
(6218, 3, 'Empyreum', 8, 8, 1),
(6219, 3, 'Empyreum', 8, 9, 1),
(6220, 3, 'Empyreum', 8, 10, 1),
(6221, 3, 'Empyreum', 8, 11, 2),
(6222, 3, 'Empyreum', 8, 12, 1),
(6223, 3, 'Empyreum', 8, 13, 1),
(6224, 3, 'Empyreum', 8, 14, 1),
(6225, 3, 'Empyreum', 8, 15, 1),
(6226, 3, 'Empyreum', 8, 16, 2),
(6227, 3, 'Empyreum', 8, 17, 1),
(6228, 3, 'Empyreum', 8, 18, 1),
(6229, 3, 'Empyreum', 8, 19, 1),
(6230, 3, 'Empyreum', 8, 20, 1),
(6231, 3, 'Empyreum', 8, 21, 2),
(6232, 3, 'Empyreum', 8, 22, 1),
(6233, 3, 'Empyreum', 8, 23, 1),
(6234, 3, 'Empyreum', 8, 24, 1),
(6235, 3, 'Empyreum', 8, 25, 1),
(6236, 3, 'Empyreum', 8, 26, 1),
(6237, 3, 'Empyreum', 8, 27, 2),
(6238, 3, 'Empyreum', 8, 28, 3),
(6239, 3, 'Empyreum', 8, 29, 1),
(6240, 3, 'Empyreum', 8, 30, 2),
(6241, 3, 'Empyreum', 8, 31, 2),
(6242, 3, 'Empyreum', 8, 32, 1),
(6243, 3, 'Empyreum', 8, 33, 3),
(6244, 3, 'Empyreum', 8, 34, 1),
(6245, 3, 'Empyreum', 8, 35, 2),
(6246, 3, 'Empyreum', 8, 36, 3),
(6247, 3, 'Empyreum', 8, 37, 1),
(6248, 3, 'Empyreum', 8, 38, 1),
(6249, 3, 'Empyreum', 8, 39, 1),
(6250, 3, 'Empyreum', 8, 40, 1),
(6251, 3, 'Empyreum', 8, 41, 2),
(6252, 3, 'Empyreum', 8, 42, 1),
(6253, 3, 'Empyreum', 8, 43, 1),
(6254, 3, 'Empyreum', 8, 44, 1),
(6255, 3, 'Empyreum', 8, 45, 1),
(6256, 3, 'Empyreum', 8, 46, 2),
(6257, 3, 'Empyreum', 8, 47, 1),
(6258, 3, 'Empyreum', 8, 48, 1),
(6259, 3, 'Empyreum', 8, 49, 1),
(6260, 3, 'Empyreum', 8, 50, 1),
(6261, 3, 'Empyreum', 8, 51, 2),
(6262, 3, 'Empyreum', 8, 52, 1),
(6263, 3, 'Empyreum', 8, 53, 1),
(6264, 3, 'Empyreum', 8, 54, 1),
(6265, 3, 'Empyreum', 8, 55, 1),
(6266, 3, 'Empyreum', 8, 56, 1),
(6267, 3, 'Empyreum', 8, 57, 2),
(6268, 3, 'Empyreum', 8, 58, 3),
(6269, 3, 'Empyreum', 8, 59, 1),
(6270, 3, 'Empyreum', 8, 60, 2),
(6271, 3, 'Empyreum', 9, 1, 2),
(6272, 3, 'Empyreum', 9, 2, 1),
(6273, 3, 'Empyreum', 9, 3, 3),
(6274, 3, 'Empyreum', 9, 4, 1),
(6275, 3, 'Empyreum', 9, 5, 2),
(6276, 3, 'Empyreum', 9, 6, 3),
(6277, 3, 'Empyreum', 9, 7, 1),
(6278, 3, 'Empyreum', 9, 8, 1),
(6279, 3, 'Empyreum', 9, 9, 1),
(6280, 3, 'Empyreum', 9, 10, 1),
(6281, 3, 'Empyreum', 9, 11, 2),
(6282, 3, 'Empyreum', 9, 12, 1),
(6283, 3, 'Empyreum', 9, 13, 1),
(6284, 3, 'Empyreum', 9, 14, 1),
(6285, 3, 'Empyreum', 9, 15, 1),
(6286, 3, 'Empyreum', 9, 16, 2),
(6287, 3, 'Empyreum', 9, 17, 1),
(6288, 3, 'Empyreum', 9, 18, 1),
(6289, 3, 'Empyreum', 9, 19, 1),
(6290, 3, 'Empyreum', 9, 20, 1),
(6291, 3, 'Empyreum', 9, 21, 2),
(6292, 3, 'Empyreum', 9, 22, 1),
(6293, 3, 'Empyreum', 9, 23, 1),
(6294, 3, 'Empyreum', 9, 24, 1),
(6295, 3, 'Empyreum', 9, 25, 1),
(6296, 3, 'Empyreum', 9, 26, 1),
(6297, 3, 'Empyreum', 9, 27, 2),
(6298, 3, 'Empyreum', 9, 28, 3),
(6299, 3, 'Empyreum', 9, 29, 1),
(6300, 3, 'Empyreum', 9, 30, 2),
(6301, 3, 'Empyreum', 9, 31, 2),
(6302, 3, 'Empyreum', 9, 32, 1),
(6303, 3, 'Empyreum', 9, 33, 3),
(6304, 3, 'Empyreum', 9, 34, 1),
(6305, 3, 'Empyreum', 9, 35, 2),
(6306, 3, 'Empyreum', 9, 36, 3),
(6307, 3, 'Empyreum', 9, 37, 1),
(6308, 3, 'Empyreum', 9, 38, 1),
(6309, 3, 'Empyreum', 9, 39, 1),
(6310, 3, 'Empyreum', 9, 40, 1),
(6311, 3, 'Empyreum', 9, 41, 2),
(6312, 3, 'Empyreum', 9, 42, 1),
(6313, 3, 'Empyreum', 9, 43, 1),
(6314, 3, 'Empyreum', 9, 44, 1),
(6315, 3, 'Empyreum', 9, 45, 1),
(6316, 3, 'Empyreum', 9, 46, 2),
(6317, 3, 'Empyreum', 9, 47, 1),
(6318, 3, 'Empyreum', 9, 48, 1),
(6319, 3, 'Empyreum', 9, 49, 1),
(6320, 3, 'Empyreum', 9, 50, 1),
(6321, 3, 'Empyreum', 9, 51, 2),
(6322, 3, 'Empyreum', 9, 52, 1),
(6323, 3, 'Empyreum', 9, 53, 1),
(6324, 3, 'Empyreum', 9, 54, 1),
(6325, 3, 'Empyreum', 9, 55, 1),
(6326, 3, 'Empyreum', 9, 56, 1),
(6327, 3, 'Empyreum', 9, 57, 2),
(6328, 3, 'Empyreum', 9, 58, 3),
(6329, 3, 'Empyreum', 9, 59, 1),
(6330, 3, 'Empyreum', 9, 60, 2),
(6331, 3, 'Empyreum', 10, 1, 2),
(6332, 3, 'Empyreum', 10, 2, 1),
(6333, 3, 'Empyreum', 10, 3, 3),
(6334, 3, 'Empyreum', 10, 4, 1),
(6335, 3, 'Empyreum', 10, 5, 2),
(6336, 3, 'Empyreum', 10, 6, 3),
(6337, 3, 'Empyreum', 10, 7, 1),
(6338, 3, 'Empyreum', 10, 8, 1),
(6339, 3, 'Empyreum', 10, 9, 1),
(6340, 3, 'Empyreum', 10, 10, 1),
(6341, 3, 'Empyreum', 10, 11, 2),
(6342, 3, 'Empyreum', 10, 12, 1),
(6343, 3, 'Empyreum', 10, 13, 1),
(6344, 3, 'Empyreum', 10, 14, 1),
(6345, 3, 'Empyreum', 10, 15, 1),
(6346, 3, 'Empyreum', 10, 16, 2),
(6347, 3, 'Empyreum', 10, 17, 1),
(6348, 3, 'Empyreum', 10, 18, 1),
(6349, 3, 'Empyreum', 10, 19, 1),
(6350, 3, 'Empyreum', 10, 20, 1),
(6351, 3, 'Empyreum', 10, 21, 2),
(6352, 3, 'Empyreum', 10, 22, 1),
(6353, 3, 'Empyreum', 10, 23, 1),
(6354, 3, 'Empyreum', 10, 24, 1),
(6355, 3, 'Empyreum', 10, 25, 1),
(6356, 3, 'Empyreum', 10, 26, 1),
(6357, 3, 'Empyreum', 10, 27, 2),
(6358, 3, 'Empyreum', 10, 28, 3),
(6359, 3, 'Empyreum', 10, 29, 1),
(6360, 3, 'Empyreum', 10, 30, 2),
(6361, 3, 'Empyreum', 10, 31, 2),
(6362, 3, 'Empyreum', 10, 32, 1),
(6363, 3, 'Empyreum', 10, 33, 3),
(6364, 3, 'Empyreum', 10, 34, 1),
(6365, 3, 'Empyreum', 10, 35, 2),
(6366, 3, 'Empyreum', 10, 36, 3),
(6367, 3, 'Empyreum', 10, 37, 1),
(6368, 3, 'Empyreum', 10, 38, 1),
(6369, 3, 'Empyreum', 10, 39, 1),
(6370, 3, 'Empyreum', 10, 40, 1),
(6371, 3, 'Empyreum', 10, 41, 2),
(6372, 3, 'Empyreum', 10, 42, 1),
(6373, 3, 'Empyreum', 10, 43, 1),
(6374, 3, 'Empyreum', 10, 44, 1),
(6375, 3, 'Empyreum', 10, 45, 1),
(6376, 3, 'Empyreum', 10, 46, 2),
(6377, 3, 'Empyreum', 10, 47, 1),
(6378, 3, 'Empyreum', 10, 48, 1),
(6379, 3, 'Empyreum', 10, 49, 1),
(6380, 3, 'Empyreum', 10, 50, 1),
(6381, 3, 'Empyreum', 10, 51, 2),
(6382, 3, 'Empyreum', 10, 52, 1),
(6383, 3, 'Empyreum', 10, 53, 1),
(6384, 3, 'Empyreum', 10, 54, 1),
(6385, 3, 'Empyreum', 10, 55, 1),
(6386, 3, 'Empyreum', 10, 56, 1),
(6387, 3, 'Empyreum', 10, 57, 2),
(6388, 3, 'Empyreum', 10, 58, 3),
(6389, 3, 'Empyreum', 10, 59, 1),
(6390, 3, 'Empyreum', 10, 60, 2),
(6391, 3, 'Empyreum', 11, 1, 2),
(6392, 3, 'Empyreum', 11, 2, 1),
(6393, 3, 'Empyreum', 11, 3, 3),
(6394, 3, 'Empyreum', 11, 4, 1),
(6395, 3, 'Empyreum', 11, 5, 2),
(6396, 3, 'Empyreum', 11, 6, 3),
(6397, 3, 'Empyreum', 11, 7, 1),
(6398, 3, 'Empyreum', 11, 8, 1),
(6399, 3, 'Empyreum', 11, 9, 1),
(6400, 3, 'Empyreum', 11, 10, 1),
(6401, 3, 'Empyreum', 11, 11, 2),
(6402, 3, 'Empyreum', 11, 12, 1),
(6403, 3, 'Empyreum', 11, 13, 1),
(6404, 3, 'Empyreum', 11, 14, 1),
(6405, 3, 'Empyreum', 11, 15, 1),
(6406, 3, 'Empyreum', 11, 16, 2),
(6407, 3, 'Empyreum', 11, 17, 1),
(6408, 3, 'Empyreum', 11, 18, 1),
(6409, 3, 'Empyreum', 11, 19, 1),
(6410, 3, 'Empyreum', 11, 20, 1),
(6411, 3, 'Empyreum', 11, 21, 2),
(6412, 3, 'Empyreum', 11, 22, 1),
(6413, 3, 'Empyreum', 11, 23, 1),
(6414, 3, 'Empyreum', 11, 24, 1),
(6415, 3, 'Empyreum', 11, 25, 1),
(6416, 3, 'Empyreum', 11, 26, 1),
(6417, 3, 'Empyreum', 11, 27, 2),
(6418, 3, 'Empyreum', 11, 28, 3),
(6419, 3, 'Empyreum', 11, 29, 1),
(6420, 3, 'Empyreum', 11, 30, 2),
(6421, 3, 'Empyreum', 11, 31, 2),
(6422, 3, 'Empyreum', 11, 32, 1),
(6423, 3, 'Empyreum', 11, 33, 3),
(6424, 3, 'Empyreum', 11, 34, 1),
(6425, 3, 'Empyreum', 11, 35, 2),
(6426, 3, 'Empyreum', 11, 36, 3),
(6427, 3, 'Empyreum', 11, 37, 1),
(6428, 3, 'Empyreum', 11, 38, 1),
(6429, 3, 'Empyreum', 11, 39, 1),
(6430, 3, 'Empyreum', 11, 40, 1),
(6431, 3, 'Empyreum', 11, 41, 2),
(6432, 3, 'Empyreum', 11, 42, 1),
(6433, 3, 'Empyreum', 11, 43, 1),
(6434, 3, 'Empyreum', 11, 44, 1),
(6435, 3, 'Empyreum', 11, 45, 1),
(6436, 3, 'Empyreum', 11, 46, 2),
(6437, 3, 'Empyreum', 11, 47, 1),
(6438, 3, 'Empyreum', 11, 48, 1),
(6439, 3, 'Empyreum', 11, 49, 1),
(6440, 3, 'Empyreum', 11, 50, 1),
(6441, 3, 'Empyreum', 11, 51, 2),
(6442, 3, 'Empyreum', 11, 52, 1),
(6443, 3, 'Empyreum', 11, 53, 1),
(6444, 3, 'Empyreum', 11, 54, 1),
(6445, 3, 'Empyreum', 11, 55, 1),
(6446, 3, 'Empyreum', 11, 56, 1),
(6447, 3, 'Empyreum', 11, 57, 2),
(6448, 3, 'Empyreum', 11, 58, 3),
(6449, 3, 'Empyreum', 11, 59, 1),
(6450, 3, 'Empyreum', 11, 60, 2),
(6451, 3, 'Empyreum', 12, 1, 2),
(6452, 3, 'Empyreum', 12, 2, 1),
(6453, 3, 'Empyreum', 12, 3, 3),
(6454, 3, 'Empyreum', 12, 4, 1),
(6455, 3, 'Empyreum', 12, 5, 2),
(6456, 3, 'Empyreum', 12, 6, 3),
(6457, 3, 'Empyreum', 12, 7, 1),
(6458, 3, 'Empyreum', 12, 8, 1),
(6459, 3, 'Empyreum', 12, 9, 1),
(6460, 3, 'Empyreum', 12, 10, 1),
(6461, 3, 'Empyreum', 12, 11, 2),
(6462, 3, 'Empyreum', 12, 12, 1),
(6463, 3, 'Empyreum', 12, 13, 1),
(6464, 3, 'Empyreum', 12, 14, 1),
(6465, 3, 'Empyreum', 12, 15, 1),
(6466, 3, 'Empyreum', 12, 16, 2),
(6467, 3, 'Empyreum', 12, 17, 1),
(6468, 3, 'Empyreum', 12, 18, 1),
(6469, 3, 'Empyreum', 12, 19, 1),
(6470, 3, 'Empyreum', 12, 20, 1),
(6471, 3, 'Empyreum', 12, 21, 2),
(6472, 3, 'Empyreum', 12, 22, 1),
(6473, 3, 'Empyreum', 12, 23, 1),
(6474, 3, 'Empyreum', 12, 24, 1),
(6475, 3, 'Empyreum', 12, 25, 1),
(6476, 3, 'Empyreum', 12, 26, 1),
(6477, 3, 'Empyreum', 12, 27, 2),
(6478, 3, 'Empyreum', 12, 28, 3),
(6479, 3, 'Empyreum', 12, 29, 1),
(6480, 3, 'Empyreum', 12, 30, 2),
(6481, 3, 'Empyreum', 12, 31, 2),
(6482, 3, 'Empyreum', 12, 32, 1),
(6483, 3, 'Empyreum', 12, 33, 3),
(6484, 3, 'Empyreum', 12, 34, 1),
(6485, 3, 'Empyreum', 12, 35, 2),
(6486, 3, 'Empyreum', 12, 36, 3),
(6487, 3, 'Empyreum', 12, 37, 1),
(6488, 3, 'Empyreum', 12, 38, 1),
(6489, 3, 'Empyreum', 12, 39, 1),
(6490, 3, 'Empyreum', 12, 40, 1),
(6491, 3, 'Empyreum', 12, 41, 2),
(6492, 3, 'Empyreum', 12, 42, 1),
(6493, 3, 'Empyreum', 12, 43, 1),
(6494, 3, 'Empyreum', 12, 44, 1),
(6495, 3, 'Empyreum', 12, 45, 1),
(6496, 3, 'Empyreum', 12, 46, 2),
(6497, 3, 'Empyreum', 12, 47, 1),
(6498, 3, 'Empyreum', 12, 48, 1),
(6499, 3, 'Empyreum', 12, 49, 1),
(6500, 3, 'Empyreum', 12, 50, 1),
(6501, 3, 'Empyreum', 12, 51, 2),
(6502, 3, 'Empyreum', 12, 52, 1),
(6503, 3, 'Empyreum', 12, 53, 1),
(6504, 3, 'Empyreum', 12, 54, 1),
(6505, 3, 'Empyreum', 12, 55, 1),
(6506, 3, 'Empyreum', 12, 56, 1),
(6507, 3, 'Empyreum', 12, 57, 2),
(6508, 3, 'Empyreum', 12, 58, 3),
(6509, 3, 'Empyreum', 12, 59, 1),
(6510, 3, 'Empyreum', 12, 60, 2),
(6511, 3, 'Empyreum', 13, 1, 2),
(6512, 3, 'Empyreum', 13, 2, 1),
(6513, 3, 'Empyreum', 13, 3, 3),
(6514, 3, 'Empyreum', 13, 4, 1),
(6515, 3, 'Empyreum', 13, 5, 2),
(6516, 3, 'Empyreum', 13, 6, 3),
(6517, 3, 'Empyreum', 13, 7, 1),
(6518, 3, 'Empyreum', 13, 8, 1),
(6519, 3, 'Empyreum', 13, 9, 1),
(6520, 3, 'Empyreum', 13, 10, 1),
(6521, 3, 'Empyreum', 13, 11, 2),
(6522, 3, 'Empyreum', 13, 12, 1),
(6523, 3, 'Empyreum', 13, 13, 1),
(6524, 3, 'Empyreum', 13, 14, 1),
(6525, 3, 'Empyreum', 13, 15, 1),
(6526, 3, 'Empyreum', 13, 16, 2),
(6527, 3, 'Empyreum', 13, 17, 1),
(6528, 3, 'Empyreum', 13, 18, 1),
(6529, 3, 'Empyreum', 13, 19, 1),
(6530, 3, 'Empyreum', 13, 20, 1),
(6531, 3, 'Empyreum', 13, 21, 2),
(6532, 3, 'Empyreum', 13, 22, 1),
(6533, 3, 'Empyreum', 13, 23, 1),
(6534, 3, 'Empyreum', 13, 24, 1),
(6535, 3, 'Empyreum', 13, 25, 1),
(6536, 3, 'Empyreum', 13, 26, 1),
(6537, 3, 'Empyreum', 13, 27, 2),
(6538, 3, 'Empyreum', 13, 28, 3),
(6539, 3, 'Empyreum', 13, 29, 1),
(6540, 3, 'Empyreum', 13, 30, 2),
(6541, 3, 'Empyreum', 13, 31, 2),
(6542, 3, 'Empyreum', 13, 32, 1),
(6543, 3, 'Empyreum', 13, 33, 3),
(6544, 3, 'Empyreum', 13, 34, 1),
(6545, 3, 'Empyreum', 13, 35, 2),
(6546, 3, 'Empyreum', 13, 36, 3),
(6547, 3, 'Empyreum', 13, 37, 1),
(6548, 3, 'Empyreum', 13, 38, 1),
(6549, 3, 'Empyreum', 13, 39, 1),
(6550, 3, 'Empyreum', 13, 40, 1),
(6551, 3, 'Empyreum', 13, 41, 2),
(6552, 3, 'Empyreum', 13, 42, 1),
(6553, 3, 'Empyreum', 13, 43, 1),
(6554, 3, 'Empyreum', 13, 44, 1),
(6555, 3, 'Empyreum', 13, 45, 1),
(6556, 3, 'Empyreum', 13, 46, 2),
(6557, 3, 'Empyreum', 13, 47, 1),
(6558, 3, 'Empyreum', 13, 48, 1),
(6559, 3, 'Empyreum', 13, 49, 1),
(6560, 3, 'Empyreum', 13, 50, 1),
(6561, 3, 'Empyreum', 13, 51, 2),
(6562, 3, 'Empyreum', 13, 52, 1),
(6563, 3, 'Empyreum', 13, 53, 1),
(6564, 3, 'Empyreum', 13, 54, 1),
(6565, 3, 'Empyreum', 13, 55, 1),
(6566, 3, 'Empyreum', 13, 56, 1),
(6567, 3, 'Empyreum', 13, 57, 2),
(6568, 3, 'Empyreum', 13, 58, 3),
(6569, 3, 'Empyreum', 13, 59, 1),
(6570, 3, 'Empyreum', 13, 60, 2),
(6571, 3, 'Empyreum', 14, 1, 2),
(6572, 3, 'Empyreum', 14, 2, 1),
(6573, 3, 'Empyreum', 14, 3, 3),
(6574, 3, 'Empyreum', 14, 4, 1),
(6575, 3, 'Empyreum', 14, 5, 2),
(6576, 3, 'Empyreum', 14, 6, 3),
(6577, 3, 'Empyreum', 14, 7, 1),
(6578, 3, 'Empyreum', 14, 8, 1),
(6579, 3, 'Empyreum', 14, 9, 1),
(6580, 3, 'Empyreum', 14, 10, 1),
(6581, 3, 'Empyreum', 14, 11, 2),
(6582, 3, 'Empyreum', 14, 12, 1),
(6583, 3, 'Empyreum', 14, 13, 1),
(6584, 3, 'Empyreum', 14, 14, 1),
(6585, 3, 'Empyreum', 14, 15, 1),
(6586, 3, 'Empyreum', 14, 16, 2),
(6587, 3, 'Empyreum', 14, 17, 1),
(6588, 3, 'Empyreum', 14, 18, 1),
(6589, 3, 'Empyreum', 14, 19, 1),
(6590, 3, 'Empyreum', 14, 20, 1),
(6591, 3, 'Empyreum', 14, 21, 2),
(6592, 3, 'Empyreum', 14, 22, 1),
(6593, 3, 'Empyreum', 14, 23, 1),
(6594, 3, 'Empyreum', 14, 24, 1),
(6595, 3, 'Empyreum', 14, 25, 1),
(6596, 3, 'Empyreum', 14, 26, 1),
(6597, 3, 'Empyreum', 14, 27, 2),
(6598, 3, 'Empyreum', 14, 28, 3),
(6599, 3, 'Empyreum', 14, 29, 1),
(6600, 3, 'Empyreum', 14, 30, 2),
(6601, 3, 'Empyreum', 14, 31, 2),
(6602, 3, 'Empyreum', 14, 32, 1),
(6603, 3, 'Empyreum', 14, 33, 3),
(6604, 3, 'Empyreum', 14, 34, 1),
(6605, 3, 'Empyreum', 14, 35, 2),
(6606, 3, 'Empyreum', 14, 36, 3),
(6607, 3, 'Empyreum', 14, 37, 1),
(6608, 3, 'Empyreum', 14, 38, 1),
(6609, 3, 'Empyreum', 14, 39, 1),
(6610, 3, 'Empyreum', 14, 40, 1),
(6611, 3, 'Empyreum', 14, 41, 2),
(6612, 3, 'Empyreum', 14, 42, 1),
(6613, 3, 'Empyreum', 14, 43, 1),
(6614, 3, 'Empyreum', 14, 44, 1),
(6615, 3, 'Empyreum', 14, 45, 1),
(6616, 3, 'Empyreum', 14, 46, 2),
(6617, 3, 'Empyreum', 14, 47, 1),
(6618, 3, 'Empyreum', 14, 48, 1),
(6619, 3, 'Empyreum', 14, 49, 1),
(6620, 3, 'Empyreum', 14, 50, 1),
(6621, 3, 'Empyreum', 14, 51, 2),
(6622, 3, 'Empyreum', 14, 52, 1),
(6623, 3, 'Empyreum', 14, 53, 1),
(6624, 3, 'Empyreum', 14, 54, 1),
(6625, 3, 'Empyreum', 14, 55, 1),
(6626, 3, 'Empyreum', 14, 56, 1),
(6627, 3, 'Empyreum', 14, 57, 2),
(6628, 3, 'Empyreum', 14, 58, 3),
(6629, 3, 'Empyreum', 14, 59, 1),
(6630, 3, 'Empyreum', 14, 60, 2),
(6631, 3, 'Empyreum', 15, 1, 2),
(6632, 3, 'Empyreum', 15, 2, 1),
(6633, 3, 'Empyreum', 15, 3, 3),
(6634, 3, 'Empyreum', 15, 4, 1),
(6635, 3, 'Empyreum', 15, 5, 2),
(6636, 3, 'Empyreum', 15, 6, 3),
(6637, 3, 'Empyreum', 15, 7, 1),
(6638, 3, 'Empyreum', 15, 8, 1),
(6639, 3, 'Empyreum', 15, 9, 1),
(6640, 3, 'Empyreum', 15, 10, 1),
(6641, 3, 'Empyreum', 15, 11, 2),
(6642, 3, 'Empyreum', 15, 12, 1),
(6643, 3, 'Empyreum', 15, 13, 1),
(6644, 3, 'Empyreum', 15, 14, 1),
(6645, 3, 'Empyreum', 15, 15, 1),
(6646, 3, 'Empyreum', 15, 16, 2),
(6647, 3, 'Empyreum', 15, 17, 1),
(6648, 3, 'Empyreum', 15, 18, 1),
(6649, 3, 'Empyreum', 15, 19, 1),
(6650, 3, 'Empyreum', 15, 20, 1),
(6651, 3, 'Empyreum', 15, 21, 2),
(6652, 3, 'Empyreum', 15, 22, 1),
(6653, 3, 'Empyreum', 15, 23, 1),
(6654, 3, 'Empyreum', 15, 24, 1),
(6655, 3, 'Empyreum', 15, 25, 1),
(6656, 3, 'Empyreum', 15, 26, 1),
(6657, 3, 'Empyreum', 15, 27, 2),
(6658, 3, 'Empyreum', 15, 28, 3),
(6659, 3, 'Empyreum', 15, 29, 1),
(6660, 3, 'Empyreum', 15, 30, 2),
(6661, 3, 'Empyreum', 15, 31, 2),
(6662, 3, 'Empyreum', 15, 32, 1),
(6663, 3, 'Empyreum', 15, 33, 3),
(6664, 3, 'Empyreum', 15, 34, 1),
(6665, 3, 'Empyreum', 15, 35, 2),
(6666, 3, 'Empyreum', 15, 36, 3),
(6667, 3, 'Empyreum', 15, 37, 1),
(6668, 3, 'Empyreum', 15, 38, 1),
(6669, 3, 'Empyreum', 15, 39, 1),
(6670, 3, 'Empyreum', 15, 40, 1),
(6671, 3, 'Empyreum', 15, 41, 2),
(6672, 3, 'Empyreum', 15, 42, 1),
(6673, 3, 'Empyreum', 15, 43, 1),
(6674, 3, 'Empyreum', 15, 44, 1),
(6675, 3, 'Empyreum', 15, 45, 1),
(6676, 3, 'Empyreum', 15, 46, 2),
(6677, 3, 'Empyreum', 15, 47, 1),
(6678, 3, 'Empyreum', 15, 48, 1),
(6679, 3, 'Empyreum', 15, 49, 1),
(6680, 3, 'Empyreum', 15, 50, 1),
(6681, 3, 'Empyreum', 15, 51, 2),
(6682, 3, 'Empyreum', 15, 52, 1),
(6683, 3, 'Empyreum', 15, 53, 1),
(6684, 3, 'Empyreum', 15, 54, 1),
(6685, 3, 'Empyreum', 15, 55, 1),
(6686, 3, 'Empyreum', 15, 56, 1),
(6687, 3, 'Empyreum', 15, 57, 2),
(6688, 3, 'Empyreum', 15, 58, 3),
(6689, 3, 'Empyreum', 15, 59, 1),
(6690, 3, 'Empyreum', 15, 60, 2),
(6691, 3, 'Empyreum', 16, 1, 2),
(6692, 3, 'Empyreum', 16, 2, 1),
(6693, 3, 'Empyreum', 16, 3, 3),
(6694, 3, 'Empyreum', 16, 4, 1),
(6695, 3, 'Empyreum', 16, 5, 2),
(6696, 3, 'Empyreum', 16, 6, 3),
(6697, 3, 'Empyreum', 16, 7, 1),
(6698, 3, 'Empyreum', 16, 8, 1),
(6699, 3, 'Empyreum', 16, 9, 1),
(6700, 3, 'Empyreum', 16, 10, 1),
(6701, 3, 'Empyreum', 16, 11, 2),
(6702, 3, 'Empyreum', 16, 12, 1),
(6703, 3, 'Empyreum', 16, 13, 1),
(6704, 3, 'Empyreum', 16, 14, 1),
(6705, 3, 'Empyreum', 16, 15, 1),
(6706, 3, 'Empyreum', 16, 16, 2),
(6707, 3, 'Empyreum', 16, 17, 1),
(6708, 3, 'Empyreum', 16, 18, 1),
(6709, 3, 'Empyreum', 16, 19, 1),
(6710, 3, 'Empyreum', 16, 20, 1),
(6711, 3, 'Empyreum', 16, 21, 2),
(6712, 3, 'Empyreum', 16, 22, 1),
(6713, 3, 'Empyreum', 16, 23, 1),
(6714, 3, 'Empyreum', 16, 24, 1),
(6715, 3, 'Empyreum', 16, 25, 1),
(6716, 3, 'Empyreum', 16, 26, 1),
(6717, 3, 'Empyreum', 16, 27, 2),
(6718, 3, 'Empyreum', 16, 28, 3),
(6719, 3, 'Empyreum', 16, 29, 1),
(6720, 3, 'Empyreum', 16, 30, 2),
(6721, 3, 'Empyreum', 16, 31, 2),
(6722, 3, 'Empyreum', 16, 32, 1),
(6723, 3, 'Empyreum', 16, 33, 3),
(6724, 3, 'Empyreum', 16, 34, 1),
(6725, 3, 'Empyreum', 16, 35, 2),
(6726, 3, 'Empyreum', 16, 36, 3),
(6727, 3, 'Empyreum', 16, 37, 1),
(6728, 3, 'Empyreum', 16, 38, 1),
(6729, 3, 'Empyreum', 16, 39, 1),
(6730, 3, 'Empyreum', 16, 40, 1),
(6731, 3, 'Empyreum', 16, 41, 2),
(6732, 3, 'Empyreum', 16, 42, 1),
(6733, 3, 'Empyreum', 16, 43, 1),
(6734, 3, 'Empyreum', 16, 44, 1),
(6735, 3, 'Empyreum', 16, 45, 1),
(6736, 3, 'Empyreum', 16, 46, 2),
(6737, 3, 'Empyreum', 16, 47, 1),
(6738, 3, 'Empyreum', 16, 48, 1),
(6739, 3, 'Empyreum', 16, 49, 1),
(6740, 3, 'Empyreum', 16, 50, 1),
(6741, 3, 'Empyreum', 16, 51, 2),
(6742, 3, 'Empyreum', 16, 52, 1),
(6743, 3, 'Empyreum', 16, 53, 1),
(6744, 3, 'Empyreum', 16, 54, 1),
(6745, 3, 'Empyreum', 16, 55, 1),
(6746, 3, 'Empyreum', 16, 56, 1),
(6747, 3, 'Empyreum', 16, 57, 2),
(6748, 3, 'Empyreum', 16, 58, 3),
(6749, 3, 'Empyreum', 16, 59, 1),
(6750, 3, 'Empyreum', 16, 60, 2),
(6751, 3, 'Empyreum', 17, 1, 2),
(6752, 3, 'Empyreum', 17, 2, 1),
(6753, 3, 'Empyreum', 17, 3, 3),
(6754, 3, 'Empyreum', 17, 4, 1),
(6755, 3, 'Empyreum', 17, 5, 2),
(6756, 3, 'Empyreum', 17, 6, 3),
(6757, 3, 'Empyreum', 17, 7, 1),
(6758, 3, 'Empyreum', 17, 8, 1),
(6759, 3, 'Empyreum', 17, 9, 1),
(6760, 3, 'Empyreum', 17, 10, 1),
(6761, 3, 'Empyreum', 17, 11, 2),
(6762, 3, 'Empyreum', 17, 12, 1),
(6763, 3, 'Empyreum', 17, 13, 1),
(6764, 3, 'Empyreum', 17, 14, 1),
(6765, 3, 'Empyreum', 17, 15, 1),
(6766, 3, 'Empyreum', 17, 16, 2),
(6767, 3, 'Empyreum', 17, 17, 1),
(6768, 3, 'Empyreum', 17, 18, 1),
(6769, 3, 'Empyreum', 17, 19, 1),
(6770, 3, 'Empyreum', 17, 20, 1),
(6771, 3, 'Empyreum', 17, 21, 2),
(6772, 3, 'Empyreum', 17, 22, 1),
(6773, 3, 'Empyreum', 17, 23, 1),
(6774, 3, 'Empyreum', 17, 24, 1),
(6775, 3, 'Empyreum', 17, 25, 1),
(6776, 3, 'Empyreum', 17, 26, 1),
(6777, 3, 'Empyreum', 17, 27, 2),
(6778, 3, 'Empyreum', 17, 28, 3),
(6779, 3, 'Empyreum', 17, 29, 1),
(6780, 3, 'Empyreum', 17, 30, 2),
(6781, 3, 'Empyreum', 17, 31, 2),
(6782, 3, 'Empyreum', 17, 32, 1),
(6783, 3, 'Empyreum', 17, 33, 3),
(6784, 3, 'Empyreum', 17, 34, 1),
(6785, 3, 'Empyreum', 17, 35, 2),
(6786, 3, 'Empyreum', 17, 36, 3),
(6787, 3, 'Empyreum', 17, 37, 1),
(6788, 3, 'Empyreum', 17, 38, 1),
(6789, 3, 'Empyreum', 17, 39, 1),
(6790, 3, 'Empyreum', 17, 40, 1),
(6791, 3, 'Empyreum', 17, 41, 2),
(6792, 3, 'Empyreum', 17, 42, 1),
(6793, 3, 'Empyreum', 17, 43, 1),
(6794, 3, 'Empyreum', 17, 44, 1),
(6795, 3, 'Empyreum', 17, 45, 1),
(6796, 3, 'Empyreum', 17, 46, 2),
(6797, 3, 'Empyreum', 17, 47, 1),
(6798, 3, 'Empyreum', 17, 48, 1),
(6799, 3, 'Empyreum', 17, 49, 1),
(6800, 3, 'Empyreum', 17, 50, 1),
(6801, 3, 'Empyreum', 17, 51, 2),
(6802, 3, 'Empyreum', 17, 52, 1),
(6803, 3, 'Empyreum', 17, 53, 1),
(6804, 3, 'Empyreum', 17, 54, 1),
(6805, 3, 'Empyreum', 17, 55, 1),
(6806, 3, 'Empyreum', 17, 56, 1),
(6807, 3, 'Empyreum', 17, 57, 2),
(6808, 3, 'Empyreum', 17, 58, 3),
(6809, 3, 'Empyreum', 17, 59, 1),
(6810, 3, 'Empyreum', 17, 60, 2),
(6811, 3, 'Empyreum', 18, 1, 2),
(6812, 3, 'Empyreum', 18, 2, 1),
(6813, 3, 'Empyreum', 18, 3, 3),
(6814, 3, 'Empyreum', 18, 4, 1),
(6815, 3, 'Empyreum', 18, 5, 2),
(6816, 3, 'Empyreum', 18, 6, 3),
(6817, 3, 'Empyreum', 18, 7, 1),
(6818, 3, 'Empyreum', 18, 8, 1),
(6819, 3, 'Empyreum', 18, 9, 1),
(6820, 3, 'Empyreum', 18, 10, 1),
(6821, 3, 'Empyreum', 18, 11, 2),
(6822, 3, 'Empyreum', 18, 12, 1),
(6823, 3, 'Empyreum', 18, 13, 1),
(6824, 3, 'Empyreum', 18, 14, 1),
(6825, 3, 'Empyreum', 18, 15, 1),
(6826, 3, 'Empyreum', 18, 16, 2),
(6827, 3, 'Empyreum', 18, 17, 1),
(6828, 3, 'Empyreum', 18, 18, 1),
(6829, 3, 'Empyreum', 18, 19, 1),
(6830, 3, 'Empyreum', 18, 20, 1),
(6831, 3, 'Empyreum', 18, 21, 2),
(6832, 3, 'Empyreum', 18, 22, 1),
(6833, 3, 'Empyreum', 18, 23, 1),
(6834, 3, 'Empyreum', 18, 24, 1),
(6835, 3, 'Empyreum', 18, 25, 1),
(6836, 3, 'Empyreum', 18, 26, 1),
(6837, 3, 'Empyreum', 18, 27, 2),
(6838, 3, 'Empyreum', 18, 28, 3),
(6839, 3, 'Empyreum', 18, 29, 1),
(6840, 3, 'Empyreum', 18, 30, 2),
(6841, 3, 'Empyreum', 18, 31, 2),
(6842, 3, 'Empyreum', 18, 32, 1),
(6843, 3, 'Empyreum', 18, 33, 3),
(6844, 3, 'Empyreum', 18, 34, 1),
(6845, 3, 'Empyreum', 18, 35, 2),
(6846, 3, 'Empyreum', 18, 36, 3),
(6847, 3, 'Empyreum', 18, 37, 1),
(6848, 3, 'Empyreum', 18, 38, 1),
(6849, 3, 'Empyreum', 18, 39, 1),
(6850, 3, 'Empyreum', 18, 40, 1),
(6851, 3, 'Empyreum', 18, 41, 2),
(6852, 3, 'Empyreum', 18, 42, 1),
(6853, 3, 'Empyreum', 18, 43, 1),
(6854, 3, 'Empyreum', 18, 44, 1),
(6855, 3, 'Empyreum', 18, 45, 1),
(6856, 3, 'Empyreum', 18, 46, 2),
(6857, 3, 'Empyreum', 18, 47, 1),
(6858, 3, 'Empyreum', 18, 48, 1),
(6859, 3, 'Empyreum', 18, 49, 1),
(6860, 3, 'Empyreum', 18, 50, 1),
(6861, 3, 'Empyreum', 18, 51, 2),
(6862, 3, 'Empyreum', 18, 52, 1),
(6863, 3, 'Empyreum', 18, 53, 1),
(6864, 3, 'Empyreum', 18, 54, 1),
(6865, 3, 'Empyreum', 18, 55, 1),
(6866, 3, 'Empyreum', 18, 56, 1),
(6867, 3, 'Empyreum', 18, 57, 2),
(6868, 3, 'Empyreum', 18, 58, 3),
(6869, 3, 'Empyreum', 18, 59, 1),
(6870, 3, 'Empyreum', 18, 60, 2),
(6871, 3, 'Empyreum', 19, 1, 2),
(6872, 3, 'Empyreum', 19, 2, 1),
(6873, 3, 'Empyreum', 19, 3, 3),
(6874, 3, 'Empyreum', 19, 4, 1),
(6875, 3, 'Empyreum', 19, 5, 2),
(6876, 3, 'Empyreum', 19, 6, 3),
(6877, 3, 'Empyreum', 19, 7, 1),
(6878, 3, 'Empyreum', 19, 8, 1),
(6879, 3, 'Empyreum', 19, 9, 1),
(6880, 3, 'Empyreum', 19, 10, 1),
(6881, 3, 'Empyreum', 19, 11, 2),
(6882, 3, 'Empyreum', 19, 12, 1),
(6883, 3, 'Empyreum', 19, 13, 1),
(6884, 3, 'Empyreum', 19, 14, 1),
(6885, 3, 'Empyreum', 19, 15, 1),
(6886, 3, 'Empyreum', 19, 16, 2),
(6887, 3, 'Empyreum', 19, 17, 1),
(6888, 3, 'Empyreum', 19, 18, 1),
(6889, 3, 'Empyreum', 19, 19, 1),
(6890, 3, 'Empyreum', 19, 20, 1),
(6891, 3, 'Empyreum', 19, 21, 2),
(6892, 3, 'Empyreum', 19, 22, 1),
(6893, 3, 'Empyreum', 19, 23, 1),
(6894, 3, 'Empyreum', 19, 24, 1),
(6895, 3, 'Empyreum', 19, 25, 1),
(6896, 3, 'Empyreum', 19, 26, 1),
(6897, 3, 'Empyreum', 19, 27, 2),
(6898, 3, 'Empyreum', 19, 28, 3),
(6899, 3, 'Empyreum', 19, 29, 1),
(6900, 3, 'Empyreum', 19, 30, 2),
(6901, 3, 'Empyreum', 19, 31, 2),
(6902, 3, 'Empyreum', 19, 32, 1),
(6903, 3, 'Empyreum', 19, 33, 3),
(6904, 3, 'Empyreum', 19, 34, 1),
(6905, 3, 'Empyreum', 19, 35, 2),
(6906, 3, 'Empyreum', 19, 36, 3),
(6907, 3, 'Empyreum', 19, 37, 1),
(6908, 3, 'Empyreum', 19, 38, 1),
(6909, 3, 'Empyreum', 19, 39, 1),
(6910, 3, 'Empyreum', 19, 40, 1),
(6911, 3, 'Empyreum', 19, 41, 2),
(6912, 3, 'Empyreum', 19, 42, 1),
(6913, 3, 'Empyreum', 19, 43, 1),
(6914, 3, 'Empyreum', 19, 44, 1),
(6915, 3, 'Empyreum', 19, 45, 1),
(6916, 3, 'Empyreum', 19, 46, 2),
(6917, 3, 'Empyreum', 19, 47, 1),
(6918, 3, 'Empyreum', 19, 48, 1),
(6919, 3, 'Empyreum', 19, 49, 1),
(6920, 3, 'Empyreum', 19, 50, 1),
(6921, 3, 'Empyreum', 19, 51, 2),
(6922, 3, 'Empyreum', 19, 52, 1),
(6923, 3, 'Empyreum', 19, 53, 1),
(6924, 3, 'Empyreum', 19, 54, 1),
(6925, 3, 'Empyreum', 19, 55, 1),
(6926, 3, 'Empyreum', 19, 56, 1),
(6927, 3, 'Empyreum', 19, 57, 2),
(6928, 3, 'Empyreum', 19, 58, 3),
(6929, 3, 'Empyreum', 19, 59, 1),
(6930, 3, 'Empyreum', 19, 60, 2),
(6931, 3, 'Empyreum', 20, 1, 2),
(6932, 3, 'Empyreum', 20, 2, 1),
(6933, 3, 'Empyreum', 20, 3, 3),
(6934, 3, 'Empyreum', 20, 4, 1),
(6935, 3, 'Empyreum', 20, 5, 2),
(6936, 3, 'Empyreum', 20, 6, 3),
(6937, 3, 'Empyreum', 20, 7, 1),
(6938, 3, 'Empyreum', 20, 8, 1),
(6939, 3, 'Empyreum', 20, 9, 1),
(6940, 3, 'Empyreum', 20, 10, 1),
(6941, 3, 'Empyreum', 20, 11, 2),
(6942, 3, 'Empyreum', 20, 12, 1),
(6943, 3, 'Empyreum', 20, 13, 1),
(6944, 3, 'Empyreum', 20, 14, 1),
(6945, 3, 'Empyreum', 20, 15, 1),
(6946, 3, 'Empyreum', 20, 16, 2),
(6947, 3, 'Empyreum', 20, 17, 1),
(6948, 3, 'Empyreum', 20, 18, 1),
(6949, 3, 'Empyreum', 20, 19, 1),
(6950, 3, 'Empyreum', 20, 20, 1),
(6951, 3, 'Empyreum', 20, 21, 2),
(6952, 3, 'Empyreum', 20, 22, 1),
(6953, 3, 'Empyreum', 20, 23, 1),
(6954, 3, 'Empyreum', 20, 24, 1),
(6955, 3, 'Empyreum', 20, 25, 1),
(6956, 3, 'Empyreum', 20, 26, 1),
(6957, 3, 'Empyreum', 20, 27, 2),
(6958, 3, 'Empyreum', 20, 28, 3),
(6959, 3, 'Empyreum', 20, 29, 1),
(6960, 3, 'Empyreum', 20, 30, 2),
(6961, 3, 'Empyreum', 20, 31, 2),
(6962, 3, 'Empyreum', 20, 32, 1),
(6963, 3, 'Empyreum', 20, 33, 3),
(6964, 3, 'Empyreum', 20, 34, 1),
(6965, 3, 'Empyreum', 20, 35, 2),
(6966, 3, 'Empyreum', 20, 36, 3),
(6967, 3, 'Empyreum', 20, 37, 1),
(6968, 3, 'Empyreum', 20, 38, 1),
(6969, 3, 'Empyreum', 20, 39, 1),
(6970, 3, 'Empyreum', 20, 40, 1),
(6971, 3, 'Empyreum', 20, 41, 2),
(6972, 3, 'Empyreum', 20, 42, 1),
(6973, 3, 'Empyreum', 20, 43, 1),
(6974, 3, 'Empyreum', 20, 44, 1),
(6975, 3, 'Empyreum', 20, 45, 1),
(6976, 3, 'Empyreum', 20, 46, 2),
(6977, 3, 'Empyreum', 20, 47, 1),
(6978, 3, 'Empyreum', 20, 48, 1),
(6979, 3, 'Empyreum', 20, 49, 1),
(6980, 3, 'Empyreum', 20, 50, 1),
(6981, 3, 'Empyreum', 20, 51, 2),
(6982, 3, 'Empyreum', 20, 52, 1),
(6983, 3, 'Empyreum', 20, 53, 1),
(6984, 3, 'Empyreum', 20, 54, 1),
(6985, 3, 'Empyreum', 20, 55, 1),
(6986, 3, 'Empyreum', 20, 56, 1),
(6987, 3, 'Empyreum', 20, 57, 2),
(6988, 3, 'Empyreum', 20, 58, 3),
(6989, 3, 'Empyreum', 20, 59, 1),
(6990, 3, 'Empyreum', 20, 60, 2),
(6991, 3, 'Empyreum', 21, 1, 2),
(6992, 3, 'Empyreum', 21, 2, 1),
(6993, 3, 'Empyreum', 21, 3, 3),
(6994, 3, 'Empyreum', 21, 4, 1),
(6995, 3, 'Empyreum', 21, 5, 2),
(6996, 3, 'Empyreum', 21, 6, 3),
(6997, 3, 'Empyreum', 21, 7, 1),
(6998, 3, 'Empyreum', 21, 8, 1),
(6999, 3, 'Empyreum', 21, 9, 1),
(7000, 3, 'Empyreum', 21, 10, 1),
(7001, 3, 'Empyreum', 21, 11, 2),
(7002, 3, 'Empyreum', 21, 12, 1),
(7003, 3, 'Empyreum', 21, 13, 1),
(7004, 3, 'Empyreum', 21, 14, 1),
(7005, 3, 'Empyreum', 21, 15, 1),
(7006, 3, 'Empyreum', 21, 16, 2),
(7007, 3, 'Empyreum', 21, 17, 1),
(7008, 3, 'Empyreum', 21, 18, 1),
(7009, 3, 'Empyreum', 21, 19, 1),
(7010, 3, 'Empyreum', 21, 20, 1),
(7011, 3, 'Empyreum', 21, 21, 2),
(7012, 3, 'Empyreum', 21, 22, 1),
(7013, 3, 'Empyreum', 21, 23, 1),
(7014, 3, 'Empyreum', 21, 24, 1),
(7015, 3, 'Empyreum', 21, 25, 1),
(7016, 3, 'Empyreum', 21, 26, 1),
(7017, 3, 'Empyreum', 21, 27, 2),
(7018, 3, 'Empyreum', 21, 28, 3),
(7019, 3, 'Empyreum', 21, 29, 1),
(7020, 3, 'Empyreum', 21, 30, 2),
(7021, 3, 'Empyreum', 21, 31, 2),
(7022, 3, 'Empyreum', 21, 32, 1),
(7023, 3, 'Empyreum', 21, 33, 3),
(7024, 3, 'Empyreum', 21, 34, 1),
(7025, 3, 'Empyreum', 21, 35, 2),
(7026, 3, 'Empyreum', 21, 36, 3),
(7027, 3, 'Empyreum', 21, 37, 1),
(7028, 3, 'Empyreum', 21, 38, 1),
(7029, 3, 'Empyreum', 21, 39, 1),
(7030, 3, 'Empyreum', 21, 40, 1),
(7031, 3, 'Empyreum', 21, 41, 2),
(7032, 3, 'Empyreum', 21, 42, 1),
(7033, 3, 'Empyreum', 21, 43, 1),
(7034, 3, 'Empyreum', 21, 44, 1),
(7035, 3, 'Empyreum', 21, 45, 1),
(7036, 3, 'Empyreum', 21, 46, 2),
(7037, 3, 'Empyreum', 21, 47, 1),
(7038, 3, 'Empyreum', 21, 48, 1),
(7039, 3, 'Empyreum', 21, 49, 1),
(7040, 3, 'Empyreum', 21, 50, 1),
(7041, 3, 'Empyreum', 21, 51, 2),
(7042, 3, 'Empyreum', 21, 52, 1),
(7043, 3, 'Empyreum', 21, 53, 1),
(7044, 3, 'Empyreum', 21, 54, 1),
(7045, 3, 'Empyreum', 21, 55, 1),
(7046, 3, 'Empyreum', 21, 56, 1),
(7047, 3, 'Empyreum', 21, 57, 2),
(7048, 3, 'Empyreum', 21, 58, 3),
(7049, 3, 'Empyreum', 21, 59, 1),
(7050, 3, 'Empyreum', 21, 60, 2),
(7051, 3, 'Empyreum', 22, 1, 2),
(7052, 3, 'Empyreum', 22, 2, 1),
(7053, 3, 'Empyreum', 22, 3, 3),
(7054, 3, 'Empyreum', 22, 4, 1),
(7055, 3, 'Empyreum', 22, 5, 2),
(7056, 3, 'Empyreum', 22, 6, 3),
(7057, 3, 'Empyreum', 22, 7, 1),
(7058, 3, 'Empyreum', 22, 8, 1),
(7059, 3, 'Empyreum', 22, 9, 1),
(7060, 3, 'Empyreum', 22, 10, 1),
(7061, 3, 'Empyreum', 22, 11, 2),
(7062, 3, 'Empyreum', 22, 12, 1),
(7063, 3, 'Empyreum', 22, 13, 1),
(7064, 3, 'Empyreum', 22, 14, 1),
(7065, 3, 'Empyreum', 22, 15, 1),
(7066, 3, 'Empyreum', 22, 16, 2),
(7067, 3, 'Empyreum', 22, 17, 1),
(7068, 3, 'Empyreum', 22, 18, 1),
(7069, 3, 'Empyreum', 22, 19, 1),
(7070, 3, 'Empyreum', 22, 20, 1),
(7071, 3, 'Empyreum', 22, 21, 2),
(7072, 3, 'Empyreum', 22, 22, 1),
(7073, 3, 'Empyreum', 22, 23, 1),
(7074, 3, 'Empyreum', 22, 24, 1),
(7075, 3, 'Empyreum', 22, 25, 1),
(7076, 3, 'Empyreum', 22, 26, 1),
(7077, 3, 'Empyreum', 22, 27, 2),
(7078, 3, 'Empyreum', 22, 28, 3),
(7079, 3, 'Empyreum', 22, 29, 1),
(7080, 3, 'Empyreum', 22, 30, 2),
(7081, 3, 'Empyreum', 22, 31, 2),
(7082, 3, 'Empyreum', 22, 32, 1),
(7083, 3, 'Empyreum', 22, 33, 3),
(7084, 3, 'Empyreum', 22, 34, 1),
(7085, 3, 'Empyreum', 22, 35, 2),
(7086, 3, 'Empyreum', 22, 36, 3),
(7087, 3, 'Empyreum', 22, 37, 1),
(7088, 3, 'Empyreum', 22, 38, 1),
(7089, 3, 'Empyreum', 22, 39, 1),
(7090, 3, 'Empyreum', 22, 40, 1),
(7091, 3, 'Empyreum', 22, 41, 2),
(7092, 3, 'Empyreum', 22, 42, 1),
(7093, 3, 'Empyreum', 22, 43, 1),
(7094, 3, 'Empyreum', 22, 44, 1),
(7095, 3, 'Empyreum', 22, 45, 1),
(7096, 3, 'Empyreum', 22, 46, 2),
(7097, 3, 'Empyreum', 22, 47, 1),
(7098, 3, 'Empyreum', 22, 48, 1),
(7099, 3, 'Empyreum', 22, 49, 1),
(7100, 3, 'Empyreum', 22, 50, 1),
(7101, 3, 'Empyreum', 22, 51, 2),
(7102, 3, 'Empyreum', 22, 52, 1),
(7103, 3, 'Empyreum', 22, 53, 1),
(7104, 3, 'Empyreum', 22, 54, 1),
(7105, 3, 'Empyreum', 22, 55, 1),
(7106, 3, 'Empyreum', 22, 56, 1),
(7107, 3, 'Empyreum', 22, 57, 2),
(7108, 3, 'Empyreum', 22, 58, 3),
(7109, 3, 'Empyreum', 22, 59, 1),
(7110, 3, 'Empyreum', 22, 60, 2),
(7111, 3, 'Empyreum', 23, 1, 2),
(7112, 3, 'Empyreum', 23, 2, 1),
(7113, 3, 'Empyreum', 23, 3, 3),
(7114, 3, 'Empyreum', 23, 4, 1),
(7115, 3, 'Empyreum', 23, 5, 2),
(7116, 3, 'Empyreum', 23, 6, 3),
(7117, 3, 'Empyreum', 23, 7, 1),
(7118, 3, 'Empyreum', 23, 8, 1),
(7119, 3, 'Empyreum', 23, 9, 1),
(7120, 3, 'Empyreum', 23, 10, 1),
(7121, 3, 'Empyreum', 23, 11, 2),
(7122, 3, 'Empyreum', 23, 12, 1),
(7123, 3, 'Empyreum', 23, 13, 1),
(7124, 3, 'Empyreum', 23, 14, 1),
(7125, 3, 'Empyreum', 23, 15, 1),
(7126, 3, 'Empyreum', 23, 16, 2),
(7127, 3, 'Empyreum', 23, 17, 1),
(7128, 3, 'Empyreum', 23, 18, 1),
(7129, 3, 'Empyreum', 23, 19, 1),
(7130, 3, 'Empyreum', 23, 20, 1),
(7131, 3, 'Empyreum', 23, 21, 2),
(7132, 3, 'Empyreum', 23, 22, 1),
(7133, 3, 'Empyreum', 23, 23, 1),
(7134, 3, 'Empyreum', 23, 24, 1),
(7135, 3, 'Empyreum', 23, 25, 1),
(7136, 3, 'Empyreum', 23, 26, 1),
(7137, 3, 'Empyreum', 23, 27, 2),
(7138, 3, 'Empyreum', 23, 28, 3),
(7139, 3, 'Empyreum', 23, 29, 1),
(7140, 3, 'Empyreum', 23, 30, 2),
(7141, 3, 'Empyreum', 23, 31, 2),
(7142, 3, 'Empyreum', 23, 32, 1),
(7143, 3, 'Empyreum', 23, 33, 3),
(7144, 3, 'Empyreum', 23, 34, 1),
(7145, 3, 'Empyreum', 23, 35, 2),
(7146, 3, 'Empyreum', 23, 36, 3),
(7147, 3, 'Empyreum', 23, 37, 1),
(7148, 3, 'Empyreum', 23, 38, 1),
(7149, 3, 'Empyreum', 23, 39, 1),
(7150, 3, 'Empyreum', 23, 40, 1),
(7151, 3, 'Empyreum', 23, 41, 2),
(7152, 3, 'Empyreum', 23, 42, 1),
(7153, 3, 'Empyreum', 23, 43, 1),
(7154, 3, 'Empyreum', 23, 44, 1),
(7155, 3, 'Empyreum', 23, 45, 1),
(7156, 3, 'Empyreum', 23, 46, 2),
(7157, 3, 'Empyreum', 23, 47, 1),
(7158, 3, 'Empyreum', 23, 48, 1),
(7159, 3, 'Empyreum', 23, 49, 1),
(7160, 3, 'Empyreum', 23, 50, 1),
(7161, 3, 'Empyreum', 23, 51, 2),
(7162, 3, 'Empyreum', 23, 52, 1),
(7163, 3, 'Empyreum', 23, 53, 1),
(7164, 3, 'Empyreum', 23, 54, 1),
(7165, 3, 'Empyreum', 23, 55, 1),
(7166, 3, 'Empyreum', 23, 56, 1),
(7167, 3, 'Empyreum', 23, 57, 2),
(7168, 3, 'Empyreum', 23, 58, 3),
(7169, 3, 'Empyreum', 23, 59, 1),
(7170, 3, 'Empyreum', 23, 60, 2),
(7171, 3, 'Empyreum', 24, 1, 2),
(7172, 3, 'Empyreum', 24, 2, 1),
(7173, 3, 'Empyreum', 24, 3, 3),
(7174, 3, 'Empyreum', 24, 4, 1),
(7175, 3, 'Empyreum', 24, 5, 2),
(7176, 3, 'Empyreum', 24, 6, 3),
(7177, 3, 'Empyreum', 24, 7, 1),
(7178, 3, 'Empyreum', 24, 8, 1),
(7179, 3, 'Empyreum', 24, 9, 1),
(7180, 3, 'Empyreum', 24, 10, 1),
(7181, 3, 'Empyreum', 24, 11, 2),
(7182, 3, 'Empyreum', 24, 12, 1),
(7183, 3, 'Empyreum', 24, 13, 1),
(7184, 3, 'Empyreum', 24, 14, 1),
(7185, 3, 'Empyreum', 24, 15, 1),
(7186, 3, 'Empyreum', 24, 16, 2),
(7187, 3, 'Empyreum', 24, 17, 1),
(7188, 3, 'Empyreum', 24, 18, 1),
(7189, 3, 'Empyreum', 24, 19, 1),
(7190, 3, 'Empyreum', 24, 20, 1),
(7191, 3, 'Empyreum', 24, 21, 2),
(7192, 3, 'Empyreum', 24, 22, 1),
(7193, 3, 'Empyreum', 24, 23, 1),
(7194, 3, 'Empyreum', 24, 24, 1),
(7195, 3, 'Empyreum', 24, 25, 1),
(7196, 3, 'Empyreum', 24, 26, 1),
(7197, 3, 'Empyreum', 24, 27, 2),
(7198, 3, 'Empyreum', 24, 28, 3),
(7199, 3, 'Empyreum', 24, 29, 1),
(7200, 3, 'Empyreum', 24, 30, 2),
(7201, 3, 'Empyreum', 24, 31, 2),
(7202, 3, 'Empyreum', 24, 32, 1),
(7203, 3, 'Empyreum', 24, 33, 3),
(7204, 3, 'Empyreum', 24, 34, 1),
(7205, 3, 'Empyreum', 24, 35, 2),
(7206, 3, 'Empyreum', 24, 36, 3),
(7207, 3, 'Empyreum', 24, 37, 1),
(7208, 3, 'Empyreum', 24, 38, 1),
(7209, 3, 'Empyreum', 24, 39, 1),
(7210, 3, 'Empyreum', 24, 40, 1),
(7211, 3, 'Empyreum', 24, 41, 2),
(7212, 3, 'Empyreum', 24, 42, 1),
(7213, 3, 'Empyreum', 24, 43, 1),
(7214, 3, 'Empyreum', 24, 44, 1),
(7215, 3, 'Empyreum', 24, 45, 1),
(7216, 3, 'Empyreum', 24, 46, 2),
(7217, 3, 'Empyreum', 24, 47, 1),
(7218, 3, 'Empyreum', 24, 48, 1),
(7219, 3, 'Empyreum', 24, 49, 1),
(7220, 3, 'Empyreum', 24, 50, 1),
(7221, 3, 'Empyreum', 24, 51, 2),
(7222, 3, 'Empyreum', 24, 52, 1),
(7223, 3, 'Empyreum', 24, 53, 1),
(7224, 3, 'Empyreum', 24, 54, 1),
(7225, 3, 'Empyreum', 24, 55, 1),
(7226, 3, 'Empyreum', 24, 56, 1),
(7227, 3, 'Empyreum', 24, 57, 2),
(7228, 3, 'Empyreum', 24, 58, 3),
(7229, 3, 'Empyreum', 24, 59, 1),
(7230, 3, 'Empyreum', 24, 60, 2);

INSERT IGNORE INTO `ffxiv__grandcompany` (`gc_id`, `gc_name`) VALUES
(3, 'Immortal Flames'),
(1, 'Maelstrom'),
(0, 'No Affiliation'),
(2, 'Order of the Twin Adder');

INSERT IGNORE INTO `ffxiv__grandcompany_rank` (`gc_rank_id`, `gc_id`, `gc_rank`) VALUES
(1, 3, 'Chief Flame Sergeant'),
(2, 2, 'Chief Serpent Sergeant'),
(3, 1, 'Chief Storm Sergeant'),
(4, 3, 'First Flame Lieutenant'),
(5, 2, 'First Serpent Lieutenant'),
(6, 1, 'First Storm Lieutenant'),
(7, 3, 'Flame Corporal'),
(8, 3, 'Flame Private First Class'),
(9, 3, 'Flame Private Second Class'),
(10, 3, 'Flame Private Third Class'),
(11, 3, 'Flame Sergeant First Class'),
(12, 3, 'Flame Sergeant Second Class'),
(13, 3, 'Flame Sergeant Third Class'),
(14, 3, 'Second Flame Lieutenant'),
(15, 2, 'Second Serpent Lieutenant'),
(16, 1, 'Second Storm Lieutenant'),
(17, 2, 'Serpent Corporal'),
(18, 2, 'Serpent Private First Class'),
(19, 2, 'Serpent Private Second Class'),
(20, 2, 'Serpent Private Third Class'),
(21, 2, 'Serpent Sergeant First Class'),
(22, 2, 'Serpent Sergeant Second Class'),
(23, 2, 'Serpent Sergeant Third Class'),
(24, 1, 'Storm Corporal'),
(25, 1, 'Storm Private First Class'),
(26, 1, 'Storm Private Second Class'),
(27, 1, 'Storm Private Third Class'),
(28, 1, 'Storm Sergeant First Class'),
(29, 1, 'Storm Sergeant Second Class'),
(30, 1, 'Storm Sergeant Third Class'),
(31, 1, 'Storm Captain'),
(32, 3, 'Flame Captain'),
(33, 2, 'Serpent Captain'),
(34, 3, 'Second Flame Commander'),
(35, 3, 'First Flame Commander'),
(36, 3, 'High Flame Commander'),
(37, 3, 'Rear Flame Marshal'),
(38, 3, 'Vice Flame Marshal'),
(39, 3, 'Flame Marshal'),
(40, 3, 'Grand Flame Marshal'),
(41, 3, 'Flame Champion'),
(42, 2, 'Second Serpent Commander'),
(43, 2, 'First Serpent Commander'),
(44, 2, 'High Serpent Commander'),
(45, 2, 'Rear Serpent Marshal'),
(46, 2, 'Vice Serpent Marshal'),
(47, 2, 'Serpent Marshal'),
(48, 2, 'Grand Serpent Marshal'),
(49, 2, 'Serpent Champion'),
(50, 1, 'Second Storm Commander'),
(51, 1, 'First Storm Commander'),
(52, 1, 'High Storm Commander'),
(53, 1, 'Rear Storm Marshal'),
(54, 1, 'Vice Storm Marshal'),
(55, 1, 'Storm Marshal'),
(56, 1, 'Grand Storm Marshal'),
(57, 1, 'Storm Champion');

INSERT IGNORE INTO `ffxiv__guardian` (`guardian_id`, `guardian`) VALUES
(1, 'Althyk, the Keeper'),
(2, 'Azeyma, the Warden'),
(3, 'Byregot, the Builder'),
(4, 'Halone, the Fury'),
(5, 'Llymlaen, the Navigator'),
(6, 'Menphina, the Lover'),
(7, 'Nald\'thal, the Traders'),
(8, 'Nophica, the Matron'),
(9, 'Nymeia, the Spinner'),
(10, 'Oschon, the Wanderer'),
(11, 'Rhalgr, the Destroyer'),
(12, 'Thaliak, the Scholar');

INSERT IGNORE INTO `ffxiv__nameday` (`nameday_id`, `nameday`) VALUES
(10, '10th Sun of the 1st Astral Moon'),
(42, '10th Sun of the 1st Umbral Moon'),
(74, '10th Sun of the 2nd Astral Moon'),
(106, '10th Sun of the 2nd Umbral Moon'),
(138, '10th Sun of the 3rd Astral Moon'),
(170, '10th Sun of the 3rd Umbral Moon'),
(202, '10th Sun of the 4th Astral Moon'),
(234, '10th Sun of the 4th Umbral Moon'),
(266, '10th Sun of the 5th Astral Moon'),
(298, '10th Sun of the 5th Umbral Moon'),
(330, '10th Sun of the 6th Astral Moon'),
(362, '10th Sun of the 6th Umbral Moon'),
(11, '11th Sun of the 1st Astral Moon'),
(43, '11th Sun of the 1st Umbral Moon'),
(75, '11th Sun of the 2nd Astral Moon'),
(107, '11th Sun of the 2nd Umbral Moon'),
(139, '11th Sun of the 3rd Astral Moon'),
(171, '11th Sun of the 3rd Umbral Moon'),
(203, '11th Sun of the 4th Astral Moon'),
(235, '11th Sun of the 4th Umbral Moon'),
(267, '11th Sun of the 5th Astral Moon'),
(299, '11th Sun of the 5th Umbral Moon'),
(331, '11th Sun of the 6th Astral Moon'),
(363, '11th Sun of the 6th Umbral Moon'),
(12, '12th Sun of the 1st Astral Moon'),
(44, '12th Sun of the 1st Umbral Moon'),
(76, '12th Sun of the 2nd Astral Moon'),
(108, '12th Sun of the 2nd Umbral Moon'),
(140, '12th Sun of the 3rd Astral Moon'),
(172, '12th Sun of the 3rd Umbral Moon'),
(204, '12th Sun of the 4th Astral Moon'),
(236, '12th Sun of the 4th Umbral Moon'),
(268, '12th Sun of the 5th Astral Moon'),
(300, '12th Sun of the 5th Umbral Moon'),
(332, '12th Sun of the 6th Astral Moon'),
(364, '12th Sun of the 6th Umbral Moon'),
(13, '13th Sun of the 1st Astral Moon'),
(45, '13th Sun of the 1st Umbral Moon'),
(77, '13th Sun of the 2nd Astral Moon'),
(109, '13th Sun of the 2nd Umbral Moon'),
(141, '13th Sun of the 3rd Astral Moon'),
(173, '13th Sun of the 3rd Umbral Moon'),
(205, '13th Sun of the 4th Astral Moon'),
(237, '13th Sun of the 4th Umbral Moon'),
(269, '13th Sun of the 5th Astral Moon'),
(301, '13th Sun of the 5th Umbral Moon'),
(333, '13th Sun of the 6th Astral Moon'),
(365, '13th Sun of the 6th Umbral Moon'),
(14, '14th Sun of the 1st Astral Moon'),
(46, '14th Sun of the 1st Umbral Moon'),
(78, '14th Sun of the 2nd Astral Moon'),
(110, '14th Sun of the 2nd Umbral Moon'),
(142, '14th Sun of the 3rd Astral Moon'),
(174, '14th Sun of the 3rd Umbral Moon'),
(206, '14th Sun of the 4th Astral Moon'),
(238, '14th Sun of the 4th Umbral Moon'),
(270, '14th Sun of the 5th Astral Moon'),
(302, '14th Sun of the 5th Umbral Moon'),
(334, '14th Sun of the 6th Astral Moon'),
(366, '14th Sun of the 6th Umbral Moon'),
(15, '15th Sun of the 1st Astral Moon'),
(47, '15th Sun of the 1st Umbral Moon'),
(79, '15th Sun of the 2nd Astral Moon'),
(111, '15th Sun of the 2nd Umbral Moon'),
(143, '15th Sun of the 3rd Astral Moon'),
(175, '15th Sun of the 3rd Umbral Moon'),
(207, '15th Sun of the 4th Astral Moon'),
(239, '15th Sun of the 4th Umbral Moon'),
(271, '15th Sun of the 5th Astral Moon'),
(303, '15th Sun of the 5th Umbral Moon'),
(335, '15th Sun of the 6th Astral Moon'),
(367, '15th Sun of the 6th Umbral Moon'),
(16, '16th Sun of the 1st Astral Moon'),
(48, '16th Sun of the 1st Umbral Moon'),
(80, '16th Sun of the 2nd Astral Moon'),
(112, '16th Sun of the 2nd Umbral Moon'),
(144, '16th Sun of the 3rd Astral Moon'),
(176, '16th Sun of the 3rd Umbral Moon'),
(208, '16th Sun of the 4th Astral Moon'),
(240, '16th Sun of the 4th Umbral Moon'),
(272, '16th Sun of the 5th Astral Moon'),
(304, '16th Sun of the 5th Umbral Moon'),
(336, '16th Sun of the 6th Astral Moon'),
(368, '16th Sun of the 6th Umbral Moon'),
(17, '17th Sun of the 1st Astral Moon'),
(49, '17th Sun of the 1st Umbral Moon'),
(81, '17th Sun of the 2nd Astral Moon'),
(113, '17th Sun of the 2nd Umbral Moon'),
(145, '17th Sun of the 3rd Astral Moon'),
(177, '17th Sun of the 3rd Umbral Moon'),
(209, '17th Sun of the 4th Astral Moon'),
(241, '17th Sun of the 4th Umbral Moon'),
(273, '17th Sun of the 5th Astral Moon'),
(305, '17th Sun of the 5th Umbral Moon'),
(337, '17th Sun of the 6th Astral Moon'),
(369, '17th Sun of the 6th Umbral Moon'),
(18, '18th Sun of the 1st Astral Moon'),
(50, '18th Sun of the 1st Umbral Moon'),
(82, '18th Sun of the 2nd Astral Moon'),
(114, '18th Sun of the 2nd Umbral Moon'),
(146, '18th Sun of the 3rd Astral Moon'),
(178, '18th Sun of the 3rd Umbral Moon'),
(210, '18th Sun of the 4th Astral Moon'),
(242, '18th Sun of the 4th Umbral Moon'),
(274, '18th Sun of the 5th Astral Moon'),
(306, '18th Sun of the 5th Umbral Moon'),
(338, '18th Sun of the 6th Astral Moon'),
(370, '18th Sun of the 6th Umbral Moon'),
(19, '19th Sun of the 1st Astral Moon'),
(51, '19th Sun of the 1st Umbral Moon'),
(83, '19th Sun of the 2nd Astral Moon'),
(115, '19th Sun of the 2nd Umbral Moon'),
(147, '19th Sun of the 3rd Astral Moon'),
(179, '19th Sun of the 3rd Umbral Moon'),
(211, '19th Sun of the 4th Astral Moon'),
(243, '19th Sun of the 4th Umbral Moon'),
(275, '19th Sun of the 5th Astral Moon'),
(307, '19th Sun of the 5th Umbral Moon'),
(339, '19th Sun of the 6th Astral Moon'),
(371, '19th Sun of the 6th Umbral Moon'),
(1, '1st Sun of the 1st Astral Moon'),
(33, '1st Sun of the 1st Umbral Moon'),
(65, '1st Sun of the 2nd Astral Moon'),
(97, '1st Sun of the 2nd Umbral Moon'),
(129, '1st Sun of the 3rd Astral Moon'),
(161, '1st Sun of the 3rd Umbral Moon'),
(193, '1st Sun of the 4th Astral Moon'),
(225, '1st Sun of the 4th Umbral Moon'),
(257, '1st Sun of the 5th Astral Moon'),
(289, '1st Sun of the 5th Umbral Moon'),
(321, '1st Sun of the 6th Astral Moon'),
(353, '1st Sun of the 6th Umbral Moon'),
(20, '20th Sun of the 1st Astral Moon'),
(52, '20th Sun of the 1st Umbral Moon'),
(84, '20th Sun of the 2nd Astral Moon'),
(116, '20th Sun of the 2nd Umbral Moon'),
(148, '20th Sun of the 3rd Astral Moon'),
(180, '20th Sun of the 3rd Umbral Moon'),
(212, '20th Sun of the 4th Astral Moon'),
(244, '20th Sun of the 4th Umbral Moon'),
(276, '20th Sun of the 5th Astral Moon'),
(308, '20th Sun of the 5th Umbral Moon'),
(340, '20th Sun of the 6th Astral Moon'),
(372, '20th Sun of the 6th Umbral Moon'),
(21, '21st Sun of the 1st Astral Moon'),
(53, '21st Sun of the 1st Umbral Moon'),
(85, '21st Sun of the 2nd Astral Moon'),
(117, '21st Sun of the 2nd Umbral Moon'),
(149, '21st Sun of the 3rd Astral Moon'),
(181, '21st Sun of the 3rd Umbral Moon'),
(213, '21st Sun of the 4th Astral Moon'),
(245, '21st Sun of the 4th Umbral Moon'),
(277, '21st Sun of the 5th Astral Moon'),
(309, '21st Sun of the 5th Umbral Moon'),
(341, '21st Sun of the 6th Astral Moon'),
(373, '21st Sun of the 6th Umbral Moon'),
(22, '22nd Sun of the 1st Astral Moon'),
(54, '22nd Sun of the 1st Umbral Moon'),
(86, '22nd Sun of the 2nd Astral Moon'),
(118, '22nd Sun of the 2nd Umbral Moon'),
(150, '22nd Sun of the 3rd Astral Moon'),
(182, '22nd Sun of the 3rd Umbral Moon'),
(214, '22nd Sun of the 4th Astral Moon'),
(246, '22nd Sun of the 4th Umbral Moon'),
(278, '22nd Sun of the 5th Astral Moon'),
(310, '22nd Sun of the 5th Umbral Moon'),
(342, '22nd Sun of the 6th Astral Moon'),
(374, '22nd Sun of the 6th Umbral Moon'),
(23, '23rd Sun of the 1st Astral Moon'),
(55, '23rd Sun of the 1st Umbral Moon'),
(87, '23rd Sun of the 2nd Astral Moon'),
(119, '23rd Sun of the 2nd Umbral Moon'),
(151, '23rd Sun of the 3rd Astral Moon'),
(183, '23rd Sun of the 3rd Umbral Moon'),
(215, '23rd Sun of the 4th Astral Moon'),
(247, '23rd Sun of the 4th Umbral Moon'),
(279, '23rd Sun of the 5th Astral Moon'),
(311, '23rd Sun of the 5th Umbral Moon'),
(343, '23rd Sun of the 6th Astral Moon'),
(375, '23rd Sun of the 6th Umbral Moon'),
(24, '24th Sun of the 1st Astral Moon'),
(56, '24th Sun of the 1st Umbral Moon'),
(88, '24th Sun of the 2nd Astral Moon'),
(120, '24th Sun of the 2nd Umbral Moon'),
(152, '24th Sun of the 3rd Astral Moon'),
(184, '24th Sun of the 3rd Umbral Moon'),
(216, '24th Sun of the 4th Astral Moon'),
(248, '24th Sun of the 4th Umbral Moon'),
(280, '24th Sun of the 5th Astral Moon'),
(312, '24th Sun of the 5th Umbral Moon'),
(344, '24th Sun of the 6th Astral Moon'),
(376, '24th Sun of the 6th Umbral Moon'),
(25, '25th Sun of the 1st Astral Moon'),
(57, '25th Sun of the 1st Umbral Moon'),
(89, '25th Sun of the 2nd Astral Moon'),
(121, '25th Sun of the 2nd Umbral Moon'),
(153, '25th Sun of the 3rd Astral Moon'),
(185, '25th Sun of the 3rd Umbral Moon'),
(217, '25th Sun of the 4th Astral Moon'),
(249, '25th Sun of the 4th Umbral Moon'),
(281, '25th Sun of the 5th Astral Moon'),
(313, '25th Sun of the 5th Umbral Moon'),
(345, '25th Sun of the 6th Astral Moon'),
(377, '25th Sun of the 6th Umbral Moon'),
(26, '26th Sun of the 1st Astral Moon'),
(58, '26th Sun of the 1st Umbral Moon'),
(90, '26th Sun of the 2nd Astral Moon'),
(122, '26th Sun of the 2nd Umbral Moon'),
(154, '26th Sun of the 3rd Astral Moon'),
(186, '26th Sun of the 3rd Umbral Moon'),
(218, '26th Sun of the 4th Astral Moon'),
(250, '26th Sun of the 4th Umbral Moon'),
(282, '26th Sun of the 5th Astral Moon'),
(314, '26th Sun of the 5th Umbral Moon'),
(346, '26th Sun of the 6th Astral Moon'),
(378, '26th Sun of the 6th Umbral Moon'),
(27, '27th Sun of the 1st Astral Moon'),
(59, '27th Sun of the 1st Umbral Moon'),
(91, '27th Sun of the 2nd Astral Moon'),
(123, '27th Sun of the 2nd Umbral Moon'),
(155, '27th Sun of the 3rd Astral Moon'),
(187, '27th Sun of the 3rd Umbral Moon'),
(219, '27th Sun of the 4th Astral Moon'),
(251, '27th Sun of the 4th Umbral Moon'),
(283, '27th Sun of the 5th Astral Moon'),
(315, '27th Sun of the 5th Umbral Moon'),
(347, '27th Sun of the 6th Astral Moon'),
(379, '27th Sun of the 6th Umbral Moon'),
(28, '28th Sun of the 1st Astral Moon'),
(60, '28th Sun of the 1st Umbral Moon'),
(92, '28th Sun of the 2nd Astral Moon'),
(124, '28th Sun of the 2nd Umbral Moon'),
(156, '28th Sun of the 3rd Astral Moon'),
(188, '28th Sun of the 3rd Umbral Moon'),
(220, '28th Sun of the 4th Astral Moon'),
(252, '28th Sun of the 4th Umbral Moon'),
(284, '28th Sun of the 5th Astral Moon'),
(316, '28th Sun of the 5th Umbral Moon'),
(348, '28th Sun of the 6th Astral Moon'),
(380, '28th Sun of the 6th Umbral Moon'),
(29, '29th Sun of the 1st Astral Moon'),
(61, '29th Sun of the 1st Umbral Moon'),
(93, '29th Sun of the 2nd Astral Moon'),
(125, '29th Sun of the 2nd Umbral Moon'),
(157, '29th Sun of the 3rd Astral Moon'),
(189, '29th Sun of the 3rd Umbral Moon'),
(221, '29th Sun of the 4th Astral Moon'),
(253, '29th Sun of the 4th Umbral Moon'),
(285, '29th Sun of the 5th Astral Moon'),
(317, '29th Sun of the 5th Umbral Moon'),
(349, '29th Sun of the 6th Astral Moon'),
(381, '29th Sun of the 6th Umbral Moon'),
(2, '2nd Sun of the 1st Astral Moon'),
(34, '2nd Sun of the 1st Umbral Moon'),
(66, '2nd Sun of the 2nd Astral Moon'),
(98, '2nd Sun of the 2nd Umbral Moon'),
(130, '2nd Sun of the 3rd Astral Moon'),
(162, '2nd Sun of the 3rd Umbral Moon'),
(194, '2nd Sun of the 4th Astral Moon'),
(226, '2nd Sun of the 4th Umbral Moon'),
(258, '2nd Sun of the 5th Astral Moon'),
(290, '2nd Sun of the 5th Umbral Moon'),
(322, '2nd Sun of the 6th Astral Moon'),
(354, '2nd Sun of the 6th Umbral Moon'),
(30, '30th Sun of the 1st Astral Moon'),
(62, '30th Sun of the 1st Umbral Moon'),
(94, '30th Sun of the 2nd Astral Moon'),
(126, '30th Sun of the 2nd Umbral Moon'),
(158, '30th Sun of the 3rd Astral Moon'),
(190, '30th Sun of the 3rd Umbral Moon'),
(222, '30th Sun of the 4th Astral Moon'),
(254, '30th Sun of the 4th Umbral Moon'),
(286, '30th Sun of the 5th Astral Moon'),
(318, '30th Sun of the 5th Umbral Moon'),
(350, '30th Sun of the 6th Astral Moon'),
(382, '30th Sun of the 6th Umbral Moon'),
(31, '31st Sun of the 1st Astral Moon'),
(63, '31st Sun of the 1st Umbral Moon'),
(95, '31st Sun of the 2nd Astral Moon'),
(127, '31st Sun of the 2nd Umbral Moon'),
(159, '31st Sun of the 3rd Astral Moon'),
(191, '31st Sun of the 3rd Umbral Moon'),
(223, '31st Sun of the 4th Astral Moon'),
(255, '31st Sun of the 4th Umbral Moon'),
(287, '31st Sun of the 5th Astral Moon'),
(319, '31st Sun of the 5th Umbral Moon'),
(351, '31st Sun of the 6th Astral Moon'),
(383, '31st Sun of the 6th Umbral Moon'),
(32, '32nd Sun of the 1st Astral Moon'),
(64, '32nd Sun of the 1st Umbral Moon'),
(96, '32nd Sun of the 2nd Astral Moon'),
(128, '32nd Sun of the 2nd Umbral Moon'),
(160, '32nd Sun of the 3rd Astral Moon'),
(192, '32nd Sun of the 3rd Umbral Moon'),
(224, '32nd Sun of the 4th Astral Moon'),
(256, '32nd Sun of the 4th Umbral Moon'),
(288, '32nd Sun of the 5th Astral Moon'),
(320, '32nd Sun of the 5th Umbral Moon'),
(352, '32nd Sun of the 6th Astral Moon'),
(384, '32nd Sun of the 6th Umbral Moon'),
(3, '3rd Sun of the 1st Astral Moon'),
(35, '3rd Sun of the 1st Umbral Moon'),
(67, '3rd Sun of the 2nd Astral Moon'),
(99, '3rd Sun of the 2nd Umbral Moon'),
(131, '3rd Sun of the 3rd Astral Moon'),
(163, '3rd Sun of the 3rd Umbral Moon'),
(195, '3rd Sun of the 4th Astral Moon'),
(227, '3rd Sun of the 4th Umbral Moon'),
(259, '3rd Sun of the 5th Astral Moon'),
(291, '3rd Sun of the 5th Umbral Moon'),
(323, '3rd Sun of the 6th Astral Moon'),
(355, '3rd Sun of the 6th Umbral Moon'),
(4, '4th Sun of the 1st Astral Moon'),
(36, '4th Sun of the 1st Umbral Moon'),
(68, '4th Sun of the 2nd Astral Moon'),
(100, '4th Sun of the 2nd Umbral Moon'),
(132, '4th Sun of the 3rd Astral Moon'),
(164, '4th Sun of the 3rd Umbral Moon'),
(196, '4th Sun of the 4th Astral Moon'),
(228, '4th Sun of the 4th Umbral Moon'),
(260, '4th Sun of the 5th Astral Moon'),
(292, '4th Sun of the 5th Umbral Moon'),
(324, '4th Sun of the 6th Astral Moon'),
(356, '4th Sun of the 6th Umbral Moon'),
(5, '5th Sun of the 1st Astral Moon'),
(37, '5th Sun of the 1st Umbral Moon'),
(69, '5th Sun of the 2nd Astral Moon'),
(101, '5th Sun of the 2nd Umbral Moon'),
(133, '5th Sun of the 3rd Astral Moon'),
(165, '5th Sun of the 3rd Umbral Moon'),
(197, '5th Sun of the 4th Astral Moon'),
(229, '5th Sun of the 4th Umbral Moon'),
(261, '5th Sun of the 5th Astral Moon'),
(293, '5th Sun of the 5th Umbral Moon'),
(325, '5th Sun of the 6th Astral Moon'),
(357, '5th Sun of the 6th Umbral Moon'),
(6, '6th Sun of the 1st Astral Moon'),
(38, '6th Sun of the 1st Umbral Moon'),
(70, '6th Sun of the 2nd Astral Moon'),
(102, '6th Sun of the 2nd Umbral Moon'),
(134, '6th Sun of the 3rd Astral Moon'),
(166, '6th Sun of the 3rd Umbral Moon'),
(198, '6th Sun of the 4th Astral Moon'),
(230, '6th Sun of the 4th Umbral Moon'),
(262, '6th Sun of the 5th Astral Moon'),
(294, '6th Sun of the 5th Umbral Moon'),
(326, '6th Sun of the 6th Astral Moon'),
(358, '6th Sun of the 6th Umbral Moon'),
(7, '7th Sun of the 1st Astral Moon'),
(39, '7th Sun of the 1st Umbral Moon'),
(71, '7th Sun of the 2nd Astral Moon'),
(103, '7th Sun of the 2nd Umbral Moon'),
(135, '7th Sun of the 3rd Astral Moon'),
(167, '7th Sun of the 3rd Umbral Moon'),
(199, '7th Sun of the 4th Astral Moon'),
(231, '7th Sun of the 4th Umbral Moon'),
(263, '7th Sun of the 5th Astral Moon'),
(295, '7th Sun of the 5th Umbral Moon'),
(327, '7th Sun of the 6th Astral Moon'),
(359, '7th Sun of the 6th Umbral Moon'),
(8, '8th Sun of the 1st Astral Moon'),
(40, '8th Sun of the 1st Umbral Moon'),
(72, '8th Sun of the 2nd Astral Moon'),
(104, '8th Sun of the 2nd Umbral Moon'),
(136, '8th Sun of the 3rd Astral Moon'),
(168, '8th Sun of the 3rd Umbral Moon'),
(200, '8th Sun of the 4th Astral Moon'),
(232, '8th Sun of the 4th Umbral Moon'),
(264, '8th Sun of the 5th Astral Moon'),
(296, '8th Sun of the 5th Umbral Moon'),
(328, '8th Sun of the 6th Astral Moon'),
(360, '8th Sun of the 6th Umbral Moon'),
(9, '9th Sun of the 1st Astral Moon'),
(41, '9th Sun of the 1st Umbral Moon'),
(73, '9th Sun of the 2nd Astral Moon'),
(105, '9th Sun of the 2nd Umbral Moon'),
(137, '9th Sun of the 3rd Astral Moon'),
(169, '9th Sun of the 3rd Umbral Moon'),
(201, '9th Sun of the 4th Astral Moon'),
(233, '9th Sun of the 4th Umbral Moon'),
(265, '9th Sun of the 5th Astral Moon'),
(297, '9th Sun of the 5th Umbral Moon'),
(329, '9th Sun of the 6th Astral Moon'),
(361, '9th Sun of the 6th Umbral Moon');

INSERT IGNORE INTO `ffxiv__orderby` (`order_id`, `description`) VALUES
(1, 'Order by name A-Z'),
(2, 'Order by name Z-A'),
(3, 'Order by world name A-Z or descending number of members in a group'),
(4, 'Order by world name Z-A or ascending number of members in a group'),
(5, 'Order by descending level or descending group foundation date'),
(6, 'Order by ascending level or ascending group foundation date');

INSERT IGNORE INTO `ffxiv__server` (`server_id`, `server`, `data_center`) VALUES
(1, 'Adamantoise', 'Aether'),
(2, 'Aegis', 'Elemental'),
(3, 'Alexander', 'Gaia'),
(76, 'Alpha', 'Light'),
(4, 'Anima', 'Mana'),
(5, 'Asura', 'Mana'),
(6, 'Atomos', 'Elemental'),
(7, 'Bahamut', 'Gaia'),
(8, 'Balmung', 'Crystal'),
(9, 'Behemoth', 'Primal'),
(10, 'Belias', 'Meteor'),
(69, 'Bismarck', 'Materia'),
(11, 'Brynhildr', 'Crystal'),
(12, 'Cactuar', 'Aether'),
(13, 'Carbuncle', 'Elemental'),
(14, 'Cerberus', 'Chaos'),
(15, 'Chocobo', 'Mana'),
(16, 'Coeurl', 'Crystal'),
(17, 'Diabolos', 'Crystal'),
(18, 'Durandal', 'Gaia'),
(19, 'Excalibur', 'Primal'),
(20, 'Exodus', 'Primal'),
(21, 'Faerie', 'Aether'),
(22, 'Famfrit', 'Primal'),
(23, 'Fenrir', 'Gaia'),
(24, 'Garuda', 'Elemental'),
(25, 'Gilgamesh', 'Aether'),
(26, 'Goblin', 'Crystal'),
(27, 'Gungnir', 'Elemental'),
(28, 'Hades', 'Mana'),
(78, 'Halicarnassus', 'Dynamis'),
(29, 'Hyperion', 'Primal'),
(30, 'Ifrit', 'Gaia'),
(31, 'Ixion', 'Mana'),
(32, 'Jenova', 'Aether'),
(33, 'Kujata', 'Elemental'),
(34, 'Lamia', 'Primal'),
(35, 'Leviathan', 'Primal'),
(36, 'Lich', 'Light'),
(37, 'Louisoix', 'Chaos'),
(79, 'Maduin', 'Dynamis'),
(38, 'Malboro', 'Crystal'),
(39, 'Mandragora', 'Meteor'),
(80, 'Marilith', 'Dynamis'),
(40, 'Masamune', 'Mana'),
(41, 'Mateus', 'Crystal'),
(42, 'Midgardsormr', 'Aether'),
(43, 'Moogle', 'Chaos'),
(44, 'Odin', 'Light'),
(45, 'Omega', 'Chaos'),
(46, 'Pandaemonium', 'Mana'),
(75, 'Phantom', 'Chaos'),
(47, 'Phoenix', 'Light'),
(48, 'Ragnarok', 'Chaos'),
(77, 'Raiden', 'Light'),
(49, 'Ramuh', 'Meteor'),
(70, 'Ravana', 'Materia'),
(50, 'Ridill', 'Gaia'),
(74, 'Sagittarius', 'Chaos'),
(51, 'Sargatanas', 'Aether'),
(71, 'Sephirot', 'Materia'),
(81, 'Seraph', 'Dynamis'),
(52, 'Shinryu', 'Meteor'),
(53, 'Shiva', 'Light'),
(54, 'Siren', 'Aether'),
(72, 'Sophia', 'Materia'),
(67, 'Spriggan', 'Chaos'),
(55, 'Tiamat', 'Gaia'),
(56, 'Titan', 'Mana'),
(57, 'Tonberry', 'Elemental'),
(68, 'Twintania', 'Light'),
(58, 'Typhon', 'Elemental'),
(59, 'Ultima', 'Gaia'),
(60, 'Ultros', 'Primal'),
(61, 'Unicorn', 'Meteor'),
(62, 'Valefor', 'Meteor'),
(63, 'Yojimbo', 'Meteor'),
(64, 'Zalera', 'Crystal'),
(65, 'Zeromus', 'Meteor'),
(66, 'Zodiark', 'Light'),
(73, 'Zurvan', 'Materia');

INSERT IGNORE INTO `ffxiv__timeactive` (`active_id`, `active`) VALUES
(3, 'Always'),
(1, 'Weekdays'),
(2, 'Weekends');

/*New data after initial dump*/
INSERT INTO `ffxiv__estate`(`city_id`, `area`, `ward`, `plot`, `size`) SELECT `city_id`, `area`, `ward`+20 as `ward`, `plot`, `size` FROM `ffxiv__estate` WHERE `ward` IN (5, 6, 7, 8, 9, 10);
INSERT INTO `ffxiv__linkshell_rank` (`ls_rank_id`, `rank`, `icon`) VALUES ('4', 'Invitee', NULL);
INSERT IGNORE INTO `ffxiv__server` (`server_id`, `server`, `data_center`) VALUES
(82, 'Innocence', 'Shadow'),
(83, 'Pixie', 'Shadow'),
(84, 'Titania', 'Shadow'),
(85, 'Tycoon', 'Shadow'),
(86, 'Cuchulainn', 'Dynamis'),
(87, 'Golem', 'Dynamis'),
(88, 'Kraken', 'Dynamis'),
(89, 'Rafflesia', 'Dynamis');

INSERT INTO `ffxiv__jobs`(`name`) VALUES ('Alchemist'), ('Armorer'), ('Astrologian'), ('Bard'), ('Black Mage'), ('Blacksmith'), ('Blue Mage'), ('Botanist'), ('Carpenter'), ('Culinarian'), ('Dancer'), ('Dark Knight'), ('Dragoon'), ('Fisher'), ('Goldsmith'), ('Gunbreaker'), ('Leatherworker'), ('Machinist'), ('Miner'), ('Monk'), ('Ninja'), ('Paladin'), ('Pictomancer'), ('Reaper'), ('Red Mage'), ('Sage'), ('Samurai'), ('Scholar'), ('Summoner'), ('Viper'), ('Warrior'), ('Weaver'), ('White Mage');

UPDATE `ffxiv__achievement` SET `earned_by`=(SELECT COUNT(*) FROM `ffxiv__character_achievement` WHERE `ffxiv__character_achievement`.`achievement_id`=`ffxiv__achievement`.`achievement_id`);